date,nd_total_mwh,is_holiday,min_temp °c,max_temp °c,rain mm,humidity %,cloud_cover %,wind_speed km/h,pmi,rsi_mom_change,rsi_volume,StringencyIndex_Average
2009-01-01,894660.5,1,-3.191594513299316,1.3901566636481275,0.0,86.1806815175424,34.50243062359835,7.647022000870893,34.9,0.8,87.1,0.0
2009-01-02,960360.5,0,-1.165751106012187,3.982249712263489,0.0575347625783453,88.74830975545409,42.802862901451135,12.022056946012246,34.9,0.8,87.1,0.0
2009-01-03,948845.5,0,-2.924494613960993,2.265193391391238,0.0,82.75106587291303,15.20329670988267,9.317808342158235,34.9,0.8,87.1,0.0
2009-01-04,955703.5,0,-2.504721666405628,1.1028311188911777,0.2593933077810689,83.71474468594123,58.94931502298081,12.398495198285556,34.9,0.8,87.1,0.0
2009-01-05,1090823.0,0,-2.1942771906393,2.385938428566476,1.1400701459938545,85.84560087079481,38.27447235602664,16.322209493694384,34.9,0.8,87.1,0.0
2009-01-06,1133393.0,0,-4.013486980491452,0.9274823313431302,0.2323643796582764,79.15907575418193,17.692968653378376,11.524674635224358,34.9,0.8,87.1,0.0
2009-01-07,1139571.5,0,-2.520569579987062,2.528205554390376,0.1302956027025718,92.19297976390484,76.73877610927619,10.413660805676985,34.9,0.8,87.1,0.0
2009-01-08,1108038.0,0,-1.0062859609170096,4.319051553211646,0.0,93.18041594061502,36.50293898781168,8.378728772593863,34.9,0.8,87.1,0.0
2009-01-09,1103143.0,0,-2.3288061190694376,2.0955804477108813,0.0,85.76317401094492,10.428447041606416,9.103001295890008,34.9,0.8,87.1,0.0
2009-01-10,1008678.0,0,-3.3775739078982534,3.1989536926779816,0.440861541264526,83.07959558113923,27.958829152742908,17.913276608896435,34.9,0.8,87.1,0.0
2009-01-11,939733.0,0,2.952745563227164,8.511510720566971,2.2606452766339755,81.86780093206714,58.03658181564259,33.5045951477826,34.9,0.8,87.1,0.0
2009-01-12,1046679.0,0,6.541742954850508,9.744644787709342,6.104109399560718,89.62795141992221,81.03003284413003,29.17386782966884,34.9,0.8,87.1,0.0
2009-01-13,1050610.5,0,1.9078334651639048,7.633755878590313,1.1925726606917133,93.73319184802692,66.20305493683566,14.710316472666324,34.9,0.8,87.1,0.0
2009-01-14,1075519.5,0,-0.2550463919033982,4.953700607486091,1.0359362018510043,92.25730603940558,48.70878658544232,13.722088113881943,34.9,0.8,87.1,0.0
2009-01-15,1052390.5,0,4.416613009329277,6.406799356370121,1.2458923784308629,88.643656663894,87.92570538473586,27.08029016576721,34.9,0.8,87.1,0.0
2009-01-16,1019536.5,0,5.092160188159148,7.964543636124019,1.0944661479623388,90.82238488019318,91.20220222313796,23.6892416172845,34.9,0.8,87.1,0.0
2009-01-17,901987.0,0,5.638984218811046,8.15951874608596,7.21426229853834,86.94757125428039,72.92342199482233,31.51865105484537,34.9,0.8,87.1,0.0
2009-01-18,893316.5,0,2.794976917151309,6.453265283843063,2.2126886177066694,85.14870085827972,43.48955525991686,25.44809142054673,34.9,0.8,87.1,0.0
2009-01-19,1048520.0,0,1.377816756653223,5.199204470937321,7.92842429806675,92.22416862527474,70.04964114075202,24.046612838445384,34.9,0.8,87.1,0.0
2009-01-20,1062207.0,0,1.068597650555471,5.034583749581088,1.249223202086308,87.00608520307767,44.34268411940334,20.985386415197706,34.9,0.8,87.1,0.0
2009-01-21,1070066.5,0,0.5183445088120766,5.259981325095173,1.9785522074264912,89.13780223090765,51.98018986983073,20.77606962867053,34.9,0.8,87.1,0.0
2009-01-22,1047024.5,0,3.2438949577941374,8.627944074373588,7.435752507813327,89.40437624736022,76.977148382418,26.831906770419828,34.9,0.8,87.1,0.0
2009-01-23,1036075.0,0,1.546373370486852,4.826926181108896,6.854230293767852,92.7900406162737,60.32281696134508,20.50047527851001,34.9,0.8,87.1,0.0
2009-01-24,946736.0,0,0.5461059033869188,5.354042212378436,0.3233689347589886,89.84108094573293,33.84606998703495,15.700993204230349,34.9,0.8,87.1,0.0
2009-01-25,907956.0,0,3.443830940876878,6.524614303375215,6.4042832324298775,92.92754595178518,72.47902927314844,25.774099776892022,34.9,0.8,87.1,0.0
2009-01-26,1042551.5,0,2.4510349416990875,6.781239911396087,0.2809481286861439,93.48423199615252,63.76937402279616,8.578380154085638,34.9,0.8,87.1,0.0
2009-01-27,1058674.5,0,1.6390655269653551,6.46662539226459,1.5047319855183892,93.76685512967627,57.15432934649328,13.90691819136488,34.9,0.8,87.1,0.0
2009-01-28,1059133.0,0,3.3290175571520564,7.323249995266885,5.762486100316467,95.26061385674129,77.22899097794516,11.226357153113687,34.9,0.8,87.1,0.0
2009-01-29,1048705.0,0,1.4492635887731986,5.292895606661177,0.0,90.33552763413832,54.11491013597195,18.54004487300376,34.9,0.8,87.1,0.0
2009-01-30,1038115.0,0,1.799162527547344,5.709472718079196,0.687350344435541,83.91215069611214,60.150047982721794,25.9088390062278,34.9,0.8,87.1,0.0
2009-01-31,930716.5,0,0.5980056159331649,5.629310991842077,0.0,74.36424667003845,42.751557271675146,26.191000230754724,34.9,0.8,87.1,0.0
2009-02-01,945340.5,0,-1.0753913763627991,2.4484856828803108,0.3124225597841601,78.79118644502248,60.49355649396903,25.425442020693424,35.8,-2.0,85.4,0.0
2009-02-02,1086613.5,0,-0.99949051397695,1.2825684721922732,5.037743189908065,86.74654295123614,94.98107268798395,22.26112140649,35.8,-2.0,85.4,0.0
2009-02-03,1096825.0,0,-2.1131533665725044,2.733310759857972,1.6174914109329794,89.6578385209913,60.260812278757605,18.98176796413848,35.8,-2.0,85.4,0.0
2009-02-04,1102287.0,0,-1.573335068399044,2.9623306128781546,0.2842075268699554,90.76555647356132,55.8985758917496,12.61361781116666,35.8,-2.0,85.4,0.0
2009-02-05,1104667.0,0,-1.4559539390458385,2.717375283648821,3.6918546870992985,94.53955754656464,83.67609494468894,13.390127250719129,35.8,-2.0,85.4,0.0
2009-02-06,1087586.5,0,-1.4060904801935734,2.2428329727970056,3.84724273768044,92.70262310155988,62.46222625383905,16.363116623462137,35.8,-2.0,85.4,0.0
2009-02-07,978165.0,0,-2.604710688037562,2.8422214266764265,0.1095703816046317,90.90299895699356,47.13646288229739,16.373419646705543,35.8,-2.0,85.4,0.0
2009-02-08,967026.0,0,-3.482280339205756,2.8965898736172235,2.199385056179002,89.70103246757078,56.48718151053493,12.26210302073547,35.8,-2.0,85.4,0.0
2009-02-09,1092896.0,0,-0.4616558673783632,4.058289387077588,9.750211584071556,96.56297646178876,81.94097493625047,15.687523143088336,35.8,-2.0,85.4,0.0
2009-02-10,1088343.0,0,-0.913419847094568,4.476531510006297,5.038868531030426,91.58282773010376,70.3601384491463,22.283558845773968,35.8,-2.0,85.4,0.0
2009-02-11,1091808.5,0,-1.8517380613013383,4.77768461976121,1.4652512598691594,92.4122249814302,53.76779572871408,14.05157859835376,35.8,-2.0,85.4,0.0
2009-02-12,1101168.5,0,-2.1942771906393,4.763915957457533,2.457876341346354,88.34956425529414,64.6084441015429,13.522510111040107,35.8,-2.0,85.4,0.0
2009-02-13,1055238.5,0,0.1831876251048354,5.672019302380646,1.0447820265305234,91.67650557315072,70.26012637662957,11.227973665562764,35.8,-2.0,85.4,0.0
2009-02-14,953083.0,0,-0.5600383038089405,5.057953627889628,0.0,88.62060969774696,54.62486862532391,7.821494562818763,35.8,-2.0,85.4,0.0
2009-02-15,899793.5,0,1.8938851749986287,7.491426991762413,0.484935026624694,93.33253479945976,75.65605745595929,15.624538828631486,35.8,-2.0,85.4,0.0
2009-02-16,997820.0,0,4.9045498819917634,9.483711245930444,0.0122054112290141,90.15419980052071,70.98441443622207,17.70879273234493,35.8,-2.0,85.4,0.0
2009-02-17,1003660.0,0,6.54738756331617,9.412391946672424,0.0401364111407446,92.79667859493608,85.88929093388415,15.727595108565364,35.8,-2.0,85.4,0.0
2009-02-18,1004628.5,0,5.3652657650226,8.564011784595813,0.4824251771352926,92.88115560047986,83.6465542830511,7.356995322698864,35.8,-2.0,85.4,0.0
2009-02-19,995349.5,0,3.605816316043244,9.028257572553736,0.1962036667995217,88.95239336107471,62.308984617130335,9.92853231451291,35.8,-2.0,85.4,0.0
2009-02-20,976788.5,0,3.0773551119732074,8.15951874608596,0.1176908149170082,87.13283293653028,55.3463286486969,9.57047466873727,35.8,-2.0,85.4,0.0
2009-02-21,860043.5,0,4.512740608208967,9.995301676457045,0.0,86.5545213511433,51.967625739195775,15.50275136897668,35.8,-2.0,85.4,0.0
2009-02-22,841318.0,0,5.198172974577148,9.002272141081741,0.022422079711066,86.37956590389342,75.90802005439271,19.90501408070981,35.8,-2.0,85.4,0.0
2009-02-23,971287.0,0,5.832568284711743,9.069855076321172,0.1793952228485779,91.11904996731076,88.34327220894355,14.639758313624316,35.8,-2.0,85.4,0.0
2009-02-24,984559.0,0,5.873048327685969,10.254682403065187,0.0819377108541268,90.61010877497394,77.89372696909264,6.987444582599496,35.8,-2.0,85.4,0.0
2009-02-25,977636.0,0,6.397502504248124,9.049104024401728,0.0859239741249822,86.16447983434836,75.6844262567158,17.143778464769273,35.8,-2.0,85.4,0.0
2009-02-26,975187.0,0,5.364083838588239,8.818310206022046,0.6662001480051212,85.33475473797107,66.40593333462829,20.69189019468224,35.8,-2.0,85.4,0.0
2009-02-27,938681.0,0,6.459846326819993,11.19544600880384,0.0452967789123867,88.75226556389595,71.74321701590499,18.55596874693424,35.8,-2.0,85.4,0.0
2009-02-28,858889.5,0,4.183398955616658,9.523335117574264,0.020523553517024,87.04194418907478,50.66242421791114,11.964748435551815,35.8,-2.0,85.4,0.0
2009-03-01,839974.5,0,2.828982811785038,9.085211898485625,0.6921488686379865,88.65205454687616,55.81628994964211,12.590026736567603,34.7,0.5,85.8,0.0
2009-03-02,962767.5,0,2.253821621557827,9.33838947832221,0.4862674876305878,85.91284526537285,52.79560837308945,17.054022376323704,34.7,0.5,85.8,0.0
2009-03-03,985404.5,0,4.06438393344724,7.759968447334199,9.493712371735656,91.92948877255944,91.49058363672395,25.72281197313361,34.7,0.5,85.8,0.0
2009-03-04,1003933.5,0,-0.3085703466287559,5.464327111479488,4.144609051154277,86.1792349208488,52.47677637187187,11.519410366357857,34.7,0.5,85.8,0.0
2009-03-05,1014542.0,0,-1.1253298274269383,6.790658210946454,0.2379962778660609,82.69771770423515,32.18534956758999,10.613778629506264,34.7,0.5,85.8,0.0
2009-03-06,983959.5,0,-0.6090419339237474,8.477097947082052,0.0380450750524515,83.68634150863186,31.66655911636062,11.840129912327958,34.7,0.5,85.8,0.0
2009-03-07,854459.0,0,3.625739180406428,10.330280253886748,1.305613853975165,89.92749098310856,73.49821129744149,20.26885384116256,34.7,0.5,85.8,0.0
2009-03-08,832680.0,0,2.301546680561945,9.339125769684411,3.593899140761365,82.02829090413316,56.08310085235411,29.470017698776694,34.7,0.5,85.8,0.0
2009-03-09,964946.0,0,3.088620079373724,8.326255538666599,0.7954830469655324,78.04475542888292,68.2682888947107,27.68239037183597,34.7,0.5,85.8,0.0
2009-03-10,987445.5,0,3.1196891683462056,9.113278809487571,4.0096929431591,91.18969860875924,65.06899604668105,16.040467364987588,34.7,0.5,85.8,0.0
2009-03-11,981784.0,0,0.9981172805660264,11.29929045995797,0.4242252566885061,88.74613968369023,61.594577150266446,11.86067911533286,34.7,0.5,85.8,0.0
2009-03-12,954868.0,0,6.988499882840036,11.12937628731508,0.4958628763717735,86.5476630213895,80.68505794316279,20.71380259627955,34.7,0.5,85.8,0.0
2009-03-13,943613.5,0,4.836624687214861,10.452382204446472,0.0,86.98189488231017,72.71898314433247,13.123260165317255,34.7,0.5,85.8,0.0
2009-03-14,821391.5,0,6.24155292642969,10.651880113147266,0.2588162196598108,81.52722174262722,59.12722814462629,22.66979052769684,34.7,0.5,85.8,0.0
2009-03-15,808208.5,0,4.1040891132453705,12.706388986078249,0.0,84.82820801007797,34.52116266388565,11.310683083158494,34.7,0.5,85.8,0.0
2009-03-16,923730.5,0,3.563932597122905,13.027671188779,0.2452945967619592,82.21034671542718,30.063372660396663,9.713429387087425,34.7,0.5,85.8,0.0
2009-03-17,932552.5,0,3.582839839501914,11.9117977102296,0.0,84.84597106800466,36.43136426938285,11.713714526532367,34.7,0.5,85.8,0.0
2009-03-18,932887.0,0,2.78967151013907,12.745476371429294,0.0,81.21427286506393,18.4515119874436,8.065962473405426,34.7,0.5,85.8,0.0
2009-03-19,931198.5,0,2.4643532511828483,12.413969503126191,0.0,81.18953333391524,12.241022387265192,11.472652814457712,34.7,0.5,85.8,0.0
2009-03-20,906919.5,0,1.427191506013269,11.52527790761402,0.0,79.11047411613073,25.27625266806308,9.903886154814906,34.7,0.5,85.8,0.0
2009-03-21,814042.5,0,1.2123229292498885,13.154635385407106,0.0040684704096713,79.18805349784576,20.17473440463192,12.323922666187045,34.7,0.5,85.8,0.0
2009-03-22,775307.5,0,4.541689107983622,11.95005907480756,0.0831814228800992,83.28281882016843,47.92777309520397,17.928926223399586,34.7,0.5,85.8,0.0
2009-03-23,908734.5,0,4.454575050484511,9.293778686057768,1.7834592229233242,80.2748552004886,68.06529396701178,29.50106362929358,34.7,0.5,85.8,0.0
2009-03-24,939909.5,0,2.724194519101992,9.095204702921428,2.05428954222541,71.75059011801807,51.67923694932666,22.60456434565361,34.7,0.5,85.8,0.0
2009-03-25,929747.5,0,5.714940249647844,8.931470810572378,1.962818593962414,82.67987988460543,79.76574837986088,26.976581007939583,34.7,0.5,85.8,0.0
2009-03-26,929683.5,0,4.530853255854495,9.370605886667343,2.95143082066805,82.95386840256016,75.38713495389455,25.19633214628448,34.7,0.5,85.8,0.0
2009-03-27,911677.0,0,3.666021262382013,8.378005312890867,1.8803762024263544,74.60225888835971,67.73922566299876,26.0198464276292,34.7,0.5,85.8,0.0
2009-03-28,841788.5,0,0.7231654815028636,7.132297525945461,2.358894737120333,82.2274268524736,72.42642291267784,21.28266548568276,34.7,0.5,85.8,0.0
2009-03-29,788766.0,0,-1.1334506541410825,8.290288090572888,0.0662936408571339,74.1436881975044,33.882696521394045,9.662867409589513,34.7,0.5,85.8,0.0
2009-03-30,927429.5,0,1.6326984269338587,10.872770764298494,0.0420516092713978,83.17757000154164,60.1464395972156,11.975331696085332,34.7,0.5,85.8,0.0
2009-03-31,925297.0,0,5.943663576085992,13.29734963692705,0.0,82.85996146445284,54.228901094861705,6.729090250422353,34.7,0.5,85.8,0.0
2009-04-01,909924.0,0,5.319434797222288,14.59639406710795,0.0,78.56866932343993,19.27145098435269,10.32621180345451,39.5,0.5,86.2,0.0
2009-04-02,905266.5,0,4.26941162647289,13.66175890790686,0.0,82.40973852858887,17.053586130645286,11.40633896873169,39.5,0.5,86.2,0.0
2009-04-03,890567.5,0,3.6203240665498098,13.786531103696037,0.0,81.32689893496307,10.543882338203073,7.738383030221369,39.5,0.5,86.2,0.0
2009-04-04,777716.0,0,4.474966339561293,13.070225411836327,1.097298981839345,81.54979627320671,43.38531351907962,15.194986435630003,39.5,0.5,86.2,0.0
2009-04-05,758488.5,0,2.7461727232917696,13.018615710155348,0.0,74.99478052668628,30.014882496424345,9.769910816434065,39.5,0.5,86.2,0.0
2009-04-06,878413.5,0,5.622554623835377,13.00344079020646,1.2086833359191305,78.43597956363875,63.410320809306114,14.6388722376127,39.5,0.5,86.2,0.0
2009-04-07,868195.0,0,5.788204029343838,12.49547280622578,0.9036702218097514,77.78115914109576,54.29306758162903,20.419065623471727,39.5,0.5,86.2,0.0
2009-04-08,857162.0,0,5.868592238207721,12.829681975855458,2.931335120770654,77.22711007184746,46.962490263306265,22.91232477639412,39.5,0.5,86.2,0.0
2009-04-09,859443.0,0,5.72116401927767,13.216748852803564,1.4576972528754597,89.28870786021649,80.86284277895075,20.22326217228096,39.5,0.5,86.2,0.0
2009-04-10,774407.0,1,8.152259592180059,12.076572642005129,4.465727626380932,90.57762609817487,78.14074309352463,13.317512645408057,39.5,0.5,86.2,0.0
2009-04-11,743862.0,0,5.523539855533036,13.326855291954516,0.5597692354408768,83.24229333621665,48.395087877963824,5.834161684806996,39.5,0.5,86.2,0.0
2009-04-12,713738.0,0,5.339968663705171,14.464266241776366,0.2692410376315836,82.38151696151719,54.54171097558967,5.642267310230978,39.5,0.5,86.2,0.0
2009-04-13,729537.5,1,5.342569433567842,14.20348603448314,0.6301002249397541,81.60427261365561,47.60739794481999,9.24884266117609,39.5,0.5,86.2,0.0
2009-04-14,835281.0,0,6.2380248963079,14.199539016112016,0.7214590736765288,84.38915811468596,59.445562031590654,11.131602956684745,39.5,0.5,86.2,0.0
2009-04-15,844404.0,0,7.0618278208320495,15.676313620749388,2.327176996249652,83.80830905716594,51.369799858695,21.224414762622605,39.5,0.5,86.2,0.0
2009-04-16,858702.0,0,7.546099848687845,13.821795484436166,3.294257632731912,88.2001166866523,72.23326070870345,15.44421396974593,39.5,0.5,86.2,0.0
2009-04-17,852658.0,0,6.100302897846593,12.959334059323512,4.2056479277930725,86.2808178650627,63.59887043902899,15.488758513767465,39.5,0.5,86.2,0.0
2009-04-18,753442.0,0,3.94965419369972,13.43526905853302,0.0,77.71080396814527,20.85535313156412,14.473303310426695,39.5,0.5,86.2,0.0
2009-04-19,731190.5,0,2.9161084715628305,14.97124939975496,0.0,78.50436062808068,14.760667411630283,9.76214222260688,39.5,0.5,86.2,0.0
2009-04-20,848625.0,0,4.660245417545571,17.15496880877207,0.0,77.343238570019,9.017994442708286,5.935539368575411,39.5,0.5,86.2,0.0
2009-04-21,856032.5,0,5.247502313694143,16.66991156020928,0.2909537786116802,77.60986465073668,15.8068894146403,9.211805436886186,39.5,0.5,86.2,0.0
2009-04-22,846753.0,0,4.800264882327385,16.0185967776953,0.0,76.26215360974398,13.992068897434995,8.871785231402608,39.5,0.5,86.2,0.0
2009-04-23,846615.0,0,6.648022086558716,16.36283867589325,0.5822699601606948,77.23442440957156,31.723010933003923,12.378635170634327,39.5,0.5,86.2,0.0
2009-04-24,818690.0,0,8.709827056280302,16.089754413414607,0.2915958779116955,67.41146115194431,34.3912248570169,18.62112210354876,39.5,0.5,86.2,0.0
2009-04-25,729570.0,0,6.768810705273477,14.40274407567673,1.183026101408157,73.09140596320857,23.55309127425045,16.629816236502325,39.5,0.5,86.2,0.0
2009-04-26,715900.5,0,4.61006399478841,13.783549118300582,0.4402939070794861,77.12770460641505,35.22081877849243,11.83257924156565,39.5,0.5,86.2,0.0
2009-04-27,859891.0,0,4.36017099699564,9.66968351012235,9.51202255470682,91.93078948788678,74.40005623493855,12.334948472974158,39.5,0.5,86.2,0.0
2009-04-28,877014.5,0,2.626180773890121,11.49135974464783,4.654823668107583,88.24020441893452,62.58284411159923,7.454675951890898,39.5,0.5,86.2,0.0
2009-04-29,854475.5,0,3.522926256346984,14.652458459846834,0.3379232603466509,77.36784270027039,32.199093258101804,12.109866756050826,39.5,0.5,86.2,0.0
2009-04-30,859742.0,0,7.265918080474758,14.072386555224142,3.40977071223423,88.68536478117396,69.75668466438772,14.384027955867206,39.5,0.5,86.2,0.0
2009-05-01,828370.5,0,7.438100828995874,16.46959236385041,1.239909757937434,82.75108017982886,44.753856735739,14.229286198310389,43.1,0.1,86.3,0.0
2009-05-02,725598.5,0,7.216517345083917,14.448312032881503,0.2257437721426799,78.65975013086755,56.39496252725229,9.72569843566246,43.1,0.1,86.3,0.0
2009-05-03,684164.5,0,5.797171545791105,12.635225756677563,1.3992459287219925,71.327026406356,42.29115017829706,16.9978312498202,43.1,0.1,86.3,0.0
2009-05-04,733505.0,1,4.776707508121903,11.154290405865227,1.7234312720351093,85.89109063939836,77.66556078254004,17.501569457909575,43.1,0.1,86.3,0.0
2009-05-05,837481.0,0,9.981143746178164,15.433681190650118,1.802551344155488,81.852748919436,77.93244423407012,22.304027063336942,43.1,0.1,86.3,0.0
2009-05-06,840848.0,0,9.878768358646688,14.79038064755898,1.2510238480765974,81.63933178005202,83.19638427201863,23.181402764360456,43.1,0.1,86.3,0.0
2009-05-07,834629.0,0,8.617670786771571,14.613999195739265,0.8062599134171886,75.0053863463524,49.99854567357636,23.504922915997167,43.1,0.1,86.3,0.0
2009-05-08,815031.0,0,6.952032138342682,13.1385472047698,2.0985630816045577,74.10175811557112,48.45854402866522,24.97327916846669,43.1,0.1,86.3,0.0
2009-05-09,731686.0,0,5.616652644557323,13.370674947118196,1.1636578659208097,76.00063296192928,49.40786407673892,15.55092197084942,43.1,0.1,86.3,0.0
2009-05-10,717224.0,0,4.7838641316922255,15.612551185258056,0.1798134043169451,76.19969699150916,48.39042374656665,9.703095183680514,43.1,0.1,86.3,0.0
2009-05-11,812539.0,0,5.9187878756771735,14.14751945433208,0.0,66.25119223786349,10.324615191602645,21.95882125397305,43.1,0.1,86.3,0.0
2009-05-12,829898.5,0,5.13781543138102,14.234910122448758,0.0142851388917232,67.70753435380932,16.741627780336255,22.929692065996097,43.1,0.1,86.3,0.0
2009-05-13,846475.0,0,7.545320144825943,13.421557239711252,2.064076414666608,82.9668892634265,62.30698106495825,17.66069881308228,43.1,0.1,86.3,0.0
2009-05-14,862323.0,0,8.555700757347577,14.936532615834077,3.1870442824708287,86.06143303601175,75.69447098711142,11.754134959918506,43.1,0.1,86.3,0.0
2009-05-15,851615.0,0,8.23800468836556,13.9623740100106,12.90979239696992,90.31797427779426,84.44418876744521,14.227561300600994,43.1,0.1,86.3,0.0
2009-05-16,737470.5,0,6.488140212200913,13.423458230813242,1.5616727544565658,81.66915767333835,62.56162844604581,20.12075845279019,43.1,0.1,86.3,0.0
2009-05-17,728999.5,0,6.294235277983836,12.794582424308883,5.14207429441549,84.81556169535509,69.38852467637173,18.82708951967857,43.1,0.1,86.3,0.0
2009-05-18,828822.0,0,9.204761347735444,13.876794219403608,4.2978022979088975,81.38943968892738,71.11637451258136,22.441006254719284,43.1,0.1,86.3,0.0
2009-05-19,846729.5,0,8.716009979742267,14.106946285783271,4.375970373097318,83.62061573707878,58.186061286709,17.819672743822423,43.1,0.1,86.3,0.0
2009-05-20,845525.0,0,7.361149399484496,15.542207015263251,3.7070753077323855,82.06624755138134,52.20896353940128,14.02972150351271,43.1,0.1,86.3,0.0
2009-05-21,842757.5,0,7.849437475427757,15.484570659751975,2.374031767561516,79.40149608540654,49.41094714794783,12.890594753397332,43.1,0.1,86.3,0.0
2009-05-22,818201.5,0,7.042327095005789,14.318865010084608,0.3403202327266505,81.84272478116412,61.29278714456458,12.6920690234465,43.1,0.1,86.3,0.0
2009-05-23,713173.5,0,8.36628313887402,17.53935697313238,0.269542845939688,79.79089577336518,39.72368827557007,10.900360890799291,43.1,0.1,86.3,0.0
2009-05-24,672990.0,0,7.004140323091036,19.387210345655088,0.0,75.32429804216234,17.191496086021232,7.403804370275644,43.1,0.1,86.3,0.0
2009-05-25,703554.0,1,9.140368562748442,20.32403364851372,3.5348980238076915,78.40514245877088,43.45855498551913,8.145057619835711,43.1,0.1,86.3,0.0
2009-05-26,772534.0,0,8.548578264454012,14.654073881220697,4.807882781763566,74.45306014633562,51.38804478768476,19.34216333844674,43.1,0.1,86.3,0.0
2009-05-27,804456.5,0,7.878158340031408,14.94512318884588,3.153438337592317,87.68525742551982,77.18632506566736,20.72186167735695,43.1,0.1,86.3,0.0
2009-05-28,807365.5,0,11.974087854974403,19.820892243199005,0.1268496306572096,84.69426394406418,53.34831615745316,10.85298887914673,43.1,0.1,86.3,0.0
2009-05-29,788725.5,0,10.05934078403497,21.80692648046305,0.0142851388917232,77.01779572871408,16.815545744142803,11.092619868903778,43.1,0.1,86.3,0.0
2009-05-30,687916.0,0,10.009571219120112,20.06311223150022,0.0,67.0701189782176,5.814117511320751,13.567027516486608,43.1,0.1,86.3,0.0
2009-05-31,667925.0,0,8.943341447654575,21.34587774265574,0.0,74.73989864126406,10.885372237366823,13.254139093710512,43.1,0.1,86.3,0.0
2009-06-01,799521.5,0,10.575558264768732,22.33282330433389,0.0,68.49181802697211,7.060980270532561,11.153813790403898,45.4,0.7,86.9,0.0
2009-06-02,819195.0,0,9.850240691192152,23.110898313880025,0.0,68.34959707975409,16.040484683885698,8.207099214573372,45.4,0.7,86.9,0.0
2009-06-03,815876.0,0,9.305333449181958,17.024257798390938,0.0454850938841023,71.69849213712806,38.65443029400144,10.873453393200888,45.4,0.7,86.9,0.0
2009-06-04,809007.0,0,6.065377549520062,15.77139214312743,0.057683391610068,74.66559827864597,50.10857676706853,6.93730881596149,45.4,0.7,86.9,0.0
2009-06-05,804766.5,0,7.537908132819321,13.49467403159852,4.659810713202981,84.20381550846318,72.23265611472972,8.861293774859611,45.4,0.7,86.9,0.0
2009-06-06,711217.5,0,7.640389323912017,12.04465670962696,9.862195791326425,83.81986896832107,74.46732956606064,17.060861020621875,45.4,0.7,86.9,0.0
2009-06-07,694577.0,0,7.388145858130963,13.024164949426972,7.999472964569991,84.4246184125796,73.65392202199165,14.021756500779796,45.4,0.7,86.9,0.0
2009-06-08,809397.0,0,6.496993027445429,14.714150756843532,0.4544729903869819,79.21692053579353,57.310241120860645,11.65529562421673,45.4,0.7,86.9,0.0
2009-06-09,827126.5,0,7.651520381039116,15.027228888401508,3.1688484211311825,85.25505737949182,74.18094866192995,11.596353635856014,45.4,0.7,86.9,0.0
2009-06-10,834620.5,0,8.254040236149246,15.079312777517286,6.388134598542102,88.86879268870192,65.9615287647996,7.196904376815949,45.4,0.7,86.9,0.0
2009-06-11,816590.0,0,7.958741651584217,15.79184255004009,1.091705775310056,77.3850112605109,47.20128960787433,13.246049431792615,45.4,0.7,86.9,0.0
2009-06-12,799236.0,0,5.796417505247611,17.940323810223973,0.1020471675195699,75.48496944005898,26.92765209342604,7.16231345072606,45.4,0.7,86.9,0.0
2009-06-13,706660.0,0,11.164260820208264,19.3813422819122,0.7858179907668605,82.59811601430408,49.73213514936605,8.687095795051448,45.4,0.7,86.9,0.0
2009-06-14,680468.0,0,10.743686470224771,20.06389046010549,0.4668829966592814,77.38104340413992,30.694455112735422,6.707152585055306,45.4,0.7,86.9,0.0
2009-06-15,808111.5,0,10.267832610129751,19.118923172077128,7.016063356371105,85.93908339601126,55.35308371048679,6.886728474592024,45.4,0.7,86.9,0.0
2009-06-16,817107.0,0,9.323129362303112,19.49665500927076,0.7014932578313385,79.14678010488583,40.8075112353086,8.145644479995397,45.4,0.7,86.9,0.0
2009-06-17,813621.5,0,10.950754566103669,16.479386239150408,4.3820903983783,86.72985762974452,58.88257701024,18.54646910849504,45.4,0.7,86.9,0.0
2009-06-18,800441.5,0,9.853789098296104,15.78133724759896,0.8849707017107321,76.82947513258254,50.88717807441637,17.526032731887597,45.4,0.7,86.9,0.0
2009-06-19,776479.5,0,9.6347158864731,16.089515206699435,0.5966220326749673,73.63143171934522,59.40330367432333,19.45501435424698,45.4,0.7,86.9,0.0
2009-06-20,696523.0,0,9.551941373178703,15.769276071903024,1.419936902352026,84.21688712737783,67.79694315762453,12.848766233662454,45.4,0.7,86.9,0.0
2009-06-21,677936.5,0,9.586438712676316,17.33513690627375,0.2056385122749957,79.32666472260627,64.92778156256232,9.129924836904234,45.4,0.7,86.9,0.0
2009-06-22,809788.5,0,11.011872173807852,19.44134806860632,0.2183453663049911,84.01285412613296,67.60868336972709,6.931032582517865,45.4,0.7,86.9,0.0
2009-06-23,827546.5,0,12.535871279802334,22.09380038155054,1.2626278509641662,77.51735198381446,41.00638478774376,8.490608116763612,45.4,0.7,86.9,0.0
2009-06-24,812624.0,0,11.169145133657022,20.749521386795323,0.0,72.2102124363396,8.761971661426637,14.245629813485763,45.4,0.7,86.9,0.0
2009-06-25,813245.5,0,11.097130727284306,22.252438030616,0.1479476829127663,75.47941812620772,33.99685652010566,14.717251869211616,45.4,0.7,86.9,0.0
2009-06-26,806529.0,0,12.367066638448286,21.23193622023024,6.2770190085587005,86.35111992877461,60.758647846776896,10.022114788365831,45.4,0.7,86.9,0.0
2009-06-27,716917.5,0,13.2204880290301,21.33779381272453,1.6944843766020368,89.47185496186584,62.73457918857935,6.257173066534811,45.4,0.7,86.9,0.0
2009-06-28,689826.5,0,13.304264287676023,21.82111828017533,0.550448931348687,85.37537606750185,49.87082914217024,6.4032179403991405,45.4,0.7,86.9,0.0
2009-06-29,818053.5,0,13.887357364198325,25.214906118971086,0.1668104109597798,78.48250089007149,36.31283517523221,8.83591538075513,45.4,0.7,86.9,0.0
2009-06-30,842109.5,0,14.839394727408228,25.19199390829657,1.2117452249016434,78.4769162907426,36.71651808271223,8.114530610837383,45.4,0.7,86.9,0.0
2009-07-01,850618.0,0,15.517527754494676,25.6792785792246,2.096538895817131,76.42306621209912,34.662444195344634,7.772779268538259,47.0,0.4,87.3,0.0
2009-07-02,849462.0,0,15.07846272235498,26.25920976587923,0.6362643388797244,74.9019457159654,17.32272077768645,10.235261310362276,47.0,0.4,87.3,0.0
2009-07-03,826584.0,0,14.784916512154023,21.547222933896947,8.342078382105726,85.6278152045603,50.80673082455289,10.647471539226212,47.0,0.4,87.3,0.0
2009-07-04,708507.5,0,12.895883348630925,21.174673596397817,0.7297462063775835,81.4675468898025,43.82867881671633,10.908646270096376,47.0,0.4,87.3,0.0
2009-07-05,682714.0,0,14.045569186585295,20.63493367123267,0.714897940517161,82.39708121091032,51.011494892292745,11.271867821186111,47.0,0.4,87.3,0.0
2009-07-06,797836.5,0,12.616780561600692,17.869474457037946,6.795931291397852,86.00590237882672,65.48786048203027,15.123473770183049,47.0,0.4,87.3,0.0
2009-07-07,810761.5,0,11.63787272051337,17.306928032555962,7.7772895460364895,90.9150994421317,77.72753906418079,13.742985830897725,47.0,0.4,87.3,0.0
2009-07-08,807621.5,0,11.271490601140028,16.701503366412684,0.5680359773292396,81.77137067507006,56.69486617148039,12.589745070122635,47.0,0.4,87.3,0.0
2009-07-09,799312.5,0,10.225237894351464,16.19868405879488,1.4785903412735744,75.30513316772758,52.90224419418902,13.902061077960182,47.0,0.4,87.3,0.0
2009-07-10,785041.5,0,10.40517511419101,17.905270929035485,0.186645420717373,73.6033045533304,36.236751119781246,12.021098935872809,47.0,0.4,87.3,0.0
2009-07-11,700381.0,0,10.92582232955807,18.627291703599308,4.143823907283563,88.8631212643736,69.59446719754595,11.64987525475838,47.0,0.4,87.3,0.0
2009-07-12,667270.0,0,13.229737027515258,19.295236039830947,4.9358066036297705,81.2003532348321,63.91045109290699,16.923815196815216,47.0,0.4,87.3,0.0
2009-07-13,795075.0,0,11.327676487409054,18.997495444530475,4.1607349476492885,81.63138494141633,51.75953435307169,13.078420908049958,47.0,0.4,87.3,0.0
2009-07-14,809230.0,0,12.804200943844602,19.16875125550486,3.12861635189198,80.58103566211608,54.45501501503901,13.582473914389382,47.0,0.4,87.3,0.0
2009-07-15,809548.0,0,13.020818345135796,20.36152213229167,3.1058732425083395,83.26826991614887,56.84783424028832,16.438837120358073,47.0,0.4,87.3,0.0
2009-07-16,818740.5,0,11.846109465516983,19.63493367123267,6.9181660657659565,83.64603098186443,62.38127229942595,9.8353845342455,47.0,0.4,87.3,0.0
2009-07-17,795253.0,0,12.642634864272702,16.23414560143631,17.88728854193995,93.1854076865542,89.46844525961934,17.972143313067406,47.0,0.4,87.3,0.0
2009-07-18,685863.0,0,12.24410527406703,17.995301676457043,1.5044373475721826,78.08057873211037,63.47327302156407,20.18774184988329,47.0,0.4,87.3,0.0
2009-07-19,674518.5,0,11.384845032896994,16.559077881010225,4.706866589654173,85.96115289707208,69.91577355757398,17.23004618598216,47.0,0.4,87.3,0.0
2009-07-20,782569.0,0,11.128029193607516,18.18766123325553,0.5709694267816613,80.95784196018332,48.43155009024883,14.562328163337463,47.0,0.4,87.3,0.0
2009-07-21,814924.5,0,11.93135179117054,18.1734477810788,7.282371857365305,91.64100140173969,76.51292941032271,15.440335135892036,47.0,0.4,87.3,0.0
2009-07-22,795404.5,0,13.008561728671292,17.9571786786569,1.747782512566113,87.16703464074673,66.71662510028672,18.95169873034497,47.0,0.4,87.3,0.0
2009-07-23,796054.0,0,12.665195333812465,19.039181771040663,1.5160558356357583,81.40682296047615,54.64721731870141,15.807163996780009,47.0,0.4,87.3,0.0
2009-07-24,775570.0,0,12.168278712366511,17.687238480028345,3.431459329695022,85.17275806787114,62.739107995915504,15.400410588506915,47.0,0.4,87.3,0.0
2009-07-25,685719.0,0,11.337132052556507,19.22902163562194,0.0605409483293825,80.70884871526047,34.924517987558175,10.50182850375293,47.0,0.4,87.3,0.0
2009-07-26,661705.5,0,11.92177182808146,18.333306343308443,4.230170307313167,86.0186916244026,68.01566853159594,15.945423710914612,47.0,0.4,87.3,0.0
2009-07-27,774600.0,0,12.156333805333496,18.40636529284213,3.622692606431775,82.7851185608429,60.72663588441266,15.365062778931073,47.0,0.4,87.3,0.0
2009-07-28,778586.5,0,11.149484834238937,18.02630513187688,2.3549656000889088,81.40478730610518,55.085901780733096,18.027629973796984,47.0,0.4,87.3,0.0
2009-07-29,796387.0,0,12.854271322806063,17.083041826721765,12.760451537020703,87.20390758906431,72.51438298375079,17.316808840426162,47.0,0.4,87.3,0.0
2009-07-30,772319.5,0,11.030052468116631,16.742299467751998,2.0601440120931707,78.85157346261663,44.568282252982414,18.15531414176085,47.0,0.4,87.3,0.0
2009-07-31,766967.5,0,9.258982714663976,18.111373054536056,2.4699301115613643,77.07388564646605,51.21702065346984,12.584727660865056,47.0,0.4,87.3,0.0
2009-08-01,688356.5,0,13.14949465391586,18.884318919502377,5.164105438804019,86.87359743049636,68.82418392491535,14.513609887809192,50.2,0.1,87.3,0.0
2009-08-02,658880.0,0,11.237976581653363,18.562543028318288,0.2898477203228157,78.34280777971665,48.86536383885378,12.28042469380434,50.2,0.1,87.3,0.0
2009-08-03,772250.0,0,11.546194726129672,18.643328173418386,0.8255277484707122,82.2333733967956,59.62829371019419,13.875569402956266,50.2,0.1,87.3,0.0
2009-08-04,798095.0,0,15.33344676929863,19.08806590536868,4.314182779132691,90.77367024670473,85.19758460842633,16.906093799520985,50.2,0.1,87.3,0.0
2009-08-05,800449.5,0,15.169054482210742,21.926578675190044,2.006983111876824,82.77769884984076,50.47889577779095,10.50848078933114,50.2,0.1,87.3,0.0
2009-08-06,806613.0,0,13.413191458927995,22.92295083473708,6.31525937992751,79.01620140658343,42.19642808406701,6.43297572600452,50.2,0.1,87.3,0.0
2009-08-07,782501.5,0,13.18928561373995,20.428546959508385,3.060515034524693,80.73399727667626,48.949047755655215,8.195695419377348,50.2,0.1,87.3,0.0
2009-08-08,687077.5,0,11.536952596808185,20.99085761954066,0.0904131247189328,78.76771362146242,27.62359166777516,5.838197971571313,50.2,0.1,87.3,0.0
2009-08-09,670150.5,0,11.909257026339969,21.847643886081663,0.7535191171130015,78.2423525616233,37.5246983776357,6.376522664613438,50.2,0.1,87.3,0.0
2009-08-10,792492.0,0,13.885939043256736,18.44112412157688,3.514777608751616,88.66361333622156,72.37891082848199,12.366274379537796,50.2,0.1,87.3,0.0
2009-08-11,804834.5,0,14.20742035950037,21.326741420583616,0.2214664514963896,81.6663054336898,46.78629532387907,10.904611473955942,50.2,0.1,87.3,0.0
2009-08-12,814132.0,0,14.872553932308833,20.118831567860944,2.129439319191196,87.04352915254621,72.78894027460427,12.524498587933532,50.2,0.1,87.3,0.0
2009-08-13,808532.5,0,13.289538921449717,20.15226188190128,0.5407677871691522,79.17781254295149,54.51174216681759,6.712255543829997,50.2,0.1,87.3,0.0
2009-08-14,788836.0,0,12.553192897917896,20.394635911581968,1.861246162488699,81.20171462008823,53.85793446184728,12.848721161499048,50.2,0.1,87.3,0.0
2009-08-15,688738.5,0,15.239699404783126,20.49663948834166,1.6372866471572172,83.83134329922459,64.3830995584311,19.383272255660007,50.2,0.1,87.3,0.0
2009-08-16,668208.5,0,13.633372634579672,20.08904101926464,0.1079546482754618,79.91669387183315,49.745949928806574,15.685881766418191,50.2,0.1,87.3,0.0
2009-08-17,794175.0,0,12.901561196472464,20.031459832204312,0.4646544448006915,79.44420856047162,41.15423356238332,12.751542795719494,50.2,0.1,87.3,0.0
2009-08-18,814728.5,0,11.85785161696732,20.685136454476407,0.3257321360560342,80.26929297588521,33.658739364936444,11.25598994145444,50.2,0.1,87.3,0.0
2009-08-19,818807.0,0,14.41748562362417,24.047924049608945,1.680264742178005,78.10329849863133,36.75794087614016,15.539300851911529,50.2,0.1,87.3,0.0
2009-08-20,808312.5,0,13.937636922255695,20.35567542903536,2.8127621807636864,74.33551750711626,46.79022762041844,21.565654190872145,50.2,0.1,87.3,0.0
2009-08-21,777221.0,0,11.84963064184236,17.949715217075408,1.634137466010702,74.40008756877462,45.96953313844374,16.61213503995118,50.2,0.1,87.3,0.0
2009-08-22,692568.0,0,10.27335096121575,19.7891858587309,0.2089514192460504,75.36161799323791,36.19973617801332,11.421052701944806,50.2,0.1,87.3,0.0
2009-08-23,669775.0,0,14.745657843361675,21.22010619880706,2.748460557415881,75.97079704919169,51.622628279095935,16.960083966074997,50.2,0.1,87.3,0.0
2009-08-24,802593.0,0,12.639429853883207,19.83927238867897,1.7641074058128554,78.97214740075765,47.7441336727571,9.744306677331132,50.2,0.1,87.3,0.0
2009-08-25,803655.5,0,11.269995889566223,18.56715200663177,0.823194331990276,76.84174670138765,39.27400628250329,13.47425067105736,50.2,0.1,87.3,0.0
2009-08-26,810707.5,0,12.625994107825033,18.642846809474783,5.795289596256684,87.7172028783978,78.88023906656579,19.563571143882022,50.2,0.1,87.3,0.0
2009-08-27,805036.5,0,13.98120251056714,19.537731455470976,0.5843790039386894,81.55220426083619,61.97377069016685,16.255258782755924,50.2,0.1,87.3,0.0
2009-08-28,758970.0,0,11.854271322806063,16.354523560954775,2.96120442809341,74.01404183065578,60.02375708707137,24.53211460027061,50.2,0.1,87.3,0.0
2009-08-29,664372.5,0,10.56171957387704,17.46968035676131,0.2947209908610311,72.11387744096577,43.94024585213159,18.7356690958816,50.2,0.1,87.3,0.0
2009-08-30,658983.5,0,11.149422981031396,17.292551748929025,1.4510262407584396,84.9002490632735,73.74847913335557,16.854086347139194,50.2,0.1,87.3,0.0
2009-08-31,689492.5,1,15.878132200328048,20.910718744414,4.070964596852933,81.56611648405038,73.8766184487234,18.88503706213461,50.2,0.1,87.3,0.0
2009-09-01,789328.5,0,12.873256584746484,17.841920458957254,1.4872439815061829,75.66328212574153,50.70318462111353,20.071016303060983,49.7,-0.2,87.2,0.0
2009-09-02,820517.0,0,11.697667745284155,16.530842299000586,10.482327127891718,87.04522869428233,80.04042615000557,18.73049014602336,49.7,-0.2,87.2,0.0
2009-09-03,803542.5,0,11.445189375619762,15.35568864487598,6.379073796700784,82.58000422722493,81.11349937572056,27.265599747755704,49.7,-0.2,87.2,0.0
2009-09-04,779825.0,0,10.466648612189209,15.153358673734456,1.5745430930451731,77.94004414152235,64.34709642756772,24.436921069344685,49.7,-0.2,87.2,0.0
2009-09-05,698829.0,0,10.79483977975402,15.973230423528966,0.3113572754370509,80.66554473912423,68.49438738616244,17.6959157551015,49.7,-0.2,87.2,0.0
2009-09-06,683500.0,0,11.574071390495758,16.489045435814166,1.270518605260421,78.95351609283692,56.35539373185589,15.354221394589594,49.7,-0.2,87.2,0.0
2009-09-07,816925.5,0,13.693900032062244,19.62943717238545,0.7624397987725373,84.9795406954458,69.19599532675582,13.298389846521676,49.7,-0.2,87.2,0.0
2009-09-08,834259.5,0,14.06136423680426,22.1233115534231,2.818692223725618,82.97523008778515,61.956880615349206,19.53003896029814,49.7,-0.2,87.2,0.0
2009-09-09,828933.0,0,11.245584049795813,18.08790139888751,0.0,75.54603006597594,22.752617689212112,12.345871687956668,49.7,-0.2,87.2,0.0
2009-09-10,821496.5,0,9.666168849513744,18.233772484447723,0.0,76.08014566745405,10.34106623926843,11.299928047431468,49.7,-0.2,87.2,0.0
2009-09-11,808214.5,0,9.315659892124318,18.689594096047568,0.0,76.89860936163433,21.26329278447066,9.3106049867608,49.7,-0.2,87.2,0.0
2009-09-12,712063.0,0,9.670383688431702,19.961608628431787,0.0,78.7996767466854,17.107101080158316,9.154064153747312,49.7,-0.2,87.2,0.0
2009-09-13,688871.0,0,9.570679883080995,17.456540522594906,0.0325477632773711,79.94818691267882,36.04205369614483,12.480972846918275,49.7,-0.2,87.2,0.0
2009-09-14,811714.5,0,10.024518811243128,16.115042509519707,0.2200023438139662,80.69900641773515,67.65040086103353,15.107816671825969,49.7,-0.2,87.2,0.0
2009-09-15,834859.0,0,10.94501463454574,16.58962791015884,1.3417022316206997,84.01166311764999,67.71881359739116,17.25858098384373,49.7,-0.2,87.2,0.0
2009-09-16,829328.0,0,10.146708785448263,16.945242254349488,0.1034027885177826,78.7119754755797,45.31703739763256,17.330808042312327,49.7,-0.2,87.2,0.0
2009-09-17,838825.0,0,8.82289276802155,16.387571414714554,0.0,77.98270737989752,40.24250117836123,12.113616028564902,49.7,-0.2,87.2,0.0
2009-09-18,823347.0,0,8.876282674168182,18.2399281463966,0.030591399339921,80.4329859144956,32.75415570571482,10.079327391778246,49.7,-0.2,87.2,0.0
2009-09-19,730137.5,0,11.284607077076505,19.628153898894272,0.4444989048063615,83.64023641970952,51.91147358405484,8.013336504315495,49.7,-0.2,87.2,0.0
2009-09-20,698243.0,0,10.122536736348774,16.938260156711593,0.0,79.63202003939426,44.88100246576851,8.804090960389605,49.7,-0.2,87.2,0.0
2009-09-21,809598.0,0,9.737264293945866,17.35400758994947,0.4268065500902488,79.75260416602636,38.58156698501065,14.601454151236917,49.7,-0.2,87.2,0.0
2009-09-22,823177.5,0,12.197931309100932,18.52311187743863,0.1617594903258817,82.1962510379045,51.75078494409638,18.66949675185372,49.7,-0.2,87.2,0.0
2009-09-23,835977.0,0,11.826793561685028,17.325754058984202,0.0841032185427956,79.86348360891537,55.92781455606209,12.513392225987678,49.7,-0.2,87.2,0.0
2009-09-24,832603.5,0,9.430203073377545,16.97766123387022,0.0499088537280595,80.0953325431285,36.90040937449365,11.307282923978304,49.7,-0.2,87.2,0.0
2009-09-25,817581.5,0,9.007170684610049,16.69523195828761,0.0,83.02394482884442,46.127444023846046,10.509631627805538,49.7,-0.2,87.2,0.0
2009-09-26,726547.5,0,9.349767179916643,18.06750694415588,0.0,82.50480936733865,27.8659181665314,7.65786210973008,49.7,-0.2,87.2,0.0
2009-09-27,705912.5,0,9.048048555121364,18.485232619694333,0.0114087926278475,84.11548994256088,35.61174151524592,9.290135816427917,49.7,-0.2,87.2,0.0
2009-09-28,824455.5,0,11.19568283359425,17.247741858488958,0.167545657348536,86.96809010695365,61.51702825718837,13.85127017444172,49.7,-0.2,87.2,0.0
2009-09-29,844637.5,0,11.757715761199226,17.224611647913285,0.177771638388046,86.83590176536585,77.63902242181078,13.570050947372923,49.7,-0.2,87.2,0.0
2009-09-30,847097.0,0,12.67187480406748,17.331419013697513,0.3608485654604558,83.1099870355677,77.65555891142289,11.366567832668526,49.7,-0.2,87.2,0.0
2009-10-01,838726.0,0,9.081005926474685,14.914450237012272,0.0,75.52679168995319,37.96503735534187,12.135776980169355,49.5,0.4,87.5,0.0
2009-10-02,828126.5,0,8.3385693213254,14.138153065374276,0.3592554035576797,82.3362812597659,67.49433172595928,14.828069966012546,49.5,0.4,87.5,0.0
2009-10-03,719188.0,0,11.031616301610317,14.055149810466403,0.879417141166569,80.78498070118455,87.5919141122803,29.43815844084061,49.5,0.4,87.5,0.0
2009-10-04,718971.0,0,8.923311596451418,13.659255182269186,0.0872258819514399,70.98425979551959,52.35025530545311,13.22680509327433,49.5,0.4,87.5,0.0
2009-10-05,859977.5,0,7.126553383759244,14.461581228613388,1.1246795604300768,86.88851868314168,48.93010406214371,6.308024056026313,49.5,0.4,87.5,0.0
2009-10-06,874638.0,0,9.450595514998565,17.14827741352599,8.902814128852356,93.4726445468737,86.77732737714862,18.12266227146738,49.5,0.4,87.5,0.0
2009-10-07,877590.5,0,7.985432732108887,14.495398874354606,7.962663484558612,82.70688444179609,63.27789097128192,12.136043110317967,49.5,0.4,87.5,0.0
2009-10-08,871931.5,0,6.312231534028392,13.444505317562513,0.5615954371787782,79.12878182036341,21.224746080673427,10.41070236291854,49.5,0.4,87.5,0.0
2009-10-09,867314.5,0,6.734146508104446,12.40973301174378,2.797066040354661,86.43437846454799,66.59435457092285,15.3230994576219,49.5,0.4,87.5,0.0
2009-10-10,765885.5,0,10.012512496653011,15.337694555614592,0.5651611001750884,89.60060726172946,66.46656226357476,10.759618611739256,49.5,0.4,87.5,0.0
2009-10-11,731762.5,0,9.891774958698962,13.875221073352463,0.5749111449860085,85.59317053917434,65.39106904840293,17.751730691165108,49.5,0.4,87.5,0.0
2009-10-12,860058.5,0,6.855695360367084,14.435107564034128,0.0,79.5238530555884,20.34558206127281,10.97150979791689,49.5,0.4,87.5,0.0
2009-10-13,887688.5,0,5.643740523012897,14.368562487199076,0.3954932661911259,81.99460089882469,31.7392970285381,4.642124640621339,49.5,0.4,87.5,0.0
2009-10-14,892808.5,0,8.027441648068189,13.844686534398436,0.3890376984005022,87.20970003053782,72.57199605786842,5.239833069180438,49.5,0.4,87.5,0.0
2009-10-15,892905.0,0,8.574383914391841,13.883580507458774,0.2179573031227002,89.02412808337856,67.38658858645582,6.557148675625244,49.5,0.4,87.5,0.0
2009-10-16,859821.0,0,7.49546337073027,13.160261891244572,0.0330458421858975,81.91626712311927,40.59078552559337,14.829211476562229,49.5,0.4,87.5,0.0
2009-10-17,782478.0,0,5.504983263213567,11.572280244543457,0.0,81.7432631484091,36.41061292548552,11.137974682260458,49.5,0.4,87.5,0.0
2009-10-18,769732.5,0,4.219730177406985,11.837158330565178,0.1040414255749013,82.17057123043041,31.35622439354044,9.688867194079108,49.5,0.4,87.5,0.0
2009-10-19,895107.0,0,6.759313525595334,12.281703818136265,1.0578256186427195,83.83542627171424,64.32319516489558,15.566898831080412,49.5,0.4,87.5,0.0
2009-10-20,907739.0,0,7.360236599813773,11.430091676134946,2.718010360112602,81.8507290011357,74.44581582183227,22.92778538900919,49.5,0.4,87.5,0.0
2009-10-21,911571.5,0,10.54630612337227,14.050998822499336,6.0634171977795415,90.6925234485894,60.91993173741711,16.096466247111877,49.5,0.4,87.5,0.0
2009-10-22,908308.5,0,9.377632580083691,13.57774863667847,0.7279676369880275,90.1566663681321,74.05171174026435,15.478172241251666,49.5,0.4,87.5,0.0
2009-10-23,885253.5,0,9.442700848198797,14.89632240651729,0.3350079995790601,88.4182933880965,54.74874972000858,12.410745744683728,49.5,0.4,87.5,0.0
2009-10-24,777297.5,0,11.190705456039934,15.497045629564536,3.892161998421967,90.5287994066518,76.3267962202204,22.60595686497148,49.5,0.4,87.5,0.0
2009-10-25,761670.5,0,10.741448091005632,14.286994872130904,1.930696271645396,79.86341210507072,63.4170530353528,27.029067642114544,49.5,0.4,87.5,0.0
2009-10-26,873123.0,0,10.313987319923417,14.24682692276958,0.3445180800690616,84.0481467518906,59.60822745396032,14.227120398643846,49.5,0.4,87.5,0.0
2009-10-27,885116.5,0,10.811216296225629,15.60021438244897,1.2199130861778535,88.6336379809982,62.44176276939108,15.72844608576306,49.5,0.4,87.5,0.0
2009-10-28,880831.0,0,10.198334791788426,16.117765172461187,0.2943563074228275,89.5603959459702,46.919451095734566,10.786278588936709,49.5,0.4,87.5,0.0
2009-10-29,880325.0,0,8.700172300753684,15.585455392665368,0.2661805532163176,91.53132235672736,49.38353898513163,9.8187506469615,49.5,0.4,87.5,0.0
2009-10-30,851572.0,0,11.203902794480278,14.42137874902664,1.4589235491896049,87.33411868722322,57.80142618590348,18.965772325120007,49.5,0.4,87.5,0.0
2009-10-31,767056.5,0,11.340276807933144,16.028593331741696,2.528302020806528,91.46883223787331,57.29224070028957,13.793484187953595,49.5,0.4,87.5,0.0
2009-11-01,754912.5,0,8.704570962794273,14.405651914059415,17.5544810966148,89.48674732406889,74.51171366055672,25.651937479115897,53.4,-0.6,86.9,0.0
2009-11-02,880952.0,0,6.447671832974395,10.64212897418768,1.7666440834587096,83.56960956903082,58.09626335322389,19.037441552176507,53.4,-0.6,86.9,0.0
2009-11-03,902116.5,0,6.8638222417803005,11.722165641691143,7.483720195820647,90.14578845582184,74.25537640373742,20.704152865845817,53.4,-0.6,86.9,0.0
2009-11-04,919710.5,0,5.776015674232848,9.52562491563376,1.821311504985507,87.37895734516752,68.54698291271718,17.317922105958342,53.4,-0.6,86.9,0.0
2009-11-05,926237.0,0,6.173102079275865,10.198652356144652,1.9008419888893504,89.01330105205467,70.63062108119591,16.071479625845413,53.4,-0.6,86.9,0.0
2009-11-06,921204.0,0,5.567834205250979,9.85666760058607,3.5204801656049325,89.93976032366147,72.1818668247732,15.88913188277906,53.4,-0.6,86.9,0.0
2009-11-07,824622.5,0,4.64494118213297,9.322736836469524,1.0422537394067355,86.95282327544345,54.08654960279944,15.251660862351429,53.4,-0.6,86.9,0.0
2009-11-08,827981.5,0,4.637230968513352,9.112985709803745,1.921919576569384,91.79065441523409,65.51053917187453,11.529020802716635,53.4,-0.6,86.9,0.0
2009-11-09,966788.0,0,3.0372380282310028,9.80398455750538,0.0,90.67844810194713,27.86232922060472,8.57701486554634,53.4,-0.6,86.9,0.0
2009-11-10,992118.0,0,3.510962109508791,7.38572972585552,1.5355782246835514,93.04026144375008,78.91307007296865,6.471589139062361,53.4,-0.6,86.9,0.0
2009-11-11,975753.0,0,4.938569637890884,8.71683965792241,1.4280447145366133,92.89034399050524,79.01054920669304,10.51229961404828,53.4,-0.6,86.9,0.0
2009-11-12,948296.5,0,7.5364638565814515,11.806415934099302,7.815122244066948,90.78007639493504,66.65634705190863,22.26299006488425,53.4,-0.6,86.9,0.0
2009-11-13,933164.0,0,7.817769754977085,12.694494714155503,12.11242007797223,92.53149362480144,72.42243925876714,19.71666875866252,53.4,-0.6,86.9,0.0
2009-11-14,816550.5,0,7.785466183552905,12.497707589506891,8.085847054859139,85.56777196786203,70.12994519851914,31.74598206173998,53.4,-0.6,86.9,0.0
2009-11-15,805273.0,0,6.7272334709174055,11.541223403274431,0.3504718316343704,90.78277506958908,52.97113133312303,17.278002307055488,53.4,-0.6,86.9,0.0
2009-11-16,917399.5,0,7.815487164160903,11.04684396198362,5.413068860492111,88.18414904677522,74.09859946819458,26.54582809412334,53.4,-0.6,86.9,0.0
2009-11-17,920034.0,0,8.276080646993464,10.657993146326524,1.6060306370231878,81.19618896955538,53.210960376082255,25.44463789088461,53.4,-0.6,86.9,0.0
2009-11-18,937333.5,0,9.30305251802948,12.697400278184224,8.190598186442442,86.31417412429381,85.26404534975752,32.329704719395124,53.4,-0.6,86.9,0.0
2009-11-19,912994.0,0,12.107395025041251,13.22512001212661,3.3078201847808097,81.89522484632128,67.38370479782961,35.11255660989961,53.4,-0.6,86.9,0.0
2009-11-20,900882.5,0,7.818764323819813,13.423458230813242,4.413464419822138,86.29000393463237,50.07949907476822,24.67039435330773,53.4,-0.6,86.9,0.0
2009-11-21,818221.0,0,7.326919972737257,13.21641068095633,6.967940660383877,93.05543158448216,80.99874749175639,23.88507286784233,53.4,-0.6,86.9,0.0
2009-11-22,794532.5,0,7.831921169539196,10.528526868357195,3.575451677477429,85.14518522953395,79.02928527320155,30.943520506927683,53.4,-0.6,86.9,0.0
2009-11-23,929636.0,0,7.835661621248023,10.703823407233036,5.8935602727774095,85.64589032536539,87.43629227194192,29.38387174770456,53.4,-0.6,86.9,0.0
2009-11-24,945083.0,0,8.366721443764815,12.332111554480369,4.024037110756613,87.9345414343035,91.32857299778786,29.786241999498905,53.4,-0.6,86.9,0.0
2009-11-25,939727.0,0,7.087528666080334,11.618103497980988,4.286905450065145,82.57587877963822,60.78636071155561,32.06654933356511,53.4,-0.6,86.9,0.0
2009-11-26,953321.0,0,6.006633445321703,8.16092385118693,1.1295533549917398,82.35211265354656,69.16571208854785,26.14297939816414,53.4,-0.6,86.9,0.0
2009-11-27,956498.5,0,4.928042068295039,7.653834689872781,0.5003601762218628,86.4466179311542,60.03452947243102,19.863902965978863,53.4,-0.6,86.9,0.0
2009-11-28,878621.5,0,3.424102118861918,6.551309256448531,6.474237304617627,92.75318437216396,72.45831765360926,16.203508916328115,53.4,-0.6,86.9,0.0
2009-11-29,852430.0,0,4.067754080375424,7.270277018157213,9.275958946005362,92.21126961138545,83.39552386239887,22.74848171505468,53.4,-0.6,86.9,0.0
2009-11-30,994455.5,0,2.879446362004864,5.77623206057207,2.885112541488519,89.85730378963922,76.97439175783957,22.357782787025315,53.4,-0.6,86.9,0.0
2009-12-01,1035105.0,0,-0.179601767996717,5.089120421879137,1.928985891383248,87.00038370502834,48.29061547460604,16.696095505901148,54.6,-0.9,86.1,0.0
2009-12-02,1020594.0,0,5.019477567370667,8.834844021731513,2.9233552701944805,94.1653094049577,86.35096886864291,17.027359817427158,54.6,-0.9,86.1,0.0
2009-12-03,1012897.5,0,2.592836393548309,7.384027433380484,2.7124525643525383,92.51553168617652,72.74734555231026,18.321450504894287,54.6,-0.9,86.1,0.0
2009-12-04,1009878.5,0,2.59240120821059,7.015801950117147,1.2255052984456452,90.84912083310692,49.50097243999332,15.918217688990824,54.6,-0.9,86.1,0.0
2009-12-05,879733.5,0,6.157293275362305,10.198870709492711,7.47140575083309,91.63827176206372,77.25188121344283,22.8982545009465,54.6,-0.9,86.1,0.0
2009-12-06,832749.0,0,7.044580303627484,11.667160022192776,6.990528082554869,86.3105500488187,69.85913198604702,28.22052397304313,54.6,-0.9,86.1,0.0
2009-12-07,984437.5,0,5.4572928266384135,9.048978965668072,5.952020589849399,87.9486763444321,76.32528153121311,24.792854084334028,54.6,-0.9,86.1,0.0
2009-12-08,1001396.0,0,4.414066485882163,10.133146920315736,2.1934691003811326,91.22267750963896,61.15020715676495,19.49559646653909,54.6,-0.9,86.1,0.0
2009-12-09,992894.5,0,7.4464352452085505,10.708839295132218,0.8057662986966845,93.61632148017908,49.18559406064141,15.934819935093628,54.6,-0.9,86.1,0.0
2009-12-10,998863.5,0,3.541382316074224,8.913673821743267,0.2274916331435088,90.72051261664056,24.946102175290484,14.174878780007028,54.6,-0.9,86.1,0.0
2009-12-11,1020496.0,0,1.8666127511593675,5.827981834796337,0.0,90.32851821351832,21.032524337431514,9.94907527841166,54.6,-0.9,86.1,0.0
2009-12-12,915612.5,0,2.809020238430976,6.207444025075429,0.0292729916901252,91.9675300319221,57.13614299748542,13.7743219413197,54.6,-0.9,86.1,0.0
2009-12-13,909566.0,0,2.110296977764686,5.251886330739258,0.2839858864657252,90.90804262889256,75.68004960058656,14.322136560694885,54.6,-0.9,86.1,0.0
2009-12-14,1043490.0,0,1.7898817956774489,5.029401757006055,1.6917419360014003,90.74427916994196,75.55697464144502,9.252644305300423,54.6,-0.9,86.1,0.0
2009-12-15,1063566.0,0,1.7822352947034108,4.333376879015925,0.4568899663248087,91.75232640286455,72.69790927245506,8.226772883504639,54.6,-0.9,86.1,0.0
2009-12-16,1074125.0,0,0.83061613601276,3.99610249492942,2.585717994491884,92.81243748600043,76.2609670577654,12.044725524201708,54.6,-0.9,86.1,0.0
2009-12-17,1061852.0,0,-1.112220666304573,3.656550329978026,0.5829662044523737,85.3885674280794,53.70970421043159,23.441608220892142,54.6,-0.9,86.1,0.0
2009-12-18,1075517.0,0,-1.9240755949771449,1.5210348697803269,1.3253879356340614,82.31718367854748,59.84678880582648,21.707167199316267,54.6,-0.9,86.1,0.0
2009-12-19,991059.5,0,-3.31859698976344,1.3439846349563531,1.8386315740816097,86.72759927309188,51.09354912690625,16.184231891655187,54.6,-0.9,86.1,0.0
2009-12-20,955737.5,0,-3.3930891511102903,1.4472201893049303,1.4865201852602683,88.77697208617761,45.78519260028487,19.98353553671926,54.6,-0.9,86.1,0.0
2009-12-21,1078956.0,0,-1.96909692349983,2.617574787520017,1.7852699897887654,91.77740567332064,50.59229509730424,15.452976072075138,54.6,-0.9,86.1,0.0
2009-12-22,1076813.5,0,-2.1400691010204103,2.295252559631717,0.4310865185148395,92.8823878085776,40.63529151316826,14.228396618564284,54.6,-0.9,86.1,0.0
2009-12-23,1057158.5,0,-2.152661292265795,2.878675955333164,1.6780798041301774,93.17257705695646,42.33710022696823,14.40471028541544,54.6,-0.9,86.1,0.0
2009-12-24,973744.0,0,0.609940365209613,3.686567699280739,0.3890802764581744,96.51426880503476,80.64338726051975,10.83435701800477,54.6,-0.9,86.1,0.0
2009-12-25,839859.5,1,0.05399142666905,4.00802336757322,1.2855490192125127,94.03367420776875,49.49079678057205,15.132339908838976,54.6,-0.9,86.1,0.0
2009-12-26,804121.0,0,3.3132719126628407,6.184564316148479,0.8729870184793105,93.75761327696542,62.29767096626113,20.616877083338967,54.6,-0.9,86.1,0.0
2009-12-27,837788.5,0,1.1259380634404608,5.020803162286343,0.8561537441152629,88.90454576356701,64.68517227555138,22.331198831645928,54.6,-0.9,86.1,0.0
2009-12-28,907923.0,1,-1.6588287101659196,3.4461477084715875,0.0097576638967084,91.6302022619864,40.85988711766573,9.160318734726484,54.6,-0.9,86.1,0.0
2009-12-29,950899.0,0,0.6798545593666625,3.4143419900572622,8.451819676800778,92.71636368788586,87.69410822765373,22.379373259965543,54.6,-0.9,86.1,0.0
2009-12-30,945322.0,0,2.044847770727417,3.67617700583882,6.217782980038057,93.43385093736576,98.49227862975214,24.614347509975808,54.6,-0.9,86.1,0.0
2009-12-31,923431.0,0,-0.328621742725571,2.853146424260693,0.4843768940143675,88.71940173303314,76.29469325296299,21.13114150870561,54.6,-0.9,86.1,0.0
2010-01-01,872454.0,1,-2.035863273461682,1.6651084627112906,0.3790587352526586,87.21500042782442,46.74069411193116,15.529386789298194,54.1,-3.1,83.4,0.0
2010-01-02,918204.5,0,-1.2147903881621471,2.880021435478791,1.0471268485887573,90.03001131460364,55.93932733584143,15.497236091341987,54.1,-3.1,83.4,0.0
2010-01-03,935343.0,0,-3.5374551675657946,1.45764189387053,0.0569585857353994,87.3109823758467,30.569712560384097,11.721910929414134,54.1,-3.1,83.4,0.0
2010-01-04,1100434.5,0,-4.095666780958076,0.7743436091514102,0.079861548394933,86.45741046298717,28.7958554017382,11.510247101796889,54.1,-3.1,83.4,0.0
2010-01-05,1122003.5,0,-2.1792117009241747,1.1542353910868437,3.7014998473109393,91.53036597551711,67.86188121897504,13.657780924513824,54.1,-3.1,83.4,0.0
2010-01-06,1103707.5,0,-4.040457760452255,0.4395065795216185,3.291284369791268,91.43922170132004,66.62867549431547,20.099828049619767,54.1,-3.1,83.4,0.0
2010-01-07,1138687.0,0,-6.203636495291842,-1.3141814544751786,0.3676164327852181,93.198939016948,45.062026196746615,15.685964657399923,54.1,-3.1,83.4,0.0
2010-01-08,1134161.0,0,-5.08918425746277,-1.3154965996564127,0.3537203605576371,92.73518356741148,50.37349048975816,14.988558693330782,54.1,-3.1,83.4,0.0
2010-01-09,1028298.0,0,-4.204440310379241,-0.549622469535336,0.1826622047734878,92.17446380261164,69.64366044423912,20.774461752619622,54.1,-3.1,83.4,0.0
2010-01-10,996930.5,0,-1.2151329704120073,1.2835630410350007,2.0864633079703934,94.03582611543538,93.6271909866,22.137669719054585,54.1,-3.1,83.4,0.0
2010-01-11,1124999.0,0,-0.0996576113775725,1.2358379820308825,1.8884797163892897,96.25289257869694,93.1383857871072,12.880319913702404,54.1,-3.1,83.4,0.0
2010-01-12,1121052.0,0,-0.7149329040992218,1.2752136110126924,0.3021508396423092,95.23148528345456,92.43154985973996,21.85058342711458,54.1,-3.1,83.4,0.0
2010-01-13,1125963.0,0,-1.2649800785033227,0.8284370897710869,2.8650016956230857,95.59885759200252,95.06921078872382,15.110900496030451,54.1,-3.1,83.4,0.0
2010-01-14,1121294.0,0,-1.405880640305634,2.3450450217588057,1.398966988428333,98.09996404984008,90.83078603640098,8.54460765734411,54.1,-3.1,83.4,0.0
2010-01-15,1069030.0,0,0.1512137428022844,5.913833502905887,1.6751112082253423,97.1189135675418,79.42592126395562,20.560024995764785,54.1,-3.1,83.4,0.0
2010-01-16,956703.5,0,3.066007837546707,6.923314516230159,8.424485831573884,95.52048484493454,87.11882145620615,24.54137520103445,54.1,-3.1,83.4,0.0
2010-01-17,907487.5,0,2.325693035608515,6.604256478036256,0.9811069200846108,93.80248998423689,34.216284684820025,17.691525391379436,54.1,-3.1,83.4,0.0
2010-01-18,1039922.5,0,2.3142257429085027,7.368772803471967,0.5581685143846127,96.15712789294751,62.24464862952348,12.719640601668663,54.1,-3.1,83.4,0.0
2010-01-19,1045660.5,0,2.7885285089655034,6.123995135095396,0.023862529502059,94.18668427528878,77.80334192957174,14.840827309163876,54.1,-3.1,83.4,0.0
2010-01-20,1066418.5,0,1.9851096970093352,3.8540038557061327,3.6034732043606623,92.96613072027684,96.26475308875708,17.34710784543933,54.1,-3.1,83.4,0.0
2010-01-21,1061600.0,0,1.1594865977852955,4.66631334782691,0.3504977346819801,91.37715421275512,65.65503080028492,14.88486471835261,54.1,-3.1,83.4,0.0
2010-01-22,1036103.5,0,3.926947059063621,7.372312912257391,8.03748169452402,95.39351105913836,88.54923867230346,18.16456692059112,54.1,-3.1,83.4,0.0
2010-01-23,938444.5,0,1.991913303962613,5.872723725126251,0.5108969339003891,94.50522313072076,74.41992264000123,10.421759749417827,54.1,-3.1,83.4,0.0
2010-01-24,914562.5,0,1.9063258143600987,5.450831110408452,1.1033506059247782,92.64805624797,83.02206021923789,10.248373345161614,54.1,-3.1,83.4,0.0
2010-01-25,1063218.0,0,-0.0291116078354813,3.1419385892465104,0.5061337989530104,90.753783172682,75.67473411265404,12.355314390710408,54.1,-3.1,83.4,0.0
2010-01-26,1084991.0,0,-1.5477151010218857,2.7597822883885748,0.0290228972737011,85.98033897832086,40.00393526241988,10.516883774242462,54.1,-3.1,83.4,0.0
2010-01-27,1071831.5,0,-0.3733166399850114,6.517701481329767,0.1779712790278255,83.803651349282,66.15745948760895,20.69215635556537,54.1,-3.1,83.4,0.0
2010-01-28,1050490.0,0,3.103599205107142,5.922790062499247,0.8739129079791468,88.57353312160123,80.95759244203902,19.50164122299758,54.1,-3.1,83.4,0.0
2010-01-29,1027961.5,0,-1.277169924238196,4.5907098725894615,3.330410732651781,89.70171005601304,64.19627550257691,21.390819683931184,54.1,-3.1,83.4,0.0
2010-01-30,956878.0,0,-1.883868674253256,2.9273990408127286,0.1224695937315362,78.71368943180245,24.81814580711168,17.798964382141627,54.1,-3.1,83.4,0.0
2010-01-31,948820.5,0,-2.043355272038552,3.4674709448207306,0.1992485749635673,85.67292953571953,37.413784051074366,15.146109431709018,54.1,-3.1,83.4,0.0
2010-02-01,1065411.5,0,-1.4322578599829017,3.887333698623266,0.3960391265103862,84.11446516169181,47.933644170929135,17.923025965254265,56.6,2.9,85.8,0.0
2010-02-02,1061322.5,0,0.5338007571262886,5.795771143070634,5.143451466454262,94.6836944525925,81.03480901819458,21.896960470375745,56.6,2.9,85.8,0.0
2010-02-03,1078438.5,0,-0.6709102935785275,4.899422228035826,2.82900410772914,90.67977093075662,63.9306708065646,12.097224974668617,56.6,2.9,85.8,0.0
2010-02-04,1047640.5,0,3.044718301591138,6.732953947528564,0.5335039109053183,95.24711631894458,82.43706980902066,17.87246289668114,56.6,2.9,85.8,0.0
2010-02-05,1006501.0,0,3.0380771726411693,7.613677866405186,3.721577284760673,93.65066671457151,59.17263442292509,14.940417627325097,56.6,2.9,85.8,0.0
2010-02-06,922914.5,0,1.6437571657517207,7.380483728657032,0.2923618495931611,93.87536495697536,45.070504066299016,11.159594368355352,56.6,2.9,85.8,0.0
2010-02-07,912921.0,0,1.2322906967366585,4.861738656936202,0.1000577117319045,91.8985597714975,71.9752316245108,10.14078487709514,56.6,2.9,85.8,0.0
2010-02-08,1053058.5,0,0.722462829065211,2.6700655862214964,0.5900062074496034,88.0704097881802,89.86093773089303,19.69408917225564,56.6,2.9,85.8,0.0
2010-02-09,1063873.5,0,0.0090430926148899,4.00245030905397,0.2679489064537314,84.78137784789071,65.62801720714742,18.90301698278548,56.6,2.9,85.8,0.0
2010-02-10,1075299.5,0,-1.3917586386725247,2.487864708025814,0.1779427036143049,81.13499766048886,63.51883741356533,19.555997499071204,56.6,2.9,85.8,0.0
2010-02-11,1086133.0,0,-1.5651425841676934,3.507704927283372,0.0,79.35702604184468,42.3394187771647,18.255303163392785,56.6,2.9,85.8,0.0
2010-02-12,1064705.5,0,-0.779300379214716,4.463691291240492,0.2411207131193834,88.85095552986424,74.40432326105969,14.880615164802148,56.6,2.9,85.8,0.0
2010-02-13,959547.0,0,-0.2237408776891777,3.89281529123164,0.3668169558743366,86.192070790681,69.69656665061915,15.181248446370365,56.6,2.9,85.8,0.0
2010-02-14,927728.0,0,-0.8324520467833382,4.984354626859653,0.2371270735653928,89.21061335269526,60.84934020069391,9.50818109709426,56.6,2.9,85.8,0.0
2010-02-15,1044053.0,0,0.2901621712728686,4.43095759030599,2.314952972199526,91.21973354283617,75.97954327714491,11.617463759091576,56.6,2.9,85.8,0.0
2010-02-16,1046327.0,0,-0.4050201354088882,4.463875467810023,5.276971698922743,92.07098898007888,68.06808908656781,13.060456615898987,56.6,2.9,85.8,0.0
2010-02-17,1052063.5,0,-1.636481507412304,4.903582390255044,1.415667597266743,89.59919176836307,45.08160864564312,8.024005452671432,56.6,2.9,85.8,0.0
2010-02-18,1065910.0,0,-0.7434567297396246,4.318392390109978,4.777183782430137,92.02587875197716,73.99001454111281,10.179616443726704,56.6,2.9,85.8,0.0
2010-02-19,1033638.5,0,-0.8492375935220497,3.915886844989131,0.8662547970427988,86.78021766612434,58.295790813159,14.353297976144608,56.6,2.9,85.8,0.0
2010-02-20,943783.5,0,-2.9315862955052125,4.39832578964955,0.1919396326832287,85.11816378372836,47.12482275406317,8.681802789415231,56.6,2.9,85.8,0.0
2010-02-21,922807.5,0,-2.5901671164560205,3.9660550365384175,4.556258015561006,92.1196072916034,60.52334817974232,12.595036554400457,56.6,2.9,85.8,0.0
2010-02-22,1054806.5,0,-2.155349501818131,3.4136719930397392,3.92760614379228,90.92649420138088,58.35467830922805,16.379132178445076,56.6,2.9,85.8,0.0
2010-02-23,1065280.0,0,-1.6184827772394457,3.3530043539740584,2.114528470178548,90.25331436378696,72.70232104276548,18.26943049746391,56.6,2.9,85.8,0.0
2010-02-24,1042218.5,0,2.272220991475721,7.292790632931809,3.764327006982144,95.8215560625794,92.27969823748631,15.719201098131858,56.6,2.9,85.8,0.0
2010-02-25,1025708.0,0,3.246100804531201,6.755753961863141,4.622684518644662,95.62236159572608,90.46107077445318,13.335928058741768,56.6,2.9,85.8,0.0
2010-02-26,993589.5,0,2.536014348960645,5.8019493641521,7.075770913791167,91.29563861585032,79.69942483739598,25.02900890846008,56.6,2.9,85.8,0.0
2010-02-27,904438.5,0,1.4273479293175044,6.210141347410888,3.978131756214334,94.174512885629,78.8295304393388,14.101582560032496,56.6,2.9,85.8,0.0
2010-02-28,885311.0,0,1.8258834205496848,4.435726925941379,5.204525225228658,92.6640630436167,83.28292669830928,20.030078976634147,56.6,2.9,85.8,0.0
2010-03-01,1008888.0,0,-0.6380474154856213,7.593714647626349,0.1617485134945412,84.60151872444887,27.533115392852235,8.315849047684965,56.6,-0.7,85.2,0.0
2010-03-02,1019714.5,0,-0.6912070893948965,8.358799284943112,0.0228175852556951,78.46226874430336,17.82909800474,8.047668907048752,56.6,-0.7,85.2,0.0
2010-03-03,1022508.5,0,0.0896447373047405,5.290288090572889,0.0,75.86415411305235,76.67001203133249,15.314561978481414,56.6,-0.7,85.2,0.0
2010-03-04,1021844.0,0,-1.515132275812012,6.539313222553035,0.0,76.05550826709226,37.5400065009642,12.600487658371872,56.6,-0.7,85.2,0.0
2010-03-05,997881.0,0,-2.290843724467303,7.669697647998359,0.2049109418308771,79.6196918576161,42.50858511763573,14.40667517357009,56.6,-0.7,85.2,0.0
2010-03-06,896602.0,0,-0.7441542648808521,5.650596977961387,0.265568876474058,86.2144472373238,51.66661683577615,13.417447850907616,56.6,-0.7,85.2,0.0
2010-03-07,884307.0,0,-2.385091846404148,4.68289159027501,0.0,69.6004924222214,11.157153694571228,11.017131663457574,56.6,-0.7,85.2,0.0
2010-03-08,1020755.0,0,-2.620236165842449,6.87416578847918,0.0,67.46441061715149,17.54484185433365,12.492302448999764,56.6,-0.7,85.2,0.0
2010-03-09,1023692.0,0,-0.3782951547163093,7.097301134791985,0.1170919667605011,86.03918453714684,43.97561645134886,12.913686714871496,56.6,-0.7,85.2,0.0
2010-03-10,1018614.5,0,0.7841288326859825,6.416174074380964,0.0,85.26654956714741,55.3662373290823,13.852143526364928,56.6,-0.7,85.2,0.0
2010-03-11,1016086.5,0,-0.8155566548949383,7.055518978070064,0.0,81.86505673959925,36.63566770360816,12.02216849692741,56.6,-0.7,85.2,0.0
2010-03-12,984877.0,0,0.8870494197446872,7.287523275246743,1.7015862082191957,90.20208042226272,76.28728774130589,15.717034822080365,56.6,-0.7,85.2,0.0
2010-03-13,862988.0,0,1.0827544436573675,8.3032930155942,0.0,87.67950924174514,58.814260057992335,14.078625922619349,56.6,-0.7,85.2,0.0
2010-03-14,810385.5,0,4.000552114792669,9.61736361068076,0.1169867533019316,81.76397802580667,59.65032711356943,19.042092206489706,56.6,-0.7,85.2,0.0
2010-03-15,941057.0,0,3.5413528724107093,9.242496691122325,0.0658203324294108,83.38563278920132,57.27206229381752,18.791444307587074,56.6,-0.7,85.2,0.0
2010-03-16,958498.5,0,1.506777159904787,10.513117290401071,0.0,80.55985405040313,39.59073576641672,11.452541439958653,56.6,-0.7,85.2,0.0
2010-03-17,940734.0,0,4.120721371600179,11.950814667443964,0.1414084188961687,82.76758032587927,57.85291087495258,17.217924755273366,56.6,-0.7,85.2,0.0
2010-03-18,916987.0,0,7.170706493022405,13.5488210363727,0.6345045943794198,78.24435534543257,68.51861546427924,22.840748767115745,56.6,-0.7,85.2,0.0
2010-03-19,903776.5,0,7.351916044866488,11.18060686341017,3.845923669238613,87.54331722271138,68.85491631729721,18.895687953964124,56.6,-0.7,85.2,0.0
2010-03-20,822987.5,0,5.834969941031534,11.086084866227417,6.19254711262773,93.5687858533462,88.95788268341312,18.437369685664613,56.6,-0.7,85.2,0.0
2010-03-21,796649.5,0,2.787122358891089,11.611984072023011,0.0684071964616461,84.91984548100619,35.5920654951244,12.108670338293557,56.6,-0.7,85.2,0.0
2010-03-22,902465.5,0,4.044420714668403,9.7882139412243,1.6142840462797838,87.55435523110017,53.282217299646014,20.63450475573561,56.6,-0.7,85.2,0.0
2010-03-23,949824.0,0,1.4108025420638692,9.625125381446042,1.613393782690765,88.62280815283364,56.59981952079239,15.370751921706164,56.6,-0.7,85.2,0.0
2010-03-24,935874.5,0,7.538799203189308,12.638152066502602,2.128623631361399,91.18701212033965,85.57737181618106,14.262650356311356,56.6,-0.7,85.2,0.0
2010-03-25,934340.5,0,7.073817769293959,11.487952700936717,6.728873234025614,92.2033807687759,84.87946534056668,16.25032925883845,56.6,-0.7,85.2,0.0
2010-03-26,893120.5,0,6.375917348378656,9.932282662734943,4.139787119546683,87.81720941870218,77.5816921205806,22.30092246260163,56.6,-0.7,85.2,0.0
2010-03-27,802389.0,0,5.204761347735444,10.51737815425234,1.0863142440453109,86.75066332762819,61.13572981805906,15.812372144425655,56.6,-0.7,85.2,0.0
2010-03-28,748633.5,0,3.752480198367924,9.93796854765165,2.0725975999049937,85.70950900017186,65.86173825738753,16.163670471681343,56.6,-0.7,85.2,0.0
2010-03-29,932157.0,0,4.676286881723021,8.89700606502587,8.24055112882949,92.94910132591149,93.1330635375818,14.231126688523414,56.6,-0.7,85.2,0.0
2010-03-30,937423.0,0,3.89935504239027,8.741930576758955,7.697707486546275,91.621087435018,94.07503225894492,20.59412647473414,56.6,-0.7,85.2,0.0
2010-03-31,953997.5,0,1.81627535074841,4.435184000768117,4.915071046515087,88.45492905060597,90.39666555735565,24.94717442561498,56.6,-0.7,85.2,0.0
2010-04-01,935898.0,0,1.3894540112104752,7.132904809189078,2.2665684135508224,80.63942542811333,61.305864572302205,22.2343268582271,57.2,0.5,85.6,0.0
2010-04-02,841899.5,1,2.7590862285039743,7.459293751009628,3.786898952789083,92.95503788151672,76.90402450622545,17.358257312539756,57.2,0.5,85.6,0.0
2010-04-03,805120.5,0,2.9087129486224668,9.029499400554055,2.890743941797192,90.90853703963695,72.99454640653303,11.732989123178765,57.2,0.5,85.6,0.0
2010-04-04,752277.0,0,2.473897470033235,9.052123721044708,1.231197439372485,84.13921186934931,58.453119663720166,15.912709787639267,57.2,0.5,85.6,0.0
2010-04-05,763497.5,1,2.478674166584503,10.634711276296144,2.4443440397419383,87.34050201507762,74.25505762536793,22.73385961679225,57.2,0.5,85.6,0.0
2010-04-06,854745.5,0,6.337062162273803,12.703458895908105,1.5500772742494693,79.9903876273669,52.73028147404692,22.166649644868848,57.2,0.5,85.6,0.0
2010-04-07,896177.0,0,4.348893705055385,10.971879564843553,0.9371397039135362,85.22838647617498,58.84095347434,11.680418122765449,57.2,0.5,85.6,0.0
2010-04-08,877492.0,0,3.28255293589592,13.96512507164215,0.0,81.90624132518369,27.24337595943929,10.849748754576062,57.2,0.5,85.6,0.0
2010-04-09,854756.0,0,3.572557531320313,14.886510029040426,0.0603335979370011,81.28410192461979,35.5799826362295,4.9853912251489945,57.2,0.5,85.6,0.0
2010-04-10,752006.0,0,4.765415924633073,15.77388223800856,0.0421007921759273,79.01547256834066,36.13037411401619,7.37882736891177,57.2,0.5,85.6,0.0
2010-04-11,726859.5,0,3.892314011323578,11.935226276090836,0.0,76.43076722073208,45.9947670188678,13.556110832588123,57.2,0.5,85.6,0.0
2010-04-12,857507.5,0,3.6197873651154415,12.680134458577127,0.1232838785308115,79.21639334669096,31.998425578466563,13.951470265342117,57.2,0.5,85.6,0.0
2010-04-13,866296.0,0,3.030420406339768,11.434779811186822,0.0203423520483569,77.9480139388393,36.78014136769567,16.70881323226514,57.2,0.5,85.6,0.0
2010-04-14,882974.5,0,3.557745140320264,11.554364543657638,0.0,79.7819262438073,46.07262331854552,13.931720805101634,57.2,0.5,85.6,0.0
2010-04-15,886573.0,0,2.3468591724941352,11.693562843719429,0.0040684704096713,79.26140394886859,30.60493795439441,12.739447827426448,57.2,0.5,85.6,0.0
2010-04-16,860341.0,0,2.928464037792141,12.752386765448213,0.0,78.82208349755808,23.90256091334613,10.751462455702349,57.2,0.5,85.6,0.0
2010-04-17,757454.5,0,1.708545396351051,14.594427073639157,0.0,77.65550841461793,28.08658527020186,9.637427023972185,57.2,0.5,85.6,0.0
2010-04-18,735122.5,0,2.575874384602845,13.892352306526854,0.3296452665530554,79.36074703860673,40.76893833033897,7.405757102930376,57.2,0.5,85.6,0.0
2010-04-19,866526.5,0,3.8601696293098087,10.897484647496034,0.8106820596992099,83.12231566299631,64.18893519418926,10.353572143368387,57.2,0.5,85.6,0.0
2010-04-20,860484.5,0,2.756343772536081,10.85622648348733,0.0040684704096713,70.78856540574843,30.33898903183579,17.120926355435053,57.2,0.5,85.6,0.0
2010-04-21,878582.5,0,1.134354156621603,10.850258609413268,0.0585459833802505,67.7012469483702,19.310356544324453,11.061218324703493,57.2,0.5,85.6,0.0
2010-04-22,880739.5,0,0.5807720829320431,12.20875417589829,0.0330913676833725,70.70542384553178,22.86972778626187,8.169988242819374,57.2,0.5,85.6,0.0
2010-04-23,857787.0,0,1.4566884324390246,14.385364046619094,0.0332725691520397,72.16621882383198,24.00739603005983,7.82639696352846,57.2,0.5,85.6,0.0
2010-04-24,747050.5,0,4.0584666944834495,17.040668030623376,0.0,70.6353430088449,23.67075320948226,10.598833987896503,57.2,0.5,85.6,0.0
2010-04-25,729024.5,0,7.654557719292595,14.636090241693752,2.788402572761501,87.15012371256198,65.26936125260598,13.17517522975278,57.2,0.5,85.6,0.0
2010-04-26,841110.0,0,7.438713014394325,15.289779726359566,0.4414562802166366,85.39932452301879,55.43212859062096,11.784024857828287,57.2,0.5,85.6,0.0
2010-04-27,843669.0,0,5.932500355290971,16.190867872574216,0.0789317510017607,80.66218009367388,32.99094887030994,10.336511215392632,57.2,0.5,85.6,0.0
2010-04-28,831818.5,0,8.469025435022445,17.481077590138796,0.6260174291735441,77.05530577275294,43.95063121313549,15.934142269815094,57.2,0.5,85.6,0.0
2010-04-29,853768.0,0,8.318539316449677,14.550631606537255,3.989833680797248,87.55767678676321,67.00358596467892,9.282732594492032,57.2,0.5,85.6,0.0
2010-04-30,824142.5,0,6.662973459026837,12.533530677592744,2.6794523875061502,88.01844178354592,72.8078648666159,14.929240145716015,57.2,0.5,85.6,0.0
2010-05-01,739745.0,0,6.553449438898436,12.846826947357188,3.066193627678175,88.26696840172418,74.56860742413062,9.886167754135698,58.0,0.3,85.9,0.0
2010-05-02,721246.5,0,4.152138252322485,8.838705014200574,4.667161801721083,84.71898292919087,84.20207558157689,17.014622513178345,58.0,0.3,85.9,0.0
2010-05-03,748347.5,1,3.072568472806964,9.322066839452,0.8160193845032652,74.917631120809,66.61016388195587,17.401633591617987,58.0,0.3,85.9,0.0
2010-05-04,867183.5,0,1.842322128308478,10.746455941829648,0.0375911339781352,75.26039974475601,61.12216288173188,12.339153630520505,58.0,0.3,85.9,0.0
2010-05-05,878046.5,0,5.040193228498319,13.20388138789193,0.1515838754696541,83.22939788753087,70.07003442757215,8.342597801523398,58.0,0.3,85.9,0.0
2010-05-06,867641.0,0,5.947751220221638,11.56196105494618,1.5483876490039927,82.81420883892632,74.91825075932688,10.71835012093416,58.0,0.3,85.9,0.0
2010-05-07,844601.5,0,4.375520089430057,11.149413960451811,0.9691504123096396,74.9744312363216,70.68154083916039,16.362353516237288,58.0,0.3,85.9,0.0
2010-05-08,762852.0,0,5.028927569571258,9.176309425488354,1.832537099938064,83.98492281580265,80.99480291677905,16.2443771823041,58.0,0.3,85.9,0.0
2010-05-09,749368.5,0,4.123604391863566,11.207311359549792,0.3145075614893108,79.62853950946241,63.68119106503448,11.773614202320136,58.0,0.3,85.9,0.0
2010-05-10,866586.5,0,3.051792433728399,9.896010036293772,1.1121421841887404,77.63905850412912,58.10757933991609,10.89046888019908,58.0,0.3,85.9,0.0
2010-05-11,883257.0,0,2.017473369773811,9.386904721657183,1.289961196755222,73.85549612388616,52.41276228218758,8.95347358700535,58.0,0.3,85.9,0.0
2010-05-12,885963.0,0,0.6961349690159226,9.52575845709302,1.168516045813111,75.90413747092822,49.113235504558666,8.235001511523352,58.0,0.3,85.9,0.0
2010-05-13,869644.0,0,0.4852527508003882,11.391111523499978,0.6159975799029723,71.12705503248146,46.39075437309093,9.146608375794088,58.0,0.3,85.9,0.0
2010-05-14,848038.5,0,4.468093702891675,11.476421249940682,1.4494836801579705,80.28056030984324,60.57555302453426,11.190700722924923,58.0,0.3,85.9,0.0
2010-05-15,739984.0,0,3.989096424371338,13.579952670079264,0.1609788413777028,76.96728515468926,36.86433401752458,10.813093191469378,58.0,0.3,85.9,0.0
2010-05-16,718801.0,0,4.483394542140583,13.526301228593718,1.0191843969974594,79.87875723275296,47.30638905676763,13.51233114765868,58.0,0.3,85.9,0.0
2010-05-17,833448.0,0,5.290531892097763,14.154423947324489,0.4439322110974212,78.31232327654989,36.76953596294549,9.572480203285446,58.0,0.3,85.9,0.0
2010-05-18,839253.5,0,4.121168405092684,16.286807883353426,0.0097576638967084,75.15187779269154,37.96252878901839,5.355869732626948,58.0,0.3,85.9,0.0
2010-05-19,836021.5,0,7.351050438040574,17.617314466194372,0.216271699488258,83.10081347494486,59.38536051215009,8.440915772312826,58.0,0.3,85.9,0.0
2010-05-20,839978.0,0,10.50083115343677,19.93281790427994,0.0651510899441836,85.25700236704925,60.29634469518616,5.399041550357024,58.0,0.3,85.9,0.0
2010-05-21,819417.5,0,10.843314914549447,22.14256260743249,0.0075016169427322,82.81052334052684,31.836114955315708,6.326885350308292,58.0,0.3,85.9,0.0
2010-05-22,710836.0,0,10.43239521252178,22.899054043936584,0.0040684704096713,78.86042258971958,9.925634096032814,7.409584733085507,58.0,0.3,85.9,0.0
2010-05-23,685354.5,0,11.308044386906705,24.03008622997923,0.1159103876261375,75.91509659918925,7.130343610011977,8.29941677880666,58.0,0.3,85.9,0.0
2010-05-24,809876.0,0,10.601581407488256,21.387854971332075,0.0410471070340481,75.171282565368,14.773094850518392,9.95765457185717,58.0,0.3,85.9,0.0
2010-05-25,810576.5,0,8.112246129848646,15.444487660584755,0.1502695570468214,80.20496643914112,48.35069772876866,12.375944333281126,58.0,0.3,85.9,0.0
2010-05-26,814562.0,0,7.232696284738298,13.153985504128382,1.8903842865253253,78.66922688746178,63.81065224107464,10.124241103403442,58.0,0.3,85.9,0.0
2010-05-27,808233.0,0,5.997795567050536,13.245042200330507,1.212359395749638,77.45578460724612,52.63652919200932,11.078277239568644,58.0,0.3,85.9,0.0
2010-05-28,783139.5,0,5.666552892621725,15.23633972295664,0.3990986520088446,71.57682956716708,37.73801685923274,12.99071610247526,58.0,0.3,85.9,0.0
2010-05-29,709633.5,0,7.054574229873013,13.387852282062182,6.158283547520106,91.91238733649548,84.21332024883154,14.003583751793974,58.0,0.3,85.9,0.0
2010-05-30,653098.5,0,9.456838708840648,15.046065687276576,0.3806233908945686,75.00332399905682,57.0624608288631,20.057533087547384,58.0,0.3,85.9,0.0
2010-05-31,689219.0,1,8.15036231995415,15.93300732108395,0.4478315510184311,76.87152936658136,49.87322024118479,11.14735789836416,58.0,0.3,85.9,0.0
2010-06-01,805323.0,0,8.800422780888248,13.32083990232326,6.269481601275507,93.9599685426112,81.82918753437656,7.1723248649095215,58.0,0.1,85.9,0.0
2010-06-02,792119.0,0,7.079302512189923,19.971949070944845,0.0,79.85504692361047,28.99886213149012,6.049117009733497,58.0,0.1,85.9,0.0
2010-06-03,791576.0,0,8.612796339101505,20.614290313047,0.0,72.57013611270862,6.095687526754394,9.313456488781044,58.0,0.1,85.9,0.0
2010-06-04,783776.5,0,9.49376468956052,22.207352190350395,0.0560699649061036,75.57958302609065,13.7899390848098,9.272554476309717,58.0,0.1,85.9,0.0
2010-06-05,708190.0,0,11.272165823024771,22.41761406315426,0.3040276933944646,79.02019990526394,38.29913296094578,6.993058979038816,58.0,0.1,85.9,0.0
2010-06-06,689237.5,0,11.60149963831625,18.61057011538228,3.278468374431934,89.63157269855664,71.77676555024982,9.322666638841689,58.0,0.1,85.9,0.0
2010-06-07,805369.5,0,10.58385762826926,16.395478037239904,3.4276667353480588,89.4997456719044,83.19969113658442,8.971877290489585,58.0,0.1,85.9,0.0
2010-06-08,823721.5,0,10.946419401567066,15.907354513879584,8.705017612105365,93.43029209589464,88.07927983011928,11.78232147427804,58.0,0.1,85.9,0.0
2010-06-09,815743.5,0,10.512565744196891,17.443881545252637,4.31773529851449,89.96483779614854,78.92253905373106,11.10024943516112,58.0,0.1,85.9,0.0
2010-06-10,814339.0,0,11.179955337834995,15.879816712887276,0.2591877615046044,87.67045703634713,85.58859728973229,18.27084609840109,58.0,0.1,85.9,0.0
2010-06-11,794888.0,0,9.51441185882581,17.447243163353445,1.923280470073313,80.82807141053466,49.66631805020741,12.25260697823431,58.0,0.1,85.9,0.0
2010-06-12,692467.0,0,8.746250235733715,17.571808469767934,0.0,74.96796343465806,34.49559761908333,12.116193255790566,58.0,0.1,85.9,0.0
2010-06-13,687913.0,0,8.425997838994917,16.2303156661927,4.493570478172472,84.48692460074024,63.67545174816681,10.701591267120046,58.0,0.1,85.9,0.0
2010-06-14,803290.0,0,9.714732407503254,16.25779749963672,0.5198100748471449,79.96976017429174,62.01587291610781,14.194914040484484,58.0,0.1,85.9,0.0
2010-06-15,804497.0,0,7.508016652082116,16.725802087807764,0.0040684704096713,72.28723375613369,22.35971644891469,12.768947258715016,58.0,0.1,85.9,0.0
2010-06-16,806479.5,0,7.612682329425296,19.021614491962183,0.0,73.87735848969619,18.81849578101192,10.893236922649098,58.0,0.1,85.9,0.0
2010-06-17,805572.0,0,8.186641262337755,20.31849060224647,0.0,74.02298376062093,16.480321060099744,10.768907073339188,58.0,0.1,85.9,0.0
2010-06-18,793184.0,0,8.93316709445011,17.286998452701674,1.168199185277234,83.66735341911622,54.88859868507918,9.63541657190192,58.0,0.1,85.9,0.0
2010-06-19,680155.5,0,7.484194807391724,14.191703282741049,0.165158478521124,73.07910439751872,47.658649389649455,15.742045508470556,58.0,0.1,85.9,0.0
2010-06-20,666025.5,0,7.061094003598151,17.845799968970436,0.0292729916901252,70.39708551374214,33.8418957330415,10.894194072222172,58.0,0.1,85.9,0.0
2010-06-21,800563.5,0,8.753420920343764,20.67470746583121,0.0,72.79309316811114,42.84109517581248,6.080249934289611,58.0,0.1,85.9,0.0
2010-06-22,814275.5,0,10.82838368855464,22.73025230699401,0.0097576638967084,69.70517328241404,13.778150846957123,8.431761820309317,58.0,0.1,85.9,0.0
2010-06-23,812499.0,0,11.22109021034455,22.52706017129205,0.0831814228800992,73.69317578862916,21.24662230774885,8.825706543427007,58.0,0.1,85.9,0.0
2010-06-24,815895.0,0,12.316725165714349,20.72185145813136,0.2199814551021627,78.19282685970235,46.08387966491513,9.99904836727202,58.0,0.1,85.9,0.0
2010-06-25,800488.5,0,11.473137021343767,22.803716583285983,0.0780613111736674,74.42965990232818,29.5599685671988,6.403123370302445,58.0,0.1,85.9,0.0
2010-06-26,701742.0,0,12.820133208297138,23.3556889214866,0.1233586171829532,77.5763077566043,30.831541029714373,9.178054807750703,58.0,0.1,85.9,0.0
2010-06-27,674392.5,0,12.698884125107664,24.39243541265018,0.2079535572002481,72.39391461866214,18.633817071005826,9.489677921358496,58.0,0.1,85.9,0.0
2010-06-28,802457.5,0,12.84567987386064,23.823399703080018,1.224300367228256,71.73941867574081,33.632093879061905,10.213954516977624,58.0,0.1,85.9,0.0
2010-06-29,825273.0,0,13.619476900431732,21.569386728443856,2.761571192258148,78.50885891604536,49.814427714761095,12.536995025803469,58.0,0.1,85.9,0.0
2010-06-30,823084.5,0,12.401297632655693,22.83672031765225,0.0240751815979438,73.11083695242469,29.42093746288808,8.211920414699556,58.0,0.1,85.9,0.0
2010-07-01,810982.0,0,13.243810069069056,21.729974712872032,2.0306711815256566,75.99607779974818,56.787730917617,14.886812963768437,57.5,0.3,86.2,0.0
2010-07-02,799077.0,0,15.042274754130045,22.807995903212348,2.0425679091359936,71.82737598070757,45.92032967252499,14.35032204544823,57.5,0.3,86.2,0.0
2010-07-03,695846.5,0,12.63302877684752,21.18095022939012,0.2688789082314156,70.10768941557463,38.17861211667608,11.314788107661276,57.5,0.3,86.2,0.0
2010-07-04,656707.0,0,11.459345046911931,20.07100642191504,1.3637048989461504,75.65568562982024,42.9541217625186,19.19544169060476,57.5,0.3,86.2,0.0
2010-07-05,780629.5,0,12.083577898098616,18.92496437562591,0.2107829703259505,71.99628270674677,49.27532124327744,13.99663776720893,57.5,0.3,86.2,0.0
2010-07-06,794022.5,0,9.619254536229722,19.46604978093669,0.0867062888837692,71.7702775560112,46.05917712275291,12.186619825014894,57.5,0.3,86.2,0.0
2010-07-07,792989.0,0,13.46769022020418,19.636709603601,1.0561247691530724,83.73048662692162,69.56351852639565,17.41055618957441,57.5,0.3,86.2,0.0
2010-07-08,808544.5,0,13.67715835884093,21.966297316704896,0.2904722686791462,77.45264297142256,61.98367413400592,10.743935834696511,57.5,0.3,86.2,0.0
2010-07-09,813009.0,0,13.147592325862552,23.53112899053844,0.353364084545482,76.11121807575394,41.44739382393648,11.530981603181049,57.5,0.3,86.2,0.0
2010-07-10,717828.5,0,15.109317714709464,23.80396296650996,1.9933645507880453,75.76059351049362,48.343872361780136,13.297948114732677,57.5,0.3,86.2,0.0
2010-07-11,674533.0,0,13.92645161871304,20.678460395752342,0.6427954674707144,70.49677816246461,49.78816573414056,15.999375167349424,57.5,0.3,86.2,0.0
2010-07-12,807141.0,0,12.36815542394081,17.84142769250931,3.880668112684527,84.46358173806868,77.21470248745479,8.533132942259193,57.5,0.3,86.2,0.0
2010-07-13,815116.0,0,11.590967873459372,17.78705984489152,2.9055599164414647,89.0326493500634,88.25747268193541,11.733229943455871,57.5,0.3,86.2,0.0
2010-07-14,813859.5,0,13.442470462288876,18.379436526960685,4.90408020792021,90.78744865184902,67.27748172587323,17.280219802173004,57.5,0.3,86.2,0.0
2010-07-15,796268.0,0,13.437853446900228,18.47346248446985,5.2503158370765926,83.24520682974973,80.06329958909186,23.9009608592288,57.5,0.3,86.2,0.0
2010-07-16,766492.0,0,12.39655151694492,17.856660393342757,3.23241673590128,80.26294503882261,66.93034471338099,22.84929302321636,57.5,0.3,86.2,0.0
2010-07-17,681323.0,0,11.137196069473768,17.727448996690264,0.8729720845794129,76.04346968126343,48.346086967853424,15.849326646773653,57.5,0.3,86.2,0.0
2010-07-18,661989.0,0,10.656760646250918,20.39380315995052,1.272257922066618,81.84536704261943,62.92250357073573,16.512062635585306,57.5,0.3,86.2,0.0
2010-07-19,799229.0,0,13.65418215891022,23.196890915099228,3.8072119195695,74.42135638966839,52.71096074489641,13.926408528925723,57.5,0.3,86.2,0.0
2010-07-20,831040.0,0,15.043375418511864,21.842086824876464,10.908105622350533,80.0940372217082,64.6157770336474,10.16090458064724,57.5,0.3,86.2,0.0
2010-07-21,820320.0,0,13.697200411645774,20.364880016149144,5.786175047435648,78.37345522190441,52.16559611186281,12.143434975851278,57.5,0.3,86.2,0.0
2010-07-22,804968.0,0,11.49871820176544,18.62023373781592,5.573324787704425,84.58614965458095,58.12328891745423,9.957996785292872,57.5,0.3,86.2,0.0
2010-07-23,781479.5,0,10.38394056227931,19.272762103312715,0.2377009345627794,79.04479744296228,56.21769845705368,7.402255258613716,57.5,0.3,86.2,0.0
2010-07-24,693467.0,0,10.132727501783217,19.6996281461999,0.1283878945727521,80.67396404406198,58.265945126846255,8.887791688969678,57.5,0.3,86.2,0.0
2010-07-25,671532.0,0,14.649694151640151,20.80192545270093,0.2096761021826667,84.36036247301202,75.7557250253191,11.207784148564244,57.5,0.3,86.2,0.0
2010-07-26,791350.0,0,14.623226495658196,19.220917605319187,0.6354640720918573,90.60650369342792,84.3566207150864,10.659827904552865,57.5,0.3,86.2,0.0
2010-07-27,801102.0,0,14.333381627498191,19.819429710660376,2.55986979876762,89.86881043788321,72.38069937736795,10.65763933061214,57.5,0.3,86.2,0.0
2010-07-28,787837.5,0,12.59968974431098,18.45097663832781,0.6565864107596366,83.37752617719947,65.66011359721904,12.0664957786761,57.5,0.3,86.2,0.0
2010-07-29,781196.5,0,11.47791878908969,18.797119896441902,0.2028971796535556,81.21178695007657,60.55991210789831,11.789796799381572,57.5,0.3,86.2,0.0
2010-07-30,769686.0,0,10.915772235989918,19.66612422300077,1.4951441405634351,82.23189452886328,66.83679938218711,10.718015468188671,57.5,0.3,86.2,0.0
2010-07-31,681582.5,0,13.209650532604524,19.100907998939785,1.071186781258045,85.6456562513139,72.60275967651556,12.161536005850868,57.5,0.3,86.2,0.0
2010-08-01,662260.5,0,11.7034460642489,19.110336148901585,0.7351027310319495,82.40286100513168,59.95775533495824,9.408188802236683,56.9,0.1,86.2,0.0
2010-08-02,770684.5,0,11.422916289144398,19.5493348866966,0.8604255986284048,82.00933500901996,55.67957521337743,8.718409715154992,56.9,0.1,86.2,0.0
2010-08-03,775971.0,0,10.62574116278252,19.09968106181104,0.4330003474229356,82.98728868178198,57.20172522349523,10.409210309880113,56.9,0.1,86.2,0.0
2010-08-04,773845.5,0,11.354672024020129,17.185904264081756,6.755763363550686,85.97836184246276,70.45454606783869,12.994486766210429,56.9,0.1,86.2,0.0
2010-08-05,760809.0,0,9.951580494673218,18.267512863623097,0.2164612407670449,77.50002132975206,47.45887002964528,13.305473122176574,56.9,0.1,86.2,0.0
2010-08-06,757810.0,0,10.220570151649005,17.723097373821915,1.9401172927368933,91.4575254869023,79.81397965166241,13.357820882454256,56.9,0.1,86.2,0.0
2010-08-07,685234.5,0,13.094037390748026,19.44896587891241,3.17224071534948,89.0469868621021,72.56955037435867,10.534859745508395,56.9,0.1,86.2,0.0
2010-08-08,664849.0,0,12.07920698932332,20.28498454299869,0.1159084405947349,82.00153754011777,64.5189879204758,7.028008761303232,56.9,0.1,86.2,0.0
2010-08-09,773350.5,0,11.616088020817838,19.597060452820187,1.887307844750877,82.93791474688653,48.984593387924384,12.656694674618628,56.9,0.1,86.2,0.0
2010-08-10,785416.0,0,12.439750027599592,18.217167164893613,5.273624575218295,87.18652259638282,65.69870824685665,12.81997272803718,56.9,0.1,86.2,0.0
2010-08-11,778008.0,0,10.517890114403691,18.57093064597308,0.5909950335485651,80.53483581868997,50.16512916240584,12.47395681837796,56.9,0.1,86.2,0.0
2010-08-12,781866.5,0,11.315112218468787,18.674894823422846,1.9346587878947328,82.00109053735977,56.95608663530599,12.782025208939366,56.9,0.1,86.2,0.0
2010-08-13,771632.5,0,10.618725795034235,15.774282524306695,5.841286685636828,89.20261526425904,79.1198471591106,13.9252500990266,56.9,0.1,86.2,0.0
2010-08-14,690918.5,0,11.38557049034334,18.758014393095404,4.769632292593056,85.45908406479425,61.30042895852537,11.4719070876,56.9,0.1,86.2,0.0
2010-08-15,658859.0,0,11.648707619872592,20.71984673804777,0.0175781145310564,80.51541434180565,48.61172533352479,12.523568515466469,56.9,0.1,86.2,0.0
2010-08-16,775824.0,0,11.582775988551026,20.908557047804955,0.3690889110122743,77.9721692990982,43.78115176481262,13.805565464021072,56.9,0.1,86.2,0.0
2010-08-17,798563.5,0,11.608827407022568,18.848050764932854,2.542234395104213,86.8407233650407,66.42456382808442,12.365647810387232,56.9,0.1,86.2,0.0
2010-08-18,787541.0,0,10.232486951969824,18.255132771252363,1.022479129114214,80.11456667778846,46.41605290356321,12.572661214200131,56.9,0.1,86.2,0.0
2010-08-19,792028.0,0,10.460998179533322,19.551287834492925,3.766604068659426,81.93935933046953,65.28695261217544,13.836032448515388,56.9,0.1,86.2,0.0
2010-08-20,773209.5,0,14.443046688307042,21.7615745561506,4.369632395553675,88.2296078657241,73.32405304199146,19.245172898847308,56.9,0.1,86.2,0.0
2010-08-21,688902.0,0,15.47786048571841,20.45380522776856,3.2443399351477185,88.72333628855921,76.34950871802904,15.402791329990563,56.9,0.1,86.2,0.0
2010-08-22,676332.5,0,13.607733857680518,20.380020436607115,2.395853122774053,83.90024834101246,65.97687381564553,9.741664631017418,56.9,0.1,86.2,0.0
2010-08-23,785981.5,0,11.180152914652224,17.630873980136652,14.99129464587571,89.99006380853726,66.49581732474996,15.182432631791436,56.9,0.1,86.2,0.0
2010-08-24,770270.5,0,10.156189814139791,17.00594090453885,1.731036223020937,81.12123551390196,50.8610475453082,19.86776374330633,56.9,0.1,86.2,0.0
2010-08-25,802012.5,0,10.01031872857958,16.802832704792053,11.19480492220603,87.21636101398322,66.11540354784466,9.358040649589917,56.9,0.1,86.2,0.0
2010-08-26,806266.5,0,11.566706094948993,16.064591837060856,7.313318146590842,91.51958151149384,83.18252847737043,14.104571383857104,56.9,0.1,86.2,0.0
2010-08-27,775743.0,0,9.364635261854364,17.220139699426298,2.5696640106105373,82.90443369016513,48.88965546057635,12.31111527188119,56.9,0.1,86.2,0.0
2010-08-28,673009.0,0,8.9088995993203,16.94904896966848,1.3535795503860375,83.24076417125369,54.50061109432324,15.672426657616787,56.9,0.1,86.2,0.0
2010-08-29,634393.5,0,9.32133414402783,14.626234912734882,1.2747862276311142,82.42143304154396,49.45475175856737,20.41374102275608,56.9,0.1,86.2,0.0
2010-08-30,677277.5,1,7.83554701224881,16.320945337070324,0.2634569252111277,79.3064860395236,24.1208777641699,12.186694340841816,56.9,0.1,86.2,0.0
2010-08-31,792448.0,0,7.564193548506069,18.62869763853213,0.0,79.21890973494801,25.005410657352225,6.68521979110858,56.9,0.1,86.2,0.0
2010-09-01,810353.0,0,8.066037726860662,17.77078611999885,0.0,77.70542767197865,20.66681777802256,5.170284692565125,53.7,-1.1,85.3,0.0
2010-09-02,807379.5,0,9.279089478986077,19.791703276594145,0.0585459833802505,79.41784444906418,28.458291667578457,8.582849182793884,53.7,-1.1,85.3,0.0
2010-09-03,795307.0,0,9.848158289626808,19.366753930145123,0.0,82.6612587959103,41.55581361447955,8.658318609452609,53.7,-1.1,85.3,0.0
2010-09-04,699974.5,0,10.203902794480278,19.427562456218688,0.1916199414986984,83.1945150450359,54.83616429957643,10.690709051977963,53.7,-1.1,85.3,0.0
2010-09-05,671789.5,0,11.53965680367457,17.74825541683499,0.9875990588723286,78.59083075142934,51.799925312059806,15.27574144554004,53.7,-1.1,85.3,0.0
2010-09-06,780876.0,0,12.279186431007536,18.361865836351257,10.202149212249845,75.93521584172365,55.482775579782,22.10840660543696,53.7,-1.1,85.3,0.0
2010-09-07,816066.5,0,11.362178083636724,17.594403915183563,7.955528078559383,88.99751139574275,67.11222550699038,12.432764610634289,53.7,-1.1,85.3,0.0
2010-09-08,830497.5,0,10.791752175204428,18.16156457358076,1.3939576147091937,88.42936200806031,60.71402831054349,7.482620109247671,53.7,-1.1,85.3,0.0
2010-09-09,825252.0,0,10.854481639078958,18.984312167129858,0.5896274890960095,87.73370841835523,51.48871305742264,9.662253180345942,53.7,-1.1,85.3,0.0
2010-09-10,802642.0,0,12.115859417509672,18.75560194896153,3.724185704443645,93.85202038853834,80.38342366923861,15.269434124136453,53.7,-1.1,85.3,0.0
2010-09-11,707924.0,0,11.966224245400088,18.39339411431616,3.8656708213171633,89.98900486625692,62.45437106552131,15.343932048204502,53.7,-1.1,85.3,0.0
2010-09-12,684608.5,0,9.86117454031618,17.46976853407929,0.4862379241024723,83.34814903853838,47.61940375229064,12.4652376521635,53.7,-1.1,85.3,0.0
2010-09-13,796564.5,0,10.05572542179431,16.973367099908558,2.630950910159576,90.62031888778436,78.30231764045487,17.988984919557943,53.7,-1.1,85.3,0.0
2010-09-14,809166.5,0,10.904224941352402,16.96325101934086,4.853349960500004,89.30527526874873,68.00704711650027,22.68842246567508,53.7,-1.1,85.3,0.0
2010-09-15,801437.5,0,8.954174349270449,14.54042114027994,1.1307400299083694,82.80664447593844,47.87714599127288,21.746558379961687,53.7,-1.1,85.3,0.0
2010-09-16,816143.0,0,8.682890453098027,14.717355459887894,0.4994897840322648,84.59823025448914,46.68669186671352,15.732621123486602,53.7,-1.1,85.3,0.0
2010-09-17,806411.5,0,6.955120603458641,13.89793535376285,0.0,78.17916512276963,34.944014933039334,13.14064982964474,53.7,-1.1,85.3,0.0
2010-09-18,729752.0,0,6.179977205441041,15.437675278928,1.267959843330205,80.77516781658822,55.87840235669788,11.289403074901974,53.7,-1.1,85.3,0.0
2010-09-19,701793.5,0,10.263379240655908,15.277863095078567,3.769922117514517,90.1140537648672,81.62635230320753,15.7379440799058,53.7,-1.1,85.3,0.0
2010-09-20,813720.5,0,11.223765542135911,18.31013839075073,1.2611582710016918,88.58674598097066,66.58225325595285,14.43263965947143,53.7,-1.1,85.3,0.0
2010-09-21,842163.5,0,9.58841123835746,19.01421704811476,0.0,86.60467769453778,53.32713735794815,8.453069520362106,53.7,-1.1,85.3,0.0
2010-09-22,833736.5,0,11.333873471910746,19.666581767696748,3.569911191395123,86.37766646488434,55.105583302332455,12.43260519071503,53.7,-1.1,85.3,0.0
2010-09-23,839730.0,0,11.005714160668724,16.903581053303725,6.72193556466308,91.80150735575248,67.71530390040641,12.03754973766249,53.7,-1.1,85.3,0.0
2010-09-24,814059.5,0,7.125454271470332,11.901996381810184,1.9348512059239424,87.03045874764481,61.19489263389614,17.167798331927333,53.7,-1.1,85.3,0.0
2010-09-25,729911.5,0,4.356341476667956,12.171108961470969,0.2927299169012529,79.4127807997317,23.22868954920829,16.063540962590196,53.7,-1.1,85.3,0.0
2010-09-26,730871.0,0,5.391661824956375,12.68779220838295,2.61663038047606,87.07413378155728,58.99554074486691,15.739178009136264,53.7,-1.1,85.3,0.0
2010-09-27,870733.5,0,8.652651472588872,14.498107322583794,0.1761861662604383,93.9462948038511,93.14480920813388,8.85401671809985,53.7,-1.1,85.3,0.0
2010-09-28,881594.0,0,11.279989616037415,15.792020718012315,0.8317028223380408,93.58171575542114,88.63150400691994,8.306433944523958,53.7,-1.1,85.3,0.0
2010-09-29,876595.0,0,9.671186873461584,15.032866550867215,11.616164956987664,96.21908114132737,90.60171748454484,12.68212379603692,53.7,-1.1,85.3,0.0
2010-09-30,865343.0,0,7.317155617937055,15.442031972991002,0.843224258492991,89.44104968258624,64.20356429992066,10.14727079675414,53.7,-1.1,85.3,0.0
2010-10-01,846413.5,0,9.389886722419892,14.438647672819553,15.097662817004988,96.22636681911804,86.44069651229664,18.84629965068381,53.4,0.5,85.8,0.0
2010-10-02,754645.5,0,7.808064840725148,15.318786068487803,4.954194718568981,91.18292429179692,74.53769336004204,12.388143998692923,53.4,0.5,85.8,0.0
2010-10-03,741783.0,0,10.233125584416769,14.966711940653376,11.911669350609245,96.33550467545706,83.43811933117274,14.612188149189752,53.4,0.5,85.8,0.0
2010-10-04,850790.0,0,8.678674861184499,16.599424413259705,2.6150885851649672,90.6172560552523,56.9831516626511,10.35241329855334,53.4,0.5,85.8,0.0
2010-10-05,849407.0,0,10.6596717732265,16.145212352741726,0.2963494452051577,90.7884665020854,58.15338897796434,15.657246958451118,53.4,0.5,85.8,0.0
2010-10-06,851017.5,0,9.731905654757002,15.136559050588763,5.218625180995548,88.7465239419398,50.49939227110595,15.0823772543458,53.4,0.5,85.8,0.0
2010-10-07,856678.0,0,8.384912280011577,16.285196887749443,0.4376307323247659,88.5636437695364,46.66810215795622,12.765541551955218,53.4,0.5,85.8,0.0
2010-10-08,835504.5,0,11.694045206534698,17.799883405551242,0.7821107261852396,93.45076188091778,66.72003132953324,15.470207422925832,53.4,0.5,85.8,0.0
2010-10-09,741722.5,0,11.144628443095296,15.66924439076696,0.0175580802387161,91.66517196021528,62.55716556424017,17.023129165602228,53.4,0.5,85.8,0.0
2010-10-10,714938.5,0,9.521696829722684,16.401332086044835,0.0,88.45912048519223,34.76034987800857,16.169439001703676,53.4,0.5,85.8,0.0
2010-10-11,833115.0,0,7.568035593147826,14.89463417508198,0.0,87.52985373875516,30.382928997250858,14.841097065985032,53.4,0.5,85.8,0.0
2010-10-12,871506.5,0,6.6490379236844825,13.487075215221502,0.0,87.75613520813043,36.35639924218526,9.55540801111065,53.4,0.5,85.8,0.0
2010-10-13,888765.5,0,5.2982956145046245,12.094830756100984,0.0,86.74972285152845,37.688155090778686,8.602290990558604,53.4,0.5,85.8,0.0
2010-10-14,902092.5,0,5.625172144007667,12.059485789467605,0.0135305143924807,88.54349695814378,61.428380762629,8.153411982747366,53.4,0.5,85.8,0.0
2010-10-15,879077.0,0,6.782699047771023,12.3654413973975,1.659846208492118,88.69821729374499,73.53815632937956,11.890264295912877,53.4,0.5,85.8,0.0
2010-10-16,775338.5,0,5.02093330758191,11.825213423532162,0.1339462128195375,86.65740765385267,41.351106912708325,12.950880823483333,53.4,0.5,85.8,0.0
2010-10-17,766691.0,0,3.4274439746708274,12.08804268544406,0.0083181422880099,81.94712525039408,25.773976101211456,10.19019452549477,53.4,0.5,85.8,0.0
2010-10-18,879650.5,0,5.9974215126593,12.8798111192059,1.5578786141635947,87.9517057531812,69.10666280600203,17.21595928316297,53.4,0.5,85.8,0.0
2010-10-19,901056.5,0,3.79166691766519,10.313848953145603,2.25030365545234,87.87072559759572,43.35952122328772,17.193478631153635,53.4,0.5,85.8,0.0
2010-10-20,923889.0,0,1.7748403249842823,7.424871818639819,0.446757413594834,78.6336841903386,17.577831696700024,15.631977087912263,53.4,0.5,85.8,0.0
2010-10-21,924799.5,0,1.960485620058966,10.708694120659764,0.5340690479111718,85.91509687579986,45.32010015332834,16.438689210513957,53.4,0.5,85.8,0.0
2010-10-22,902040.0,0,5.541501335476061,12.123443020302728,2.4109210205382765,88.11591186595622,65.45205260752839,16.37372817511493,53.4,0.5,85.8,0.0
2010-10-23,806106.5,0,3.868876855165943,10.18922846291291,6.415108356677221,92.17056602093044,67.587869020078,16.74365366113208,53.4,0.5,85.8,0.0
2010-10-24,793034.0,0,2.3672175141729133,8.772626410437539,0.3122452446946698,88.24446280865749,35.51909029713882,13.320659997851044,53.4,0.5,85.8,0.0
2010-10-25,932932.5,0,0.1995882528019426,9.060731659056392,0.0,81.91035968846514,23.69423405475021,10.023782735022518,53.4,0.5,85.8,0.0
2010-10-26,935472.5,0,3.201358745161466,12.461259914646568,5.902065433040684,93.08623438963347,82.6081369561866,20.223569455942567,53.4,0.5,85.8,0.0
2010-10-27,885405.0,0,9.03753994872008,13.864155649778011,1.7142492133194038,91.34537569438486,54.77103457780245,20.178925209160656,53.4,0.5,85.8,0.0
2010-10-28,886888.5,0,8.84731095446891,13.269269863531386,1.0639028415040832,89.57258809679355,70.63156974804338,20.49748494869426,53.4,0.5,85.8,0.0
2010-10-29,866694.5,0,9.371786153438,13.43757794272513,2.7932884429133464,90.86308905460392,76.75699996975725,23.858579594643736,53.4,0.5,85.8,0.0
2010-10-30,791000.5,0,7.413273120529204,12.146069784187167,0.2958207439645407,90.74895757752044,47.60235768445195,16.029473829439187,53.4,0.5,85.8,0.0
2010-10-31,824145.5,0,6.909734487000407,11.8840726438492,1.3982631096836091,94.54196272198617,83.69210687299933,10.047052833734398,53.4,0.5,85.8,0.0
2010-11-01,908495.0,0,6.470830442240138,11.956162503451486,0.6627467043996332,93.48260713928316,67.45580387778581,12.414970326442328,55.4,-0.1,85.7,0.0
2010-11-02,897944.0,0,9.25040248381582,12.912330569849836,5.382356708323815,92.3935718520052,68.97823612293706,23.141036961571285,55.4,-0.1,85.7,0.0
2010-11-03,903093.5,0,9.249068129563922,12.588513276940828,1.5285953433155754,92.50005229477398,73.87861107477609,18.84654434350957,55.4,-0.1,85.7,0.0
2010-11-04,891576.0,0,11.538069304605823,14.661133168588147,3.890024961649474,94.84434784006449,84.40344317827812,25.62335651801571,55.4,-0.1,85.7,0.0
2010-11-05,889372.5,0,9.026318885571474,13.533507657442462,3.937226173929314,94.44810523571036,81.43249107346803,17.47568935361385,55.4,-0.1,85.7,0.0
2010-11-06,815810.5,0,4.263728830374747,9.616275117166111,2.031532178174611,90.1507980277786,47.60751508941653,8.847123735182583,55.4,-0.1,85.7,0.0
2010-11-07,810942.5,0,2.304413534471461,7.256476023145793,1.2045869247636332,90.07793630161524,46.517247240593946,11.8294212703484,55.4,-0.1,85.7,0.0
2010-11-08,953734.5,0,2.809881619261344,5.202015987356067,13.215863359210973,96.28786899241692,90.06711108362762,22.11069723332831,55.4,-0.1,85.7,0.0
2010-11-09,968329.5,0,2.78087613769947,6.859156911737117,2.136475162272082,93.86936501143693,76.65062868061162,22.36456803010704,55.4,-0.1,85.7,0.0
2010-11-10,990653.0,0,0.5751523694219625,5.676505511681697,0.0040684704096713,83.47175197051257,25.669988995814943,16.708476673979842,55.4,-0.1,85.7,0.0
2010-11-11,973109.0,0,1.860028895974492,10.522150409666471,7.690887664063903,91.21888892768268,60.53038052830907,30.86786618143837,55.4,-0.1,85.7,0.0
2010-11-12,933057.0,0,6.567887314489552,10.145403736554572,2.2858249475238925,89.06085255326353,49.36438223997557,27.20893936670675,55.4,-0.1,85.7,0.0
2010-11-13,846169.0,0,5.4714592396429,8.959839749634197,1.5293772416217102,90.45897421964456,41.62996765008093,14.876696621957375,55.4,-0.1,85.7,0.0
2010-11-14,854094.5,0,2.8157253720044,7.198870709492711,4.49783165397905,94.15998219180844,64.75642186893377,9.748166471154184,55.4,-0.1,85.7,0.0
2010-11-15,990127.0,0,0.5456684129607196,7.090582954417767,0.2406536007694938,93.06223182600628,34.14528210471912,7.861111857276789,55.4,-0.1,85.7,0.0
2010-11-16,1003142.0,0,0.6878578419355957,7.089847016502467,0.072826859395012,93.68861349604104,35.68234572995575,10.881403689469298,55.4,-0.1,85.7,0.0
2010-11-17,987787.0,0,3.683509815005278,5.805249421023243,6.568348822400986,94.25003611305284,86.96814040398428,23.191305824018112,55.4,-0.1,85.7,0.0
2010-11-18,988004.0,0,3.9789671279630223,7.883970589898573,1.4030750756253427,95.73675178057329,89.21183953682844,16.24616328779626,55.4,-0.1,85.7,0.0
2010-11-19,975083.0,0,3.367648442780573,8.534393364639918,0.1078208163750535,95.70932659083684,72.79912901156085,7.386050778578979,55.4,-0.1,85.7,0.0
2010-11-20,886871.5,0,4.036749764389223,6.900782660522059,0.4132602612089384,94.97694246118049,83.45835285999397,10.669069665060194,55.4,-0.1,85.7,0.0
2010-11-21,865156.0,0,3.103290799635808,6.012468915113488,0.5122610775790744,93.89037025314666,83.01921715384148,13.734232503271995,55.4,-0.1,85.7,0.0
2010-11-22,994120.5,0,3.143975503732522,6.636735743304364,0.6726250504353358,93.95257005379032,88.94972403788066,12.668560117568118,55.4,-0.1,85.7,0.0
2010-11-23,1005651.0,0,1.169143489360572,5.827706330621238,0.2813848553596934,92.55830495410844,63.36492029372851,12.81253602084931,55.4,-0.1,85.7,0.0
2010-11-24,1027541.5,0,-0.4482201213201874,3.9588231287783473,0.2341839335210023,91.08926319905956,53.982129755459006,12.4169539780172,55.4,-0.1,85.7,0.0
2010-11-25,1043462.5,0,-1.5412279673496203,2.196566865760744,0.4912246172876965,86.72787279489089,44.54197082053036,14.97650274250207,55.4,-0.1,85.7,0.0
2010-11-26,1049193.5,0,-2.498419154953334,2.261800193578257,0.7699508097191874,88.0686954631433,42.29421073647516,9.886567241336492,55.4,-0.1,85.7,0.0
2010-11-27,966311.0,0,-3.837278779121873,1.0243982551156368,0.3548941285155058,87.20947984848623,36.1509254377025,13.226548629130074,55.4,-0.1,85.7,0.0
2010-11-28,970726.5,0,-5.574631911177749,-0.3110157688951483,0.1950233400965653,89.68717621190488,45.31644080999949,10.08107763009366,55.4,-0.1,85.7,0.0
2010-11-29,1095242.5,0,-3.5807809959408314,0.4343532007782471,0.6883545977233348,93.34569086144906,48.33905355894597,13.58893166586716,55.4,-0.1,85.7,0.0
2010-11-30,1106285.5,0,-2.9241017346805047,0.7281415374731165,1.814970550804273,94.5725304234798,78.68763309580882,18.541464853609057,55.4,-0.1,85.7,0.0
2010-12-01,1113299.0,0,-3.2401649404524955,-0.9424697707623316,1.6597162860217711,93.8701065430336,80.56285690453295,20.62421943557173,57.5,-2.0,84.0,0.0
2010-12-02,1120274.5,0,-4.892984915009237,-0.4954208956332158,1.853165369014545,95.38633977520531,80.84797331395994,16.417212439904805,57.5,-2.0,84.0,0.0
2010-12-03,1123780.5,0,-7.044161407581688,-0.3549629876552984,0.9810490930982824,95.65008129893396,43.48146561336622,13.622450940955558,57.5,-2.0,84.0,0.0
2010-12-04,1007555.0,0,-0.7702308241840786,2.5964947072709745,3.0423375309097,98.2252091422145,82.93468308967421,13.56690259605826,57.5,-2.0,84.0,0.0
2010-12-05,979078.0,0,-3.8967400424480494,1.0970913410058152,0.0,95.85730420455516,39.91082760605927,10.30130031270523,57.5,-2.0,84.0,0.0
2010-12-06,1131052.0,0,-5.7415185652440845,-0.8358154167513915,0.5649088697100063,92.49195604030302,28.107954592953337,7.809943364898088,57.5,-2.0,84.0,0.0
2010-12-07,1151705.0,0,-5.898817388185997,-0.8908463153867545,0.0,90.8698095093321,32.53396378835083,8.735603523797979,57.5,-2.0,84.0,0.0
2010-12-08,1140512.5,0,-4.935576987619401,-0.8211138544054483,0.0585459833802505,93.67326202168184,28.975745367263908,15.24219887369074,57.5,-2.0,84.0,0.0
2010-12-09,1123500.0,0,-3.933624546942543,2.756049873754914,0.0,94.86440152588251,39.609875407816254,17.658822563263307,57.5,-2.0,84.0,0.0
2010-12-10,1071093.5,0,1.882075837902736,5.179563273019105,0.0,98.30192725066996,71.88809994076844,17.97758936121142,57.5,-2.0,84.0,0.0
2010-12-11,956581.5,0,1.844839392499156,6.0,0.0,96.9868586137407,64.61221777726034,15.459500594282543,57.5,-2.0,84.0,0.0
2010-12-12,955050.0,0,-0.2078262702143966,3.663905191157607,0.0,95.14435678073431,50.67523128950461,11.155126323151524,57.5,-2.0,84.0,0.0
2010-12-13,1093453.0,0,-0.341418825602292,3.2649959375120634,0.0292729916901252,93.70697295719371,56.78800551512396,8.998325614462827,57.5,-2.0,84.0,0.0
2010-12-14,1105270.5,0,-0.4784411682409704,3.518790143884237,0.4053204807541709,92.28445583253772,62.715274395273866,11.069135473799566,57.5,-2.0,84.0,0.0
2010-12-15,1101326.0,0,-0.0461525583777488,4.129856544816207,0.1309675129435328,94.42476948807855,51.14181798701725,13.95707076978153,57.5,-2.0,84.0,0.0
2010-12-16,1085931.0,0,-2.992529192869888,5.495666664166926,4.451634466014882,94.54522162534433,70.74270198230234,22.01714132946193,57.5,-2.0,84.0,0.0
2010-12-17,1111836.0,0,-3.68366736011924,-0.930045144082168,0.3287289646845692,82.71995942613992,42.7524225096869,15.077102935293524,57.5,-2.0,84.0,0.0
2010-12-18,1042398.5,0,-5.179652879491941,-1.2271285740243203,2.884759726182535,92.2196535255314,67.78579499674092,12.610244790561504,57.5,-2.0,84.0,0.0
2010-12-19,1025875.5,0,-6.6764829064473386,-2.114124792326895,0.0081369408193427,94.32377927431637,35.23402847220702,11.439512096366713,57.5,-2.0,84.0,0.0
2010-12-20,1160689.0,0,-8.049913356334223,-2.489952872312359,0.7832130348635105,93.4616004223168,41.12875959931046,9.556832494322109,57.5,-2.0,84.0,0.0
2010-12-21,1156103.5,0,-4.737129553840597,-1.3912594640786076,0.1737556778939433,92.51145207911604,56.66634188482229,10.395458858903751,57.5,-2.0,84.0,0.0
2010-12-22,1130437.0,0,-4.30258627546631,-0.4451917729117804,1.0413820871021018,94.36727629392917,61.43206543119661,12.893872266503145,57.5,-2.0,84.0,0.0
2010-12-23,1093903.0,0,-3.9008476025481618,-0.402313300741636,0.0650955265547422,93.82799020995115,35.58971338283967,18.734081550711085,57.5,-2.0,84.0,0.0
2010-12-24,1023915.5,0,-4.422955782993684,-1.043543059913368,0.0,94.83355964179786,41.39157189577115,15.038282863369846,57.5,-2.0,84.0,0.0
2010-12-25,919720.5,1,-5.682867386845973,-0.5070272620048394,0.0694241815214764,93.43956065689736,34.90391438446515,10.932493516861816,57.5,-2.0,84.0,0.0
2010-12-26,906638.5,0,-5.059594143993406,0.2516278534843963,0.1226352927118142,92.21617248848008,41.71262581787613,11.531657639530389,57.5,-2.0,84.0,0.0
2010-12-27,929548.5,0,0.1063261555131938,1.518908348821479,2.694933432425501,95.95609521023512,77.94269608434928,17.297276734662063,57.5,-2.0,84.0,0.0
2010-12-28,935293.0,1,1.027067393902617,4.543086852168713,4.169253206962031,99.08252547153504,98.34001149224912,12.33912045261365,57.5,-2.0,84.0,0.0
2010-12-29,951238.0,0,3.7818275706531135,5.4810016758915285,0.1776317072235202,99.50832053958004,98.3125693216942,8.23235586927161,57.5,-2.0,84.0,0.0
2010-12-30,945075.5,0,3.854140993103421,5.586249618584693,0.0,97.45794691854545,88.59641800929363,7.798457739061034,57.5,-2.0,84.0,0.0
2010-12-31,915492.5,0,2.336783738319963,5.416150408805906,0.0,96.30455368385104,76.34779287163374,7.554560383974877,57.5,-2.0,84.0,0.0
2011-01-01,835872.0,0,0.2184540804245985,5.457904842997043,0.3954146181089226,95.22409092842572,73.84616683148562,11.837766981494626,58.7,1.8,85.5,0.0
2011-01-02,880061.5,0,-1.7454701937921693,2.745657843361677,0.1787092392740852,90.41723552152412,21.680149672161097,10.171398034933585,58.7,1.8,85.5,0.0
2011-01-03,939348.5,1,-2.3211545315334874,2.010847930792761,0.4851926079685003,87.41199939010433,38.630560196125536,8.81096982079812,58.7,1.8,85.5,0.0
2011-01-04,1038026.0,0,-1.0925126822894704,3.844652803270349,1.9046373754668264,94.48183920673976,77.14238173482312,16.671754493816092,58.7,1.8,85.5,0.0
2011-01-05,1051891.0,0,1.4146657781523837,4.509429763523739,5.635268861832136,95.97610114998712,76.2790900014728,19.718927683903647,58.7,1.8,85.5,0.0
2011-01-06,1067586.0,0,-0.8636133392950093,3.9476236873596817,3.459698171099772,94.35780632966232,60.78951318129502,10.169188453953184,58.7,1.8,85.5,0.0
2011-01-07,1060795.0,0,-1.0189667904980688,5.886982618280544,7.379796810753342,94.74140372573602,81.24447358110432,14.617209092916331,58.7,1.8,85.5,0.0
2011-01-08,930757.5,0,0.8757390421011195,6.388508218039979,4.199020886007166,94.13805964782182,56.25611214187838,21.23509767981473,58.7,1.8,85.5,0.0
2011-01-09,918768.5,0,-0.0954342897340087,4.247446284676829,0.2998497697001467,91.7150679208151,19.2107217994246,18.87390734195883,58.7,1.8,85.5,0.0
2011-01-10,1046580.0,0,-0.3433932875577594,5.590201508376138,6.379288312844887,96.24363611172512,74.44496633525846,22.17826288040414,58.7,1.8,85.5,0.0
2011-01-11,1053332.5,0,1.1619373524897043,5.783730405825887,4.268432703034038,94.056361703051,66.33880580803617,17.174436541098558,58.7,1.8,85.5,0.0
2011-01-12,1044172.5,0,2.002458791779575,9.473020245561385,9.291283971779324,97.64837496487046,94.46626619801042,18.20734473723098,58.7,1.8,85.5,0.0
2011-01-13,997757.5,0,8.381465727083917,10.98221261570622,4.216508770154771,97.5526647253109,88.17317133950105,19.37155171057235,58.7,1.8,85.5,0.0
2011-01-14,964315.0,0,5.384638758212569,9.646737952501162,1.6338198386487242,96.06420893112984,69.46279146153428,21.06025293828092,58.7,1.8,85.5,0.0
2011-01-15,870879.5,0,5.432574133489579,9.676600865508476,3.4881521494857872,95.9971921409883,83.45369290849057,28.66813290783654,58.7,1.8,85.5,0.0
2011-01-16,843658.5,0,6.13812495866208,10.36397244134564,1.8561651297156267,95.75265572317204,74.63623060621491,25.432238358934363,58.7,1.8,85.5,0.0
2011-01-17,1004085.0,0,3.2524513079256443,7.998297707524965,6.243198203309543,95.66348801624454,74.59529704476593,9.70719718083376,58.7,1.8,85.5,0.0
2011-01-18,1024402.5,0,1.3060884117608442,5.356998411517427,3.0374338823787728,94.02331616974696,40.41880932836729,13.32308971478126,58.7,1.8,85.5,0.0
2011-01-19,1047020.0,0,-0.0529307171542103,5.422263441985164,0.0097576638967084,94.04280533939632,42.21878822605062,11.808129567609658,58.7,1.8,85.5,0.0
2011-01-20,1070611.5,0,-0.781833748290239,4.157402674861554,0.0,86.5773872141721,31.086488195242342,10.409075600509356,58.7,1.8,85.5,0.0
2011-01-21,1068435.5,0,-1.8484488998150763,3.350987601328616,0.0,85.63766891995725,32.71775622257098,9.706739420996197,58.7,1.8,85.5,0.0
2011-01-22,965764.0,0,-1.2150190990411078,4.758388847035312,0.0585459833802505,91.02720758938396,67.8335317655945,14.015990368049485,58.7,1.8,85.5,0.0
2011-01-23,919488.5,0,1.7659777976336393,6.292551748929025,0.1953087377114196,96.10482200844388,67.11704234281571,15.605529455465568,58.7,1.8,85.5,0.0
2011-01-24,1032844.5,0,1.5090184589026696,5.931613879730687,0.0739020525491328,94.18666225401016,62.807394398057184,16.06148909576358,58.7,1.8,85.5,0.0
2011-01-25,1034656.5,0,3.40106515679888,7.363026187157448,1.2089496504748236,97.0363606808211,87.545776137429,16.125163999361707,58.7,1.8,85.5,0.0
2011-01-26,1030208.5,0,0.7023816051234679,5.397472799341249,1.1656417203434692,94.92327559096935,74.10458496851187,15.76875716575172,58.7,1.8,85.5,0.0
2011-01-27,1068011.0,0,-1.2676838089847555,2.806495628691676,0.0195153277934168,85.45445802882602,44.42712020194296,15.697354253250912,58.7,1.8,85.5,0.0
2011-01-28,1069768.5,0,-2.204869087570988,2.2939106293223483,0.0,82.86343549403517,17.770336212829374,12.97121062816673,58.7,1.8,85.5,0.0
2011-01-29,989911.5,0,-2.642976585956196,2.4732399204935027,0.0,84.28387825420097,26.78909955621822,10.60028270527151,58.7,1.8,85.5,0.0
2011-01-30,953563.0,0,-2.4106179813129245,3.42102685421932,0.0,87.81269972823314,27.38979726961962,9.63591164343834,58.7,1.8,85.5,0.0
2011-01-31,1072617.5,0,-2.652176439954965,3.700743470944452,0.2911349800803474,82.20029517733691,23.61834886696603,9.790460511191174,58.7,1.8,85.5,0.0
2011-02-01,1055303.5,0,-1.1856790723045405,6.995174635347296,1.0108219109540018,93.5041787258651,49.866840355595855,16.196541571256493,61.5,-0.6,85.0,0.0
2011-02-02,1028388.0,0,1.859818379927265,8.26045045670257,1.4951310338303392,94.97150663226203,58.66295235978362,23.676705101609528,61.5,-0.6,85.0,0.0
2011-02-03,1012993.0,0,2.1351838348017464,7.295034206283659,2.407188270898424,90.22018263554104,44.003824172522414,25.17844315369052,61.5,-0.6,85.0,0.0
2011-02-04,984234.5,0,6.4787603768936455,9.946007881804404,3.8224984933941695,95.01195916784708,82.6927511913312,34.12156732370499,61.5,-0.6,85.0,0.0
2011-02-05,878176.5,0,7.981112043527938,10.474056966788776,6.3506844775833535,94.250427593913,83.4657166802841,29.03568095633019,61.5,-0.6,85.0,0.0
2011-02-06,846354.5,0,7.096675748920173,9.674601693004504,3.0181893241087177,94.28807623523852,76.83767602270322,25.012606190816086,61.5,-0.6,85.0,0.0
2011-02-07,969920.0,0,3.3106242111987223,9.155562384422865,2.838750084827256,92.76832093544056,61.42629584083358,26.42579065764236,61.5,-0.6,85.0,0.0
2011-02-08,1006267.0,0,0.4585829692932709,7.524533947990811,0.1644113870510333,87.79658972609155,21.780074197417367,12.083277283826344,61.5,-0.6,85.0,0.0
2011-02-09,993277.5,0,3.3777424559678924,9.090062542275325,2.204733534537848,93.68250674806968,68.57952263277248,17.912565612038488,61.5,-0.6,85.0,0.0
2011-02-10,995005.5,0,5.050368027353225,8.842216155707437,3.2282532082528808,96.0974446957025,81.58833683010133,12.233125937863669,61.5,-0.6,85.0,0.0
2011-02-11,973238.0,0,5.446971162912835,9.504854070687903,2.245569424777772,95.44049704530686,84.80154448304427,11.726732529088988,61.5,-0.6,85.0,0.0
2011-02-12,860369.5,0,3.377816756653223,8.789589341418395,3.0245879869484047,92.53560404321124,62.11026888641975,13.26258401586491,61.5,-0.6,85.0,0.0
2011-02-13,853955.0,0,3.4950177356581085,7.227198986793748,9.100492302356797,96.07845534607183,92.7629319920218,20.502985904045868,61.5,-0.6,85.0,0.0
2011-02-14,977425.0,0,1.5871279648662715,6.795635127483072,1.0617036195913097,91.23283185467542,58.74161101465938,15.867547695046753,61.5,-0.6,85.0,0.0
2011-02-15,1008819.5,0,1.388245668462136,5.6844608023084815,2.3458821684256232,94.54368554511592,83.33615801436851,19.398977392061006,61.5,-0.6,85.0,0.0
2011-02-16,1003714.0,0,1.9269124673691675,7.64212897418768,0.5590019944240217,93.25467069321572,59.287871666319575,13.473661367503883,61.5,-0.6,85.0,0.0
2011-02-17,1009151.0,0,2.23496536773599,8.396990574831285,0.2507711381531115,92.59682076972008,61.93335285384706,9.929081309752505,61.5,-0.6,85.0,0.0
2011-02-18,991951.5,0,1.8432159955191536,6.356032502608131,0.371042140029392,91.9547018610854,79.74960830399827,14.711576910414305,61.5,-0.6,85.0,0.0
2011-02-19,909486.0,0,1.973265045957932,4.82121415648883,6.666385908938802,97.58738098674506,94.5632660577381,14.108110217160236,61.5,-0.6,85.0,0.0
2011-02-20,882668.5,0,1.7307490535614047,5.299174744516287,0.0097576638967084,93.42101617397604,86.98973150698203,12.509385306050593,61.5,-0.6,85.0,0.0
2011-02-21,1018127.0,0,1.4392670347268033,4.751822280014035,2.002282569302024,94.87060010857888,93.92171424697123,13.41388856378604,61.5,-0.6,85.0,0.0
2011-02-22,1010888.5,0,2.1084085263440264,7.279444201368595,0.6111267911766868,93.87087954677166,86.78226874922088,9.20482131077043,61.5,-0.6,85.0,0.0
2011-02-23,986838.5,0,4.432968964411646,10.269653922006624,4.1994579292462,96.89584087353388,87.14861716820064,16.41495692619463,61.5,-0.6,85.0,0.0
2011-02-24,946797.5,0,6.047725059004118,12.061322745211625,0.1118419172164661,91.79785935345896,50.67542819016255,14.824874068406174,61.5,-0.6,85.0,0.0
2011-02-25,925044.5,0,6.218089753506747,11.638451728004968,2.7827908763491527,94.5920966445534,78.09972536561162,16.806668264451552,61.5,-0.6,85.0,0.0
2011-02-26,846939.5,0,3.143281841139941,8.38339288862378,7.756396548305188,94.62009763002482,67.3402130799203,18.37019530430733,61.5,-0.6,85.0,0.0
2011-02-27,843606.0,0,2.485578505904346,7.086858669062812,1.6825729917024193,85.4560867736113,59.72517992905983,16.9459099923803,61.5,-0.6,85.0,0.0
2011-02-28,1003168.5,0,1.0335570324376968,5.654227553786012,0.1836774733107635,89.15676009302969,57.41346447360753,14.175153331412222,61.5,-0.6,85.0,0.0
2011-03-01,1018541.0,0,0.2337029783464291,7.155512148861262,0.0,85.55139428347893,39.765938395987895,11.581290420494856,60.9,0.1,85.0,0.0
2011-03-02,1016921.0,0,-0.3642743618347177,7.154220515582521,0.0,85.49359108566348,21.85460164198521,12.32738344919425,60.9,0.1,85.0,0.0
2011-03-03,1032470.5,0,0.88179540083829,6.296140172368984,0.0,84.56771893545974,62.26062210895803,15.976596160054523,60.9,0.1,85.0,0.0
2011-03-04,1001686.0,0,1.3807773354603257,6.641325789157798,0.0,85.03425816351695,62.45977932558152,13.228378792546708,60.9,0.1,85.0,0.0
2011-03-05,910276.5,0,0.8472562470356562,7.327896715562408,0.0250797314737887,83.77694413313797,61.05848190806741,14.775209507955198,60.9,0.1,85.0,0.0
2011-03-06,871197.5,0,0.9737387877422894,7.01758015683945,0.0,84.35550104140825,61.23889860167801,14.631432318668216,60.9,0.1,85.0,0.0
2011-03-07,990247.5,0,-1.527281275379024,8.003581216196645,0.0,80.46862952839243,10.003313918136534,10.531774261640203,60.9,0.1,85.0,0.0
2011-03-08,986904.0,0,-1.8813339374919007,8.774858750324864,0.3284760196420584,82.40475105474702,13.80990782043373,14.644086393855655,60.9,0.1,85.0,0.0
2011-03-09,965797.0,0,2.754097264038234,8.080832015232517,1.6500252929675254,85.31370125844307,62.49556716118089,23.713066627629736,60.9,0.1,85.0,0.0
2011-03-10,950880.5,0,3.211127325957214,9.786995486821164,0.9282827057017932,87.35049169996034,60.40167237857347,27.8859066029782,60.9,0.1,85.0,0.0
2011-03-11,951477.5,0,1.939935203040799,9.444899810404936,0.5953978647258519,84.49075601124048,54.68596481107249,19.00307721628418,60.9,0.1,85.0,0.0
2011-03-12,866296.0,0,4.400748176398402,10.374273313173132,2.2795946591038456,88.53502843188335,75.24494418796834,14.626061216634303,60.9,0.1,85.0,0.0
2011-03-13,841080.0,0,2.027918324998544,8.786050093199337,2.7727703109644266,91.22990121128404,68.2543112684527,9.909399081259348,60.9,0.1,85.0,0.0
2011-03-14,965797.0,0,0.4495188235369327,9.534241305636538,0.3909526875364665,82.78786942270011,37.459594749463314,11.023632212744792,60.9,0.1,85.0,0.0
2011-03-15,972367.0,0,3.003624213780421,10.805549328401714,0.8620146067617404,91.13659920523008,73.93879761114154,12.132512114315668,60.9,0.1,85.0,0.0
2011-03-16,972881.0,0,3.917033764813113,9.60978947411773,0.0,91.35132050220686,68.04032220588239,10.367162330354708,60.9,0.1,85.0,0.0
2011-03-17,974130.0,0,2.885791917142704,9.555164086647723,0.1497265611841786,85.97396061409033,59.01012689911629,10.23685059203278,60.9,0.1,85.0,0.0
2011-03-18,954354.0,0,1.410727580586508,8.086779788935035,1.812346267502384,83.66625154072113,34.86984502306195,8.978110188269792,60.9,0.1,85.0,0.0
2011-03-19,854222.5,0,-0.5365459638331003,10.707265349983736,0.0,76.75385513754432,18.21713099037174,8.718718427971456,60.9,0.1,85.0,0.0
2011-03-20,818085.0,0,2.4258667562967027,11.53724451321326,0.2615520431197842,83.82758353087429,65.74112024595479,12.081684698195687,60.9,0.1,85.0,0.0
2011-03-21,923566.0,0,4.2906722258844106,13.275219266163097,0.0,87.29972229523376,51.3740398538119,8.645509125199867,60.9,0.1,85.0,0.0
2011-03-22,918761.5,0,5.332480414738896,13.91929255174893,0.0040684704096713,84.1217363788941,30.93634026388407,7.602210112687477,60.9,0.1,85.0,0.0
2011-03-23,908771.5,0,4.056953280958445,15.662725231732082,0.0,82.32596823243848,12.174190603525028,7.217104189876347,60.9,0.1,85.0,0.0
2011-03-24,898339.0,0,3.841798120228006,15.050474814418862,0.0,82.50185578063328,29.927780824934,7.18652617695359,60.9,0.1,85.0,0.0
2011-03-25,883904.0,0,2.783138459104288,14.972919789805436,0.0,82.92453221763772,30.54651016980449,5.121846270145551,60.9,0.1,85.0,0.0
2011-03-26,809597.0,0,3.271710199235866,11.342030165801631,0.5648920686884403,87.5084079024334,68.4936751445567,10.411702294933797,60.9,0.1,85.0,0.0
2011-03-27,756424.0,0,3.5359110809967524,11.574670652031465,0.0203423520483569,85.26012471696588,53.29723903878179,8.544562539078933,60.9,0.1,85.0,0.0
2011-03-28,902706.0,0,2.30315455661285,12.611500725703324,0.0135305143924807,82.09350310197293,22.144214280164512,6.882866268109697,60.9,0.1,85.0,0.0
2011-03-29,922850.0,0,3.8208312198233183,14.208095012796624,1.1425484142343578,85.29819494360709,47.66899975941024,9.12455064605176,60.9,0.1,85.0,0.0
2011-03-30,918316.5,0,5.95970978874571,11.11424399613581,1.5898538441745436,94.00147777685712,84.8864517410364,13.45729559274459,60.9,0.1,85.0,0.0
2011-03-31,894485.0,0,6.670767378092783,13.78720418953212,3.142291771829926,88.82975487812044,59.64131552383044,23.20694826201246,60.9,0.1,85.0,0.0
2011-04-01,866146.0,0,9.219950789741754,15.765257857032388,0.1831595614209573,88.34323827804113,61.42060281014258,22.41140546100663,56.7,1.4,86.2,0.0
2011-04-02,769168.0,0,7.145335183223185,14.495358519938954,0.7426584038362574,85.02377428303143,55.49588171355483,16.779777870609667,56.7,1.4,86.2,0.0
2011-04-03,746586.0,0,4.677212605256487,12.9963705459851,1.0276531952583283,84.89566471867225,59.70277271716945,12.820351653848736,56.7,1.4,86.2,0.0
2011-04-04,874681.5,0,3.609444632881159,10.895157322596088,1.059817072173734,85.00272602837066,62.84153978127845,19.249323149186065,56.7,1.4,86.2,0.0
2011-04-05,884800.0,0,7.565074645526567,13.76029338797356,3.1531227064369625,91.01146841450974,83.71780172501758,23.319764194366044,56.7,1.4,86.2,0.0
2011-04-06,858121.0,0,8.805476533707523,18.6388118903963,0.4800461721516298,81.32885060727709,33.221035518278555,17.715099177814896,56.7,1.4,86.2,0.0
2011-04-07,857877.5,0,6.066826205426043,16.156184497069034,0.0,81.48550363663053,26.3344568437032,12.526000491383394,56.7,1.4,86.2,0.0
2011-04-08,833389.0,0,5.540012094645581,17.805371437040105,0.0,78.9908552376159,13.757734493884938,8.22047969997706,56.7,1.4,86.2,0.0
2011-04-09,731526.5,0,6.24493939338431,17.32356268820279,0.0,81.29470605388768,20.342814064924568,11.463193438230636,56.7,1.4,86.2,0.0
2011-04-10,704870.5,0,5.596437264466059,17.928909888005894,0.0,77.41633314085333,24.553636104963527,8.281330424537058,56.7,1.4,86.2,0.0
2011-04-11,824336.5,0,4.856323327937992,15.7660625173189,1.0223421208018806,81.59905825763832,36.16915765797109,15.177021482687003,56.7,1.4,86.2,0.0
2011-04-12,844600.0,0,3.609444632881159,11.77519412533141,0.2111951723948013,72.7791327070787,29.1262133063722,16.427965078339817,56.7,1.4,86.2,0.0
2011-04-13,879309.5,0,2.8589108819600457,10.533427670872214,0.4217799573601659,80.85875717866021,69.96125473588111,13.170661881876692,56.7,1.4,86.2,0.0
2011-04-14,884158.0,0,5.050196298261484,13.155222137995995,0.1597333575070523,86.07602493761509,78.89009328908219,8.08839258250803,56.7,1.4,86.2,0.0
2011-04-15,852182.0,0,6.899422596849983,13.866347635249683,0.5136930938196829,85.82614678459213,69.76412696525696,6.610327036118462,56.7,1.4,86.2,0.0
2011-04-16,749579.0,0,5.503846731654999,15.319134275153557,0.2535088287347535,83.06935063075827,48.36629491019252,7.452783919899466,56.7,1.4,86.2,0.0
2011-04-17,714429.5,0,5.282172457991453,16.553751359387512,0.0142851388917232,79.14925805963429,35.41045753178748,7.05570645859975,56.7,1.4,86.2,0.0
2011-04-18,828268.0,0,6.324526000045733,16.24065676949779,0.1536506654390892,76.20296602188937,38.527366855630646,11.280526348206298,56.7,1.4,86.2,0.0
2011-04-19,830002.5,0,6.453899567356406,19.487551769213805,0.0249544268640297,77.18408571831105,24.0782536047281,7.90688066452443,56.7,1.4,86.2,0.0
2011-04-20,828178.5,0,6.611098272622016,20.496298704060816,0.0075016169427322,75.81637305576544,15.189317946447693,6.788633436593101,56.7,1.4,86.2,0.0
2011-04-21,808661.0,0,8.279029700358167,21.08156102251512,0.0550593249864952,74.82059046101524,21.38825777786028,9.611677633560516,56.7,1.4,86.2,0.0
2011-04-22,713398.5,1,8.223498935602343,20.78658593406734,0.1126269289287743,74.8972888071788,23.540977004683203,10.12728234494008,56.7,1.4,86.2,0.0
2011-04-23,689795.5,0,8.087432636094269,21.661286610644616,1.355833691800204,79.93799588600102,34.98493338847515,6.728465556077087,56.7,1.4,86.2,0.0
2011-04-24,649381.0,0,7.726590704678457,19.33528091283471,0.0,78.97108824333571,30.226496119214502,8.652746058052823,56.7,1.4,86.2,0.0
2011-04-25,678027.5,1,7.000090159694072,17.39062441220244,0.0,76.4954793373098,27.08167816711166,12.155247278827682,56.7,1.4,86.2,0.0
2011-04-26,784226.0,0,6.064802952431088,14.021171484690893,0.1857098360153908,81.36741041934415,62.326749565229576,14.468622828268572,56.7,1.4,86.2,0.0
2011-04-27,799284.0,0,4.756857668961756,14.88342389974746,0.0,71.85211425174123,24.46224357273716,12.154886471011576,56.7,1.4,86.2,0.0
2011-04-28,795929.0,0,2.8044836245285016,15.738437507145774,0.0,76.94740648655586,25.69363955706403,14.07463948723522,56.7,1.4,86.2,0.0
2011-04-29,714937.5,1,6.084197260005866,17.367553719011312,0.3526546966392916,81.41340952029817,46.19426978362165,16.324698835579945,56.7,1.4,86.2,0.0
2011-04-30,675735.0,0,8.047052664694576,17.007202295056736,0.0724250778628153,73.2610954204592,17.039881949350015,20.985839779999896,56.7,1.4,86.2,0.0
2011-05-01,653346.0,0,7.3625641091207985,16.39669613819614,0.0,65.4450465369703,11.687152039210352,21.56075480214473,54.4,-2.0,84.5,0.0
2011-05-02,677440.0,1,5.262072301589662,13.873310293308064,0.0,66.22337951665183,6.463987740986243,22.12556654464656,54.4,-2.0,84.5,0.0
2011-05-03,803822.0,0,3.8707826101174576,13.428364719213176,0.0040684704096713,65.90129860079286,15.722996994902251,15.33855367745825,54.4,-2.0,84.5,0.0
2011-05-04,819647.5,0,2.1510367888433226,15.034528504293858,0.0,67.62641111369827,17.431951728865535,12.539038932391202,54.4,-2.0,84.5,0.0
2011-05-05,825149.0,0,6.11797548873408,16.334788131019508,1.3321612629450696,77.21784893322963,59.399930069762426,13.42099880897615,54.4,-2.0,84.5,0.0
2011-05-06,805888.5,0,9.190576447921352,19.654391445576923,1.0648587417192,75.08985758917495,46.30076828291685,13.939498450242914,54.4,-2.0,84.5,0.0
2011-05-07,724886.0,0,11.600545915641383,19.619035199377244,11.743484466100938,84.47378186216235,66.38725408086718,14.72349434079264,54.4,-2.0,84.5,0.0
2011-05-08,690802.5,0,10.315044971354205,17.159936105406103,6.71769119602497,80.46989694287487,52.79546296810815,16.80105617310071,54.4,-2.0,84.5,0.0
2011-05-09,800132.5,0,8.594031182376387,17.41553216870838,0.8105411726913279,80.92341464927372,30.50934495163494,15.54797591409974,54.4,-2.0,84.5,0.0
2011-05-10,813304.5,0,8.55876337473805,16.77891352389879,0.559396524147861,84.66266714350239,33.46985247003447,14.077400199503872,54.4,-2.0,84.5,0.0
2011-05-11,816060.5,0,8.020441002151662,15.125569541261576,0.8392963201075757,85.66895882103883,54.29187188613281,12.451820838565371,54.4,-2.0,84.5,0.0
2011-05-12,813876.0,0,6.569691660915215,14.157927466672108,1.5864609506332414,85.85398712076378,52.07240836136116,16.9432011599697,54.4,-2.0,84.5,0.0
2011-05-13,803337.5,0,5.524554048362354,14.43253576145002,1.449619191699518,84.51992440108884,59.13425617499396,12.666223249601863,54.4,-2.0,84.5,0.0
2011-05-14,711638.0,0,5.354487847450597,13.538676879827316,1.736016013234527,84.13717540051374,58.920099870570816,17.38601569513232,54.4,-2.0,84.5,0.0
2011-05-15,700160.5,0,6.1499106762846845,13.099422938003078,0.6013070082189005,85.5747308455753,66.57525559128409,16.744678933753356,54.4,-2.0,84.5,0.0
2011-05-16,805127.0,0,9.193958489106093,15.912947104181884,1.0180710039170522,85.94065694161107,70.45159961154035,19.6596018829438,54.4,-2.0,84.5,0.0
2011-05-17,829086.0,0,9.453797620976577,14.97972212127642,0.5743782208232965,89.2870632103207,79.16572390596812,14.527316896679665,54.4,-2.0,84.5,0.0
2011-05-18,823098.5,0,8.733494782754939,14.824406273750094,0.5273948409415187,88.80158216355727,69.52802025601112,16.3753419675596,54.4,-2.0,84.5,0.0
2011-05-19,820436.5,0,6.368883063537582,15.027567060248742,0.0622714550874101,79.47917699858547,45.53739591142461,8.86648862982836,54.4,-2.0,84.5,0.0
2011-05-20,800253.5,0,6.629459439540172,15.07119780572788,0.706417289491329,81.9500883647985,45.83316299753952,14.428156708028764,54.4,-2.0,84.5,0.0
2011-05-21,706532.5,0,6.555578433985585,16.48376026747878,1.413715113561567,84.27857313916661,51.13251803070944,16.628353980574314,54.4,-2.0,84.5,0.0
2011-05-22,673706.0,0,8.218031665277056,14.671558684233366,1.75372546095008,80.21817279816105,43.53667398844726,23.05424437171156,54.4,-2.0,84.5,0.0
2011-05-23,794388.0,0,7.423852723655666,15.042701810189056,2.658059311586248,83.36824675154638,47.99172637665416,25.915412888063184,54.4,-2.0,84.5,0.0
2011-05-24,800737.5,0,6.115891120159898,14.34935433856992,0.758001865707881,74.29022606832552,22.806280087551563,20.332640203472312,54.4,-2.0,84.5,0.0
2011-05-25,811662.0,0,5.170998793608893,15.523154828920635,0.2598163821839158,79.06440715337186,44.25971052330057,14.111821148369264,54.4,-2.0,84.5,0.0
2011-05-26,814994.0,0,8.430813091992823,13.9762311877119,4.806993515509496,88.08737628436457,78.95125745957367,19.103445793785188,54.4,-2.0,84.5,0.0
2011-05-27,796807.0,0,7.624526166012103,13.8597118848395,0.3780435589189221,81.07634526807749,57.59403852792501,16.976632595819762,54.4,-2.0,84.5,0.0
2011-05-28,698450.5,0,7.844059550331945,13.070128075633455,1.0362066071703866,88.36870168380874,77.35925083640903,19.19740458101605,54.4,-2.0,84.5,0.0
2011-05-29,668036.0,0,9.526791090630178,15.67490902276788,0.3817233161113513,89.82806775312761,75.65424001663106,17.6394824252678,54.4,-2.0,84.5,0.0
2011-05-30,715888.0,1,7.323004303569457,15.056794306689625,4.775888285823103,89.86132818214699,69.38941115193201,12.806286142250636,54.4,-2.0,84.5,0.0
2011-05-31,789789.5,0,5.201451348249325,14.080887183683464,0.4105132227251481,81.01269478305,34.13840376679733,13.11264801434146,54.4,-2.0,84.5,0.0
2011-06-01,797638.5,0,6.740856651403497,17.427545183422346,0.0582269960160694,83.7828194348587,49.76804921161057,12.270550524588964,52.0,-0.2,84.3,0.0
2011-06-02,804890.0,0,9.349060439788753,19.949500475032632,0.0,86.74154220008462,46.68198375422815,8.655873986283556,52.0,-0.2,84.3,0.0
2011-06-03,783079.5,0,10.048051643939928,20.484206332834123,0.0,83.31467462047179,15.73150822676858,13.12399645667946,52.0,-0.2,84.3,0.0
2011-06-04,695168.0,0,9.47867528839423,19.26139211608106,0.2311993111043304,84.27845948293731,38.20907937778101,16.606319962508813,52.0,-0.2,84.3,0.0
2011-06-05,684718.5,0,9.048047233537304,15.579268612022014,2.7647820406684,87.2565197890924,74.83434656827033,14.348323748877885,52.0,-0.2,84.3,0.0
2011-06-06,804253.5,0,8.022807359883199,14.582976116332835,1.5115482443339696,86.66590313428105,69.82201061066036,8.091733869728447,52.0,-0.2,84.3,0.0
2011-06-07,806865.5,0,7.343922766381556,15.013892122842652,0.9835831321861902,84.36703713331575,64.38696440808155,14.244694454682453,52.0,-0.2,84.3,0.0
2011-06-08,804057.0,0,7.174124278445837,14.836109515306894,2.511057420307252,84.51081011197444,65.69448690758918,15.658545045977602,52.0,-0.2,84.3,0.0
2011-06-09,808232.0,0,6.90233175681673,14.324588975063,2.0887220703185987,81.11392713867339,55.75813536413882,12.049640280185656,52.0,-0.2,84.3,0.0
2011-06-10,800377.0,0,5.345133844501559,13.65181022286456,3.75397400481032,84.6758534636198,65.43049285373397,7.002391713704815,52.0,-0.2,84.3,0.0
2011-06-11,709491.5,0,4.914252998274687,14.342912277061062,1.6147229305161506,81.34673002607025,43.17631311362992,10.07622194584382,52.0,-0.2,84.3,0.0
2011-06-12,701407.5,0,5.026344933071295,13.502049607839908,11.711469726873448,91.19162194385224,64.08608047119205,15.63395496139868,52.0,-0.2,84.3,0.0
2011-06-13,796204.5,0,10.531856660869728,16.422377712904733,0.3524806209674782,89.39644480671556,68.02024465471496,16.261038023756058,52.0,-0.2,84.3,0.0
2011-06-14,805890.5,0,7.654472477120613,19.0899028611127,0.0,81.99211023535507,30.35800842445297,8.153083707413337,52.0,-0.2,84.3,0.0
2011-06-15,815655.5,0,11.284386495476248,18.10185024227402,1.0536015486137629,91.3109799017184,76.87891938804388,12.22105755492442,52.0,-0.2,84.3,0.0
2011-06-16,802812.0,0,8.701014687654979,15.643060706318453,4.658616379245696,86.33051223799134,56.211363028937896,13.274069242153294,52.0,-0.2,84.3,0.0
2011-06-17,792074.0,0,8.241892250821165,14.23525633137116,7.178809157176055,91.3092552191506,70.75399725393272,14.571775245759314,52.0,-0.2,84.3,0.0
2011-06-18,700885.0,0,9.206592294882162,15.091338547054171,5.528563150449867,89.25821064832857,70.68946582555729,15.319876052626338,52.0,-0.2,84.3,0.0
2011-06-19,678529.0,0,8.808776436906102,16.40862782938854,1.18893614849589,86.31640435886699,54.43435101862782,15.007406679568604,52.0,-0.2,84.3,0.0
2011-06-20,806025.5,0,7.550491995011666,18.642818687395334,1.8391582068894976,85.20791022153684,52.8728014834443,8.334413584876062,52.0,-0.2,84.3,0.0
2011-06-21,803476.5,0,11.366069072990534,17.76924960948728,2.2672331718705934,87.58331477993228,65.41475318710754,16.759591719040326,52.0,-0.2,84.3,0.0
2011-06-22,807566.5,0,10.224926845712009,16.409696698916598,5.069813938175437,88.11721708388973,67.69532791143739,15.68397538140916,52.0,-0.2,84.3,0.0
2011-06-23,808341.5,0,9.09443188359045,15.709553534481296,2.641655705714825,87.05219806783181,54.90079996405292,14.784767188522308,52.0,-0.2,84.3,0.0
2011-06-24,787835.0,0,7.745417637774831,15.960350849219184,4.604708897752176,82.22655811072735,54.99944736272061,11.629962056399552,52.0,-0.2,84.3,0.0
2011-06-25,703180.5,0,9.84731095446891,18.59589180369547,2.698284751390983,92.90822619077184,89.47937975416815,16.16766177848579,52.0,-0.2,84.3,0.0
2011-06-26,683890.0,0,13.235837982030883,23.69614501920169,0.8561400949180114,88.52228737802393,51.73351841759549,11.294400506726063,52.0,-0.2,84.3,0.0
2011-06-27,824512.0,0,13.132496885364446,22.092757605624072,0.3293653427549778,82.81031299351945,62.38936205354739,12.170395951502414,52.0,-0.2,84.3,0.0
2011-06-28,815275.0,0,10.918477088281078,18.712867483352344,2.1834966314358994,85.07418261869853,53.39444007126473,11.628666857917295,52.0,-0.2,84.3,0.0
2011-06-29,796626.0,0,8.734623430910904,16.936655215806685,0.3586389798698774,80.048881737036,26.5793677461939,10.602401173787936,52.0,-0.2,84.3,0.0
2011-06-30,791714.0,0,8.175354166087834,16.39451215906512,0.9048761903169564,82.37000226083079,38.533507119588485,11.572084849876656,52.0,-0.2,84.3,0.0
2011-07-01,775610.0,0,7.948891762634159,16.990140583350893,0.1130568217833443,80.11757383475012,44.76521641154152,8.426802914197353,51.4,0.4,84.7,0.0
2011-07-02,690805.0,0,8.07329764912939,19.34502001923243,0.0,80.3301595440867,35.1473868041737,4.958126899853925,51.4,0.4,84.7,0.0
2011-07-03,673912.5,0,9.61893008734257,21.39180123670763,0.0,78.99329683343541,25.1249936379558,5.584010102188568,51.4,0.4,84.7,0.0
2011-07-04,793847.5,0,11.372121528444548,21.605719010574884,0.0,79.96240359197942,29.18783589749327,7.573317949275268,51.4,0.4,84.7,0.0
2011-07-05,806295.0,0,12.132907083543046,20.66868688206725,2.632601459545144,85.80678470215429,46.98660975638841,11.922410936913357,51.4,0.4,84.7,0.0
2011-07-06,800125.5,0,11.697264262596663,17.244826689924906,6.211196991877975,85.59296541703415,65.81767354058394,15.174318259325036,51.4,0.4,84.7,0.0
2011-07-07,790656.0,0,11.083851419897622,16.87016238764384,4.904350906754192,87.2384413182254,69.75463127620272,17.039591385263513,51.4,0.4,84.7,0.0
2011-07-08,782371.0,0,9.84610606935329,16.909731183040254,7.6052104481239535,89.90044656325446,69.26679220076079,15.549158593529672,51.4,0.4,84.7,0.0
2011-07-09,690375.0,0,10.450417715840494,18.682194316377142,1.4438967926445672,83.94748083334296,49.07297481380417,13.528082954417767,51.4,0.4,84.7,0.0
2011-07-10,678817.5,0,10.175354166087834,19.142177780594427,1.6461878600394533,85.69070201377447,49.58375807918145,8.279565863938556,51.4,0.4,84.7,0.0
2011-07-11,793887.0,0,10.22386249415737,20.116520870332565,0.4635509574538447,82.8463180760244,30.38904650230177,8.053062030361273,51.4,0.4,84.7,0.0
2011-07-12,797565.0,0,11.000567589619996,17.529756110574418,0.2976321055428096,85.74020532560266,66.0145631033646,13.195374889140613,51.4,0.4,84.7,0.0
2011-07-13,793565.0,0,9.784245731406418,16.141124601035287,0.1608054649160616,81.89611686946118,58.906677478658565,11.253088495850472,51.4,0.4,84.7,0.0
2011-07-14,793445.0,0,8.927925461552476,19.098381606598725,0.8041275237030712,79.72926638991672,37.138732579985344,11.548608368909557,51.4,0.4,84.7,0.0
2011-07-15,781271.5,0,10.596385753422163,19.85681076194792,0.4235936378574454,81.7694593879062,48.12916365058645,11.298115464156304,51.4,0.4,84.7,0.0
2011-07-16,694754.5,0,11.423458230813242,16.570400629295303,9.795088154574438,92.44119604033745,76.63128221130641,16.519542263520666,51.4,0.4,84.7,0.0
2011-07-17,673080.0,0,10.419059568772653,16.120810286546472,7.096354339676362,91.44803230271086,85.09443346641787,17.48239799092176,51.4,0.4,84.7,0.0
2011-07-18,783343.5,0,10.743546505252285,16.270144260428037,4.045178223601696,90.6437678152605,84.11037527393671,17.872636469843666,51.4,0.4,84.7,0.0
2011-07-19,800517.0,0,10.071741268755122,18.077555777609,1.3803628974556494,88.84360484857844,71.28763706978135,10.363565900574097,51.4,0.4,84.7,0.0
2011-07-20,809467.5,0,10.69976881806619,16.961467557016825,2.2402892892188984,86.72486139656644,67.58293136688182,7.784202195968665,51.4,0.4,84.7,0.0
2011-07-21,801721.5,0,10.593411820469136,18.012665954076738,2.2830090022618146,86.7447538644962,67.24109588885318,10.286818824840076,51.4,0.4,84.7,0.0
2011-07-22,775172.0,0,9.288172879914848,17.540550932128607,1.589028026249241,82.61618693984813,48.69671429921991,8.392118432249699,51.4,0.4,84.7,0.0
2011-07-23,677381.5,0,8.615248400022718,15.962437031129635,0.940409969821167,78.53810186782242,44.41991457219156,13.122840439439608,51.4,0.4,84.7,0.0
2011-07-24,656308.0,0,9.10387470928224,18.35004173132184,0.0,80.90206783955306,31.213935200336163,12.597574948568866,51.4,0.4,84.7,0.0
2011-07-25,768714.0,0,9.482034140388864,19.31364063461606,0.0,78.22063822859543,34.84238714717086,8.60650025116244,51.4,0.4,84.7,0.0
2011-07-26,781256.0,0,11.314239604173894,18.55700310160412,0.132387953029796,82.08070612666701,63.80274697086786,8.009652511907165,51.4,0.4,84.7,0.0
2011-07-27,780006.0,0,11.591694345144647,19.75478729995828,0.1191992033491275,83.99111554357428,62.98874097972776,7.592933699016668,51.4,0.4,84.7,0.0
2011-07-28,786546.5,0,12.071906512864606,20.655468797830583,0.5212878486308019,84.41018918875392,50.93342008559439,7.453452964147084,51.4,0.4,84.7,0.0
2011-07-29,764033.5,0,11.577074259992836,18.38611653506968,0.064855450052851,83.81145081592756,65.2083623569585,8.033289703643073,51.4,0.4,84.7,0.0
2011-07-30,675354.5,0,10.361997979390171,19.862172505322604,0.0240751815979438,78.97649854724104,27.28264939616517,6.4482409132182745,51.4,0.4,84.7,0.0
2011-07-31,655621.0,0,11.343770722745433,20.606911801659614,0.0974000615059075,83.11356298079535,50.389479674528886,9.964094128503213,51.4,0.4,84.7,0.0
2011-08-01,774825.5,0,14.559087977297768,22.26471470135028,1.7414929188296593,84.32161657883563,50.86015839584528,8.862160764738613,49.4,-0.2,84.5,0.0
2011-08-02,793713.0,0,14.13466339192479,22.831841766924697,3.088501659294891,84.29010037953435,50.90854847287581,7.133130492718502,49.4,-0.2,84.5,0.0
2011-08-03,789988.5,0,13.68803353577952,23.50125764090729,1.658663570553779,80.2074175933942,34.83993205890011,6.736953030164818,49.4,-0.2,84.5,0.0
2011-08-04,785515.0,0,13.799604827924838,19.494270840888905,9.622566347515384,91.90821899889578,72.89613358903628,12.64098057910707,49.4,-0.2,84.5,0.0
2011-08-05,755278.0,0,12.155449112374969,19.844520798536745,0.1842739456894108,82.55819477087913,59.11855933691149,10.282784873898752,49.4,-0.2,84.5,0.0
2011-08-06,676715.5,0,11.003278373672178,17.634784562742542,5.171384172131468,86.40072718472598,65.81965749950395,9.946436413120049,49.4,-0.2,84.5,0.0
2011-08-07,648121.5,0,10.334641558126709,17.25974978664101,3.775600941176848,84.14441345517642,62.31707449418983,15.123973282856609,49.4,-0.2,84.5,0.0
2011-08-08,753644.5,0,9.813586618709351,17.284579661890852,0.7482677505950817,83.22099882126996,56.906916224356046,18.115531787600418,49.4,-0.2,84.5,0.0
2011-08-09,770639.5,0,9.59864016068987,16.910105129860693,0.0,77.17539991441053,35.136209906520364,14.323205845138869,49.4,-0.2,84.5,0.0
2011-08-10,777125.0,0,9.97941663558383,18.336340562008846,6.16949527813382,84.95435319340196,59.58519029212294,17.29715796113633,49.4,-0.2,84.5,0.0
2011-08-11,791175.0,0,13.049910697798843,18.60819343085436,4.55533555910628,90.3653216557346,81.10000710889287,16.67589566210624,49.4,-0.2,84.5,0.0
2011-08-12,787503.5,0,13.474989912932813,19.6205782563401,2.206652091950778,88.70635480929973,83.04901407984924,10.069065906229246,49.4,-0.2,84.5,0.0
2011-08-13,694725.0,0,13.55667541022584,18.66846909730768,1.7951753791225125,87.66764880852128,83.51415820688949,12.743464520938684,49.4,-0.2,84.5,0.0
2011-08-14,669626.0,0,11.832571880649772,18.724017780284623,0.3266223704472658,82.1997856759466,53.68778470916176,10.994094178907812,49.4,-0.2,84.5,0.0
2011-08-15,785254.0,0,10.091103873679677,18.324588975063,1.3688381757812529,79.24707613356875,38.06338377092313,11.564809314475292,49.4,-0.2,84.5,0.0
2011-08-16,792901.5,0,11.4523858003845,18.63648473453617,2.004238645871777,88.57847810497877,73.27320916753973,14.779222851405514,49.4,-0.2,84.5,0.0
2011-08-17,793918.0,0,10.396688654342208,18.3248102481898,0.1294096865104255,78.8253261116243,43.08629014204017,7.706374187410209,49.4,-0.2,84.5,0.0
2011-08-18,805598.0,0,9.632251132197991,16.28375347207794,4.442960842201879,84.83179133158876,66.73518100107964,9.067417061072428,49.4,-0.2,84.5,0.0
2011-08-19,777833.5,0,9.071949110899713,18.740739383868902,0.3022534329836401,80.72074358650622,39.32755845151164,11.006531406738333,49.4,-0.2,84.5,0.0
2011-08-20,699332.5,0,12.41036917006242,19.515886838842228,1.4943101703085424,83.92073587521689,54.50233463971406,12.010390401464043,49.4,-0.2,84.5,0.0
2011-08-21,677334.0,0,12.667160022192776,20.843909473704656,0.6097628518825136,82.54353299436033,46.96273388042406,11.248253803273052,49.4,-0.2,84.5,0.0
2011-08-22,788759.0,0,11.003687695917154,19.980546559222088,0.3474105020199951,79.29271393495446,41.8266955032211,7.60413665953708,49.4,-0.2,84.5,0.0
2011-08-23,809350.0,0,11.949286255476585,17.175983332304753,3.782948280084355,85.05774009986013,65.52666842918855,9.078755176614036,49.4,-0.2,84.5,0.0
2011-08-24,802369.5,0,11.057939274872028,18.64053721838888,1.1987449868935742,83.70547707770841,54.490532463759706,10.132504246280323,49.4,-0.2,84.5,0.0
2011-08-25,805680.0,0,10.958436334931449,18.28878515751684,6.630342686439859,82.0260212064452,48.89774094260047,10.171077335657026,49.4,-0.2,84.5,0.0
2011-08-26,797632.0,0,10.297506275372877,16.65742981343659,14.900689107737744,89.65254399399669,65.90865235552997,7.898571389143439,49.4,-0.2,84.5,0.0
2011-08-27,697668.0,0,9.773384139122602,16.486342842509718,2.535419139770484,85.39420572060263,61.94734014610942,12.556748420061622,49.4,-0.2,84.5,0.0
2011-08-28,656317.5,0,9.497523412937362,16.10604704003281,0.6089198318502497,83.62970712898095,48.551791327285926,16.30007213082871,49.4,-0.2,84.5,0.0
2011-08-29,685200.0,1,8.737308413339369,14.852909138452588,0.2036540339417209,81.54350261329418,68.06534074494067,14.476250750229465,49.4,-0.2,84.5,0.0
2011-08-30,792619.0,0,9.270409652948338,15.783264378404308,0.3215474815033554,86.25530918735734,68.94357678182111,9.127657582610068,49.4,-0.2,84.5,0.0
2011-08-31,810374.5,0,9.35710553666271,16.80952559066202,0.0740232464177695,82.01819432461399,41.93592728423204,5.467492812426775,49.4,-0.2,84.5,0.0
2011-09-01,800629.5,0,9.673856673040596,18.38003365244773,0.0164550831073527,81.67498759555053,25.618517015487,10.545784896765229,49.4,0.3,84.7,0.0
2011-09-02,794185.0,0,11.722080092174034,21.03214908439427,0.7163140455003566,85.4390796310334,46.59643374536432,10.39756096129197,49.4,0.3,84.7,0.0
2011-09-03,716214.0,0,13.139515249727754,20.179507413041613,1.451972846856806,87.64422989329715,64.02064541739804,12.86483443686627,49.4,0.3,84.7,0.0
2011-09-04,698230.5,0,11.402692656836376,17.845582061272818,3.450477466807341,86.32947284286132,67.77920885183481,10.683078425379922,49.4,0.3,84.7,0.0
2011-09-05,796900.5,0,9.544179602413422,16.58602278251103,2.02762727069656,82.16922127841313,57.945760069425575,19.688990285803925,49.4,0.3,84.7,0.0
2011-09-06,811575.0,0,11.219366880095322,15.58916675415758,7.703889385012228,88.58551199027117,74.29017515660463,27.675867447823247,49.4,0.3,84.7,0.0
2011-09-07,804795.0,0,10.35027336197954,15.54998089542668,3.0077766892979225,84.19077980282704,69.27345814783006,22.116839249153387,49.4,0.3,84.7,0.0
2011-09-08,823176.0,0,11.096704024672192,16.894414177437476,0.9660528958795837,88.7618369827904,79.11052542740029,14.981495364374863,49.4,0.3,84.7,0.0
2011-09-09,816701.5,0,12.50735632106895,20.129655833078647,0.9726692297611388,91.35210988744038,79.44782461423883,11.37517226694572,49.4,0.3,84.7,0.0
2011-09-10,716852.5,0,13.631625285308484,20.73839933488055,2.322742822015943,90.2929234213955,67.64127981032625,18.30968192176272,49.4,0.3,84.7,0.0
2011-09-11,678611.5,0,12.38927095645067,17.58837726135327,2.886339916584073,82.21860108360057,54.17486121523281,21.279783740901664,49.4,0.3,84.7,0.0
2011-09-12,792601.5,0,12.183516023376916,17.647739574914638,2.972245007424229,84.94428724082508,57.62969995247215,29.224249042128164,49.4,0.3,84.7,0.0
2011-09-13,796585.0,0,10.341923931957233,15.708671576894432,1.5702679099842665,76.92634552317395,35.296651563931846,24.056517742173824,49.4,0.3,84.7,0.0
2011-09-14,810995.5,0,8.945465018100169,15.825201775151712,0.278726028001846,82.66250383566722,38.97423608753091,16.17301645292247,49.4,0.3,84.7,0.0
2011-09-15,824446.5,0,7.745890211647692,17.25973085418096,0.0282943679127749,81.97400496399267,29.76008877295284,6.451709349119235,49.4,0.3,84.7,0.0
2011-09-16,807444.5,0,10.120561690437558,17.434973146641248,2.696137977924751,88.04398723509615,58.787123788045946,14.168921063689533,49.4,0.3,84.7,0.0
2011-09-17,711687.5,0,8.503513830776754,15.681336884931705,2.911829059432926,85.89317030559204,56.997079360692624,15.77736100070591,49.4,0.3,84.7,0.0
2011-09-18,702714.5,0,7.363047593745797,15.678990443164633,1.1171433640866968,87.67001283042983,61.08458244029083,9.628810987416308,49.4,0.3,84.7,0.0
2011-09-19,810047.5,0,8.741255785157394,16.048768649395182,0.4481316228265474,88.63071591253596,63.76661268046999,15.11251527197954,49.4,0.3,84.7,0.0
2011-09-20,829738.5,0,11.241778886569731,16.495780935086497,2.4226792876305385,88.924518755921,75.10984238358196,15.582843604479764,49.4,0.3,84.7,0.0
2011-09-21,820938.0,0,9.26230806603937,15.457874262156546,2.230218217808856,85.83574345188906,61.73514425796928,18.228004246403263,49.4,0.3,84.7,0.0
2011-09-22,823329.0,0,9.511844328339016,15.46738499575495,0.1620755671316757,82.85101692205407,53.397770463100265,15.111689742958662,49.4,0.3,84.7,0.0
2011-09-23,804807.5,0,8.926649887056811,16.82471033028783,0.3177644747877413,86.78145429999196,62.09582933579767,11.908470115234756,49.4,0.3,84.7,0.0
2011-09-24,719220.5,0,9.553276587996969,17.10149342994461,0.2499814025461454,87.71780403010605,55.378069286779805,12.053401493058058,49.4,0.3,84.7,0.0
2011-09-25,696842.5,0,12.026044902754771,18.3231847305284,0.8780655525364702,87.5573071427746,60.813157964455655,15.823402576756989,49.4,0.3,84.7,0.0
2011-09-26,816539.0,0,11.8272342792351,17.57978581240784,0.892097890837894,86.03386253349754,56.8225815042405,10.51058200041848,49.4,0.3,84.7,0.0
2011-09-27,828066.0,0,11.070374351286633,20.13517761106285,0.0415907114400496,88.42579671234144,43.98913624093301,9.75447658939846,49.4,0.3,84.7,0.0
2011-09-28,821478.0,0,13.025618707262122,22.61635576452839,0.0,86.55462050068243,27.37209116274564,13.235887495331427,49.4,0.3,84.7,0.0
2011-09-29,831187.0,0,14.199336414201902,23.82169542822889,0.0,84.65007960853573,11.360953835777874,10.95799842958932,49.4,0.3,84.7,0.0
2011-09-30,813978.5,0,13.895387616302472,24.218731766750125,0.4824522527045757,82.98765757277502,6.767229660452476,11.434409890587592,49.4,0.3,84.7,0.0
2011-10-01,721582.5,0,13.913455468395208,24.360816344933685,1.2893120546415384,81.12450394495916,16.28443204402461,9.341828209316295,50.8,0.9,85.5,0.0
2011-10-02,697238.0,0,13.446365354925844,22.524177612046355,1.3051700383861773,82.05862503869476,29.14137442652472,10.337901245214944,50.8,0.9,85.5,0.0
2011-10-03,805193.0,0,12.788400591922134,22.13881371909983,0.2719835212605379,82.84044272820192,42.61388215871352,17.723513611332333,50.8,0.9,85.5,0.0
2011-10-04,813009.0,0,11.442219945272896,15.887235870668183,0.0249544268640297,84.82196492380669,57.38229409904726,16.419887433616527,50.8,0.9,85.5,0.0
2011-10-05,810852.0,0,13.001785536903668,17.682486970410533,2.080241906434799,89.45754982863664,79.51271067279325,24.326213755096088,50.8,0.9,85.5,0.0
2011-10-06,805963.5,0,7.687593970773691,13.56565088691199,3.0104036941409444,75.43889018349488,44.33019696335634,26.727532317955177,50.8,0.9,85.5,0.0
2011-10-07,809994.5,0,7.699106166597288,13.328571445694942,0.5354183375996936,82.50948022959419,49.37893827440216,20.09422522472461,50.8,0.9,85.5,0.0
2011-10-08,750692.0,0,7.937185278586232,13.728915970366028,1.5088074065381898,90.83162854624032,81.14051777880937,14.077651715391523,50.8,0.9,85.5,0.0
2011-10-09,716573.5,0,13.125988683183476,17.811197010318683,3.763224148156089,92.38914791082762,84.28091158996028,19.52189946236731,50.8,0.9,85.5,0.0
2011-10-10,817885.5,0,13.140719120604444,17.294268824704844,1.6556313757210623,88.97495794903922,73.74422058996004,24.82098850369392,50.8,0.9,85.5,0.0
2011-10-11,833822.0,0,12.821789552675144,16.02629861616011,1.0772970944328977,88.96376663689927,77.6396721647842,20.501554843648613,50.8,0.9,85.5,0.0
2011-10-12,859024.0,0,11.701476304673932,15.698278086611824,2.5548945511150603,91.45145463684224,85.12321460140164,10.874109267709656,50.8,0.9,85.5,0.0
2011-10-13,856536.5,0,10.958652997881286,15.57537670063281,0.1521172283788233,89.5780505418003,68.15204675567709,8.623149336663152,50.8,0.9,85.5,0.0
2011-10-14,826902.0,0,9.024021603658046,15.055644897370083,0.0508626624595626,81.36631250570125,27.68632654092399,12.223938685015252,50.8,0.9,85.5,0.0
2011-10-15,748977.5,0,6.677556970108104,15.137545582356324,0.0332725691520397,82.64396185760872,8.807563760591421,11.011250214834249,50.8,0.9,85.5,0.0
2011-10-16,737416.0,0,6.819832071538144,15.301934949665473,0.2160904980195909,86.64092390466499,42.578216001051366,10.524388527642252,50.8,0.9,85.5,0.0
2011-10-17,841517.0,0,7.165370704944003,13.57612079856133,4.620892237052103,86.36310214750648,65.80367452310486,22.13728094283159,50.8,0.9,85.5,0.0
2011-10-18,860904.0,0,5.656857982453789,11.219093358296314,1.958331365812256,78.99196704325871,31.926279874254043,22.97973444581616,50.8,0.9,85.5,0.0
2011-10-19,886528.5,0,3.742320874340345,9.894206335292884,0.3983253870274291,79.51945027512306,22.97173265387111,15.804031473739572,50.8,0.9,85.5,0.0
2011-10-20,907130.5,0,2.9024447676212644,10.33049057015964,0.4547609912150926,82.15069068749172,41.24878458831365,11.170666845500554,50.8,0.9,85.5,0.0
2011-10-21,875066.5,0,5.850964074058866,13.136793032436714,1.0248748444526294,87.20006887911723,64.52816724381984,16.166584933351594,50.8,0.9,85.5,0.0
2011-10-22,771534.5,0,7.145779481344028,11.677795654336554,0.2543167745407096,82.24118512651187,26.29257386241117,18.23151710904285,50.8,0.9,85.5,0.0
2011-10-23,736329.0,0,9.239581553292783,16.182732154988493,0.7227941409691305,83.12930476810318,39.84865233155704,22.35870563688181,50.8,0.9,85.5,0.0
2011-10-24,838389.5,0,10.495017735658108,14.59673030268086,2.202125729545137,83.98348639223288,46.29895141217711,25.76221756826565,50.8,0.9,85.5,0.0
2011-10-25,863451.0,0,8.6544225642714,13.681180815074368,2.1782440616617933,87.43711113157347,62.86158235657002,15.67169119608644,50.8,0.9,85.5,0.0
2011-10-26,877416.5,0,6.96279124639269,12.065587205000924,1.365847899750903,87.29419029802396,52.5064907603448,14.623488015629851,50.8,0.9,85.5,0.0
2011-10-27,892204.5,0,8.524102927179612,12.126004726599296,5.455080431913341,92.10873715512496,83.75886730656742,12.358059535948192,50.8,0.9,85.5,0.0
2011-10-28,863029.0,0,6.882616627027341,12.510501076445586,0.1367061275275756,87.7899427268496,38.4742342895619,10.030484457064992,50.8,0.9,85.5,0.0
2011-10-29,771398.5,0,8.07074880522654,13.110629463727005,1.8817045649849315,89.68865551012038,57.71069841046016,17.743984149351046,50.8,0.9,85.5,0.0
2011-10-30,780303.5,0,11.494777530071262,15.240106314368829,0.6431456380718493,92.59545191597724,72.54587341216285,15.828910017090848,50.8,0.9,85.5,0.0
2011-10-31,860712.5,0,11.858593901559567,15.129543974818352,1.5037172671288976,92.246514429608,76.87382231492845,18.947915480826705,50.8,0.9,85.5,0.0
2011-11-01,879960.5,0,8.691429653371245,13.461237370881236,3.56016284466605,88.64644877146775,44.2363789094608,13.24799254454476,47.8,-0.4,85.1,0.0
2011-11-02,883139.0,0,8.077292920686023,13.065587205000924,1.1413986422475633,90.09438638114386,59.90918297153075,20.574081717292145,47.8,-0.4,85.1,0.0
2011-11-03,885110.5,0,11.510639443223395,15.660045366600045,4.175094325757317,92.41695425462784,68.62798402924057,18.61377575582929,47.8,-0.4,85.1,0.0
2011-11-04,881931.0,0,9.5902645909642,14.42673199430846,8.462765635322954,92.80288546058372,71.12100569658053,11.633817824001392,47.8,-0.4,85.1,0.0
2011-11-05,797806.5,0,7.485411648232925,12.368637648450772,0.9931829282565492,91.54836724128732,52.30692471322856,11.439881663519042,47.8,-0.4,85.1,0.0
2011-11-06,787552.5,0,5.0812137993537885,10.350987601328615,0.0,86.364897919003,26.681955401639847,14.261874233020226,47.8,-0.4,85.1,0.0
2011-11-07,932231.5,0,4.682263930049232,10.43530778401948,0.0195153277934168,89.62380802337987,58.272408917655845,13.044469336668069,47.8,-0.4,85.1,0.0
2011-11-08,940320.5,0,8.508219284726742,10.56171957387704,0.0825261231067232,92.70492912744226,81.57942240752539,11.176686553330896,47.8,-0.4,85.1,0.0
2011-11-09,925038.5,0,8.937452745686166,12.87277880137366,0.9531971592581328,92.49433429229111,82.65689706138716,14.93207780183812,47.8,-0.4,85.1,0.0
2011-11-10,917691.0,0,9.545111334544192,13.34006649166025,0.5573636712277503,93.8064774492272,66.40941939677248,12.97259907516162,47.8,-0.4,85.1,0.0
2011-11-11,902216.5,0,8.58843773150772,10.929490754935532,3.5393719300831625,92.98069606726088,72.40662816513236,18.26117300973743,47.8,-0.4,85.1,0.0
2011-11-12,808764.0,0,8.952597115529068,13.431534139036543,1.1411021802080064,94.28271830294344,61.72370607085313,11.779680227061665,47.8,-0.4,85.1,0.0
2011-11-13,776599.0,0,7.969370967785559,13.082308808585209,0.0,93.81836076429605,51.30712470270505,15.03781992476683,47.8,-0.4,85.1,0.0
2011-11-14,922441.0,0,7.324247745131714,9.582133606493487,0.008779040119358,92.1485102735642,62.63852015839831,12.871174429057245,47.8,-0.4,85.1,0.0
2011-11-15,928995.0,0,5.748637708075727,9.92305752959918,0.0,92.00017349632624,44.82809782684864,13.027420057072762,47.8,-0.4,85.1,0.0
2011-11-16,956825.0,0,5.192032188132593,9.378483096263691,0.2403339141951405,91.0091085263932,47.65110597223223,10.511178050197572,47.8,-0.4,85.1,0.0
2011-11-17,926629.5,0,7.231427256693915,11.896589873617224,0.8850667470640549,91.54717654014948,54.57912414444336,15.524536944605837,47.8,-0.4,85.1,0.0
2011-11-18,902317.5,0,8.900219327632122,12.678415016243806,0.3474481256741615,90.96547856464414,55.66995543372668,18.78821255817121,47.8,-0.4,85.1,0.0
2011-11-19,824420.5,0,6.699103431225626,11.665089530251244,0.0,92.57809670503892,41.38958907402813,11.685268489944528,47.8,-0.4,85.1,0.0
2011-11-20,825948.5,0,6.282685555319787,11.046202240718117,0.1651477998145602,93.37578379155214,48.98122262630594,10.117423942529904,47.8,-0.4,85.1,0.0
2011-11-21,942120.5,0,6.835687760951383,10.439378431969402,1.1075435787734176,94.29952640881476,76.59887996672805,10.864351674502329,47.8,-0.4,85.1,0.0
2011-11-22,948373.0,0,5.940919675595985,11.621898488083248,1.07152761164066,93.6856787342249,69.18756881457475,8.765915959793356,47.8,-0.4,85.1,0.0
2011-11-23,946458.0,0,4.279042240039497,10.328226911803505,0.8649055964843653,91.21446767577498,47.63549552886598,16.01753168851235,47.8,-0.4,85.1,0.0
2011-11-24,927040.5,0,8.354567034923503,12.02842808763221,0.8284082531142052,90.9789737512506,56.15023226686212,21.432018853042067,47.8,-0.4,85.1,0.0
2011-11-25,912794.0,0,5.958920464981219,10.996696009111185,1.703917070661596,83.74169570361012,39.56537579765282,22.334059830630704,47.8,-0.4,85.1,0.0
2011-11-26,825927.5,0,6.116334788223223,11.69118585184637,0.5994614299072384,89.71524492087585,59.82530994527044,24.838471877551733,47.8,-0.4,85.1,0.0
2011-11-27,795908.0,0,4.3667444639151,11.775436144254527,1.6150488024112577,82.83112674384553,37.511776174556296,25.656169191281528,47.8,-0.4,85.1,0.0
2011-11-28,944904.0,0,3.2790422400394976,10.777835818198223,0.9770382283864454,88.56767922646885,43.31000603257022,17.404635201000026,47.8,-0.4,85.1,0.0
2011-11-29,931084.5,0,5.04125229371671,12.203628412114906,6.489056890567184,88.70529217887781,67.83942174304521,28.611996427297264,47.8,-0.4,85.1,0.0
2011-11-30,939423.0,0,4.883386680252141,9.669698508564723,1.2904337875320653,85.01989191470852,44.02354677079848,22.835401607267507,47.8,-0.4,85.1,0.0
2011-12-01,954387.0,0,4.021036698483854,9.399015041839508,4.032473914389383,85.60173050061113,63.29128295139349,16.563594886293366,47.7,0.8,85.8,0.0
2011-12-02,958433.5,0,2.4214383739819807,7.330251378811725,1.2709736881218976,87.81886665438105,42.68524075204649,17.1993055874853,47.7,0.8,85.8,0.0
2011-12-03,838131.5,0,5.5815743459265335,9.350095194007311,1.618833282846773,86.67982231886246,50.12046364734088,24.851986058087245,47.7,0.8,85.8,0.0
2011-12-04,845982.0,0,2.384857111560627,7.245252516603399,2.867039250923696,86.4753451424348,58.874787317169606,20.76176361950771,47.7,0.8,85.8,0.0
2011-12-05,986761.5,0,1.782906951384639,5.111072271223964,1.2611685670635682,81.81687671759826,38.51662297653186,22.41720550927211,47.7,0.8,85.8,0.0
2011-12-06,1005709.0,0,1.7950621746905464,5.325219293824158,2.0818256497460466,86.05673521958826,55.26743839389795,20.14791634446652,47.7,0.8,85.8,0.0
2011-12-07,988746.0,0,3.0977990339036103,6.260982947508648,1.9976264288782468,79.72839317629882,33.76769594911742,28.96039449222773,47.7,0.8,85.8,0.0
2011-12-08,997974.5,0,2.925758340301872,10.314019468224078,4.944664459334429,87.0703290793489,66.57941252637943,31.456708363770748,47.7,0.8,85.8,0.0
2011-12-09,989228.5,0,1.4639942106012434,5.466143167754628,0.6948249641819985,80.78295349880467,27.32251965103296,21.75276669013144,47.7,0.8,85.8,0.0
2011-12-10,926073.5,0,0.5732719550764687,5.076363462909221,0.3299269821732448,87.28761925913103,32.30184800172802,15.78026642642932,47.7,0.8,85.8,0.0
2011-12-11,890296.5,0,2.975705274091617,7.119253060973094,6.258695074966395,93.21742187717062,80.32283312769896,19.285918026996704,47.7,0.8,85.8,0.0
2011-12-12,995526.5,0,2.3991635049048594,7.617771042753183,6.900739938012175,88.58117468968591,49.26308303678626,23.70405354726685,47.7,0.8,85.8,0.0
2011-12-13,1002870.5,0,3.07817761364455,8.84810630219796,5.475761263154064,81.0749423604942,48.61954473150207,31.150035750385594,47.7,0.8,85.8,0.0
2011-12-14,1026627.5,0,1.9107458983562933,4.837130223852982,0.6655369909534804,82.65931328586613,33.09843734363817,23.247622623945528,47.7,0.8,85.8,0.0
2011-12-15,1026731.0,0,1.6990813331107335,5.6623436473851445,1.8633895935766345,89.09831629575847,43.823149585612704,17.81740890105921,47.7,0.8,85.8,0.0
2011-12-16,1030557.0,0,0.0215229645822847,3.733209366699376,5.215500533674085,91.2721756119672,62.558130120830896,16.60846211196755,47.7,0.8,85.8,0.0
2011-12-17,940308.0,0,-0.4024728589662041,4.0037363640185895,0.2743740148051837,88.66472761599266,41.73628028240837,16.961514995737737,47.7,0.8,85.8,0.0
2011-12-18,924619.0,0,-1.0767284045173342,3.491785248613935,0.2033568603981865,87.4759107496787,31.952828269801817,15.987420440639484,47.7,0.8,85.8,0.0
2011-12-19,1042353.0,0,-0.1654201567755217,5.716020076029809,5.686725954361952,94.961539752388,78.1579413279375,16.47143921610764,47.7,0.8,85.8,0.0
2011-12-20,1007534.0,0,3.443884050115451,6.072740924159762,2.1867546880582154,89.19929270972433,61.89208757479859,18.62852613994924,47.7,0.8,85.8,0.0
2011-12-21,984299.0,0,4.853349686962837,10.64906433999846,1.4084884114903804,95.5378668871028,80.13392479547412,15.850668054596298,47.7,0.8,85.8,0.0
2011-12-22,930192.0,0,8.232090476751308,10.700419974827204,0.0166362845760198,94.00032073001108,52.0916977566756,19.51779182543092,47.7,0.8,85.8,0.0
2011-12-23,893701.0,0,3.381179865377915,10.066919023655494,8.585692157523477,91.28348721899128,63.33694976615953,23.97487370573892,47.7,0.8,85.8,0.0
2011-12-24,831921.0,0,2.607638519220996,7.7300408689114,1.328083280203605,88.55414652838923,55.91699599209656,22.54974061300355,47.7,0.8,85.8,0.0
2011-12-25,735722.0,1,7.759782288388575,11.176200164294412,0.2318318381402521,93.30301025807402,64.8001756446687,25.890117784489103,47.7,0.8,85.8,0.0
2011-12-26,720134.5,0,8.239445337930889,11.866347635249683,0.4159071144004962,91.69226029968854,62.77713225909244,24.037076380059545,47.7,0.8,85.8,0.0
2011-12-27,780586.0,1,5.935164561188604,9.71236488186022,0.0996365059874519,89.95348163944777,51.51100144968551,15.987200151017104,47.7,0.8,85.8,0.0
2011-12-28,823661.5,0,4.057386238043967,8.666158399779302,1.7427729928580369,85.45356021223041,48.92741815767985,29.379964914709262,47.7,0.8,85.8,0.0
2011-12-29,854817.5,0,3.527978272666273,7.180946280005183,3.728999680422533,85.50813912911667,60.24229857645112,28.6275394237746,47.7,0.8,85.8,0.0
2011-12-30,868823.5,0,3.151332301186426,8.899717663542647,5.4974388684388265,90.1784933585176,66.54908310956559,18.585285323237333,47.7,0.8,85.8,0.0
2011-12-31,788667.5,0,8.558528055938782,11.316279530642186,1.0177974959485765,94.8012072793342,79.11385909246147,21.280360766017168,47.7,0.8,85.8,0.0
2012-01-01,739434.0,0,5.646292040818384,10.13322925807623,7.410572357465008,92.193870665235,64.62944024583676,22.73509472930148,49.7,-0.4,85.4,0.0
2012-01-02,804438.5,1,2.822336135255461,6.007703175416127,0.4968515564817982,83.69703525973983,29.39346992099264,22.00064133708409,49.7,-0.4,85.4,0.0
2012-01-03,940536.0,0,3.67969506261112,10.123443020302728,11.520431300802612,86.28541307431433,61.64657041867046,36.30131445058124,49.7,-0.4,85.4,0.0
2012-01-04,978180.0,0,3.454575050484511,7.32609190811905,6.488267981718621,86.49803274528784,62.96257333869507,31.260190120009668,49.7,-0.4,85.4,0.0
2012-01-05,968571.0,0,4.308360552842586,8.2236271753581,3.240636532357664,85.80649578236424,44.20450082663546,34.897257719218835,49.7,-0.4,85.4,0.0
2012-01-06,969712.0,0,2.431825671260206,7.981265239708303,0.1692242719547076,89.29023478155997,40.153879039775134,19.26644834302864,49.7,-0.4,85.4,0.0
2012-01-07,849648.5,0,4.495259754581225,7.899152686356261,0.3522913363218754,89.87030966743043,64.28683362350812,21.9499617693392,49.7,-0.4,85.4,0.0
2012-01-08,840124.0,0,4.731504646197809,8.183240519201817,0.0,92.47826367642804,67.20780799854639,17.049153952618198,49.7,-0.4,85.4,0.0
2012-01-09,949296.5,0,4.284284441525622,7.927454409038012,0.1644751258209495,90.83043749165556,61.432488399565386,18.4460866850959,49.7,-0.4,85.4,0.0
2012-01-10,961449.0,0,5.210187556751278,9.466171274466824,0.0275900911561069,93.3171853382112,58.671597071640186,15.575424876982035,49.7,-0.4,85.4,0.0
2012-01-11,956806.5,0,6.882293945374689,10.0523340373176,0.1939494746734089,93.60382966785336,59.75634746067765,18.28475915144714,49.7,-0.4,85.4,0.0
2012-01-12,957222.5,0,3.85138830254268,9.952831097377018,0.6890986434031809,89.72045749429137,43.90895023443057,22.62350455079788,49.7,-0.4,85.4,0.0
2012-01-13,985543.0,0,0.3698023481905608,5.866778087472391,0.0,88.39183350794634,17.821627151508117,9.654038751672266,49.7,-0.4,85.4,0.0
2012-01-14,916788.5,0,-1.0795101852946911,3.859506870270112,0.0,85.79684585215617,13.63432683363949,8.877006656357901,49.7,-0.4,85.4,0.0
2012-01-15,893809.0,0,-0.7070367313083141,4.023049378806316,0.0,85.88486494886146,18.700055140789885,14.57333889484592,49.7,-0.4,85.4,0.0
2012-01-16,1029055.0,0,-1.2856427994322228,4.318789464651499,0.0,83.96599630288395,9.052111995827977,12.356922528004674,49.7,-0.4,85.4,0.0
2012-01-17,1048541.5,0,-1.0424006887973192,4.769698487050566,0.0,87.6223719839915,29.01528096938621,11.811429931825932,49.7,-0.4,85.4,0.0
2012-01-18,1010425.0,0,2.7395247098108744,9.297465582877582,0.9634521690452312,95.11009202466433,76.22824045650341,18.813513547404543,49.7,-0.4,85.4,0.0
2012-01-19,978010.0,0,3.97788206134658,8.070733407235494,4.051995387548686,89.12023167860355,68.4560803039963,22.97288126409331,49.7,-0.4,85.4,0.0
2012-01-20,978272.0,0,3.502300109488629,7.595081565094838,3.792018474392864,90.78010951137288,71.5062063124264,23.84405581608861,49.7,-0.4,85.4,0.0
2012-01-21,856871.5,0,4.719957351560293,9.444715633835404,0.2973378195067774,88.25255860211075,59.74497546033539,30.19420030825487,49.7,-0.4,85.4,0.0
2012-01-22,838905.0,0,3.674130486817476,8.7966296963258,0.581852645405596,86.77853946950755,43.23567598041252,27.09238450400274,49.7,-0.4,85.4,0.0
2012-01-23,976103.5,0,1.9218390751960432,6.999127385705108,0.6819833823405389,87.35312200569007,42.553956143448055,18.04446689327428,49.7,-0.4,85.4,0.0
2012-01-24,1015484.0,0,1.162023301555486,7.590784296212844,5.533570684708399,96.13624910839178,83.01472814769974,11.948365188221846,49.7,-0.4,85.4,0.0
2012-01-25,969927.5,0,6.502054694401819,9.615550320511796,1.3006640806237582,94.28244696329487,80.61096912619813,19.11543767852142,49.7,-0.4,85.4,0.0
2012-01-26,980706.0,0,2.008322537323378,7.487953054383614,3.899852998360744,89.2711574851202,48.683775176791066,18.92443211532868,49.7,-0.4,85.4,0.0
2012-01-27,985114.5,0,1.498937000763937,6.330627707556928,1.4434126103461222,87.86643192465176,45.964607241198806,16.473971770718567,49.7,-0.4,85.4,0.0
2012-01-28,904902.0,0,-0.1991203659423238,5.295002057982995,0.0,89.47507131329066,46.05521429147481,10.471252842020425,49.7,-0.4,85.4,0.0
2012-01-29,897500.5,0,-0.6222423611826542,4.635354303778452,0.4365440536831134,89.07726917827468,58.30634297036529,8.942380702143474,49.7,-0.4,85.4,0.0
2012-01-30,1028407.0,0,-1.363780058661121,3.5413528724107093,0.2448863655921962,85.59437397976784,50.22141058690872,10.887013859913074,49.7,-0.4,85.4,0.0
2012-01-31,1054991.0,0,-1.7373867095113975,3.040684704096714,0.0270610287849614,86.55101165415854,45.74839685706411,14.006689259197426,49.7,-0.4,85.4,0.0
2012-02-01,1055675.5,0,-2.3544053406502785,2.874137681766984,0.0,75.1157218498292,9.965271198884508,17.920171205375638,52.0,-1.0,84.6,0.0
2012-02-02,1081589.0,0,-3.378575361271907,1.4902392565050826,0.0,72.93046171967222,21.52405985275956,13.61886712769256,52.0,-1.0,84.6,0.0
2012-02-03,1073379.0,0,-4.200326372867671,1.5318410170025785,0.0,74.13319726344814,15.76476985443397,9.481559507303627,52.0,-1.0,84.6,0.0
2012-02-04,992995.0,0,-3.768532757704589,1.4263005893158474,6.638447568088626,80.92263781908879,63.86660385351784,16.85363602505379,52.0,-1.0,84.6,0.0
2012-02-05,943445.0,0,-0.6713696055090016,4.07609239987126,2.9278637113055552,93.3717675590576,59.56287617507264,11.030974826220916,52.0,-1.0,84.6,0.0
2012-02-06,1049632.0,0,-0.3239399389833859,3.705855895949167,1.0718166851032764,96.63100881244546,73.50502810486813,6.592563394236024,52.0,-1.0,84.6,0.0
2012-02-07,1066904.0,0,-4.217106909880752,2.0401012401007206,0.0,91.44644059301382,33.97411579264678,10.345474213866478,52.0,-1.0,84.6,0.0
2012-02-08,1101502.0,0,-5.145541519376636,0.7456625764766889,0.0249544268640297,87.6657954712818,28.46679417084308,12.147841628865264,52.0,-1.0,84.6,0.0
2012-02-09,1098075.0,0,-3.650924515667103,1.4857942160842803,3.524878826108796,90.57195485825366,70.31888907520833,7.250188110587204,52.0,-1.0,84.6,0.0
2012-02-10,1073877.5,0,-1.9843193436386568,1.214506923748165,0.6251653870249705,91.57130284092628,60.18941228603554,14.060227659143925,52.0,-1.0,84.6,0.0
2012-02-11,985141.5,0,-4.961524892250944,1.1756735898821,0.0998177074561191,88.61357742601649,26.334768030647965,7.989559516646919,52.0,-1.0,84.6,0.0
2012-02-12,949134.0,0,-3.1624321627827667,4.766235998277884,0.3009802926614097,93.81772643468092,70.15368264623666,10.00891934009804,52.0,-1.0,84.6,0.0
2012-02-13,1027022.0,0,1.202547202679853,5.947300852034465,0.3678834926528532,94.8162452309256,78.99635382641,17.353970478024944,52.0,-1.0,84.6,0.0
2012-02-14,1012473.5,0,1.9579598731426824,7.125279714803389,0.0585459833802505,90.1237886760039,53.44398436756609,20.02068615599511,52.0,-1.0,84.6,0.0
2012-02-15,981878.0,0,3.918410332918704,8.990833124133747,0.0878189750703759,90.76586646186009,58.176436651005176,21.76310422823302,52.0,-1.0,84.6,0.0
2012-02-16,976118.0,0,3.614756094592472,9.22832388533912,0.0995884833107906,89.93632623357885,58.613623819763966,17.731457683861848,52.0,-1.0,84.6,0.0
2012-02-17,946341.0,0,5.184186773390009,10.062888361307069,0.2428960123567495,93.13066255742127,75.13944085683889,16.93562919018984,52.0,-1.0,84.6,0.0
2012-02-18,848401.5,0,1.5565503514921852,8.75373848469999,3.7686408064219887,87.49885017576453,59.17535276766749,25.777855319246765,52.0,-1.0,84.6,0.0
2012-02-19,861809.5,0,-0.4357979687683254,5.067913592498222,0.1571329395545561,74.9591640513645,16.369266092406633,16.28726976161574,52.0,-1.0,84.6,0.0
2012-02-20,989067.5,0,-0.835238852653581,7.597633928099434,1.0252670875286969,83.22497863336652,53.58410513330296,19.80426053806543,52.0,-1.0,84.6,0.0
2012-02-21,964835.0,0,4.478522507129792,10.239681133115113,0.0499088537280595,90.31524595970238,59.66852484971438,20.153808396496856,52.0,-1.0,84.6,0.0
2012-02-22,957733.5,0,6.000140425990186,9.933499995328354,2.6372151617532835,92.51181394727286,74.05398844542128,26.82809973238845,52.0,-1.0,84.6,0.0
2012-02-23,924825.5,0,8.409457507568682,13.951839755658163,0.0669726861153026,92.53641721695789,67.30135312996593,20.03984717324848,52.0,-1.0,84.6,0.0
2012-02-24,902952.5,0,5.5024200970276285,11.643718255858182,0.1693175634956599,88.51996911980534,62.30730041191624,18.29435701739008,52.0,-1.0,84.6,0.0
2012-02-25,827504.5,0,3.267129035656706,9.29165216509892,0.0665451383040794,83.51628064015812,33.53530704024426,13.5139052925815,52.0,-1.0,84.6,0.0
2012-02-26,815621.5,0,3.163163382950312,10.206414126909936,0.1270285900431488,87.15665816201711,45.22580079695822,10.27672860736512,52.0,-1.0,84.6,0.0
2012-02-27,934715.0,0,5.041330205707325,10.46860950485716,1.4179541820328987,92.70912071570108,77.23059473557132,15.615402041853525,52.0,-1.0,84.6,0.0
2012-02-28,932305.5,0,7.318841236938754,13.222266220385146,0.0,91.92444600732858,68.42643346998308,11.051702320136098,52.0,-1.0,84.6,0.0
2012-02-29,925381.0,0,6.14865685414064,13.009231618118022,0.0207953557200248,90.04783644856309,51.79300694243475,9.563116995349745,52.0,-1.0,84.6,0.0
2012-03-01,921902.0,0,4.978472471342525,12.796197015850897,0.0415907114400496,88.1712268897976,35.15958041488642,8.074531670563394,51.5,2.2,86.5,0.0
2012-03-02,921721.5,0,4.194525602341134,10.737881012684994,0.0665451383040794,88.93068933947598,62.59207407005354,9.55348443014156,51.5,2.2,86.5,0.0
2012-03-03,819453.5,0,4.76285034578786,10.911568138784276,0.7602088557688311,88.5572113740319,55.73225180221038,16.594355124144073,51.5,2.2,86.5,0.0
2012-03-04,831765.0,0,1.5331664275111756,6.235975979994537,10.288444675970949,94.65207403255744,68.18276872905903,17.916718213567492,51.5,2.2,86.5,0.0
2012-03-05,951671.0,0,1.2608136618106955,7.714310438006152,2.740924931197719,81.73549758193145,28.54118533858,23.13963319342164,51.5,2.2,86.5,0.0
2012-03-06,966976.0,0,0.3189676326237267,8.393468276696183,0.3980206189857168,81.4080879008303,38.25973366638891,13.297742408636742,51.5,2.2,86.5,0.0
2012-03-07,949585.5,0,2.6353331123316948,9.06429819952305,3.204430390815151,83.78853244298317,61.8430189565559,25.37982230656865,51.5,2.2,86.5,0.0
2012-03-08,951222.5,0,1.92208109411916,10.13274343762824,0.079861548394933,82.08289536139976,39.14653581160874,17.58083648710417,51.5,2.2,86.5,0.0
2012-03-09,923900.0,0,4.878088449748702,11.66506566490185,0.0803762193303367,89.52471672614,70.96935667623698,18.289645247497656,51.5,2.2,86.5,0.0
2012-03-10,821803.5,0,6.721476389501189,13.05291547283573,0.1168481037666006,89.66692713142004,64.43756638654821,15.526008205746171,51.5,2.2,86.5,0.0
2012-03-11,786617.0,0,5.316650865029017,13.366239280723878,0.0,89.60422059549225,38.13591491666399,10.560090152932478,51.5,2.2,86.5,0.0
2012-03-12,914961.0,0,4.05194329408577,13.324983944290375,0.0,88.3426261541117,26.557081105798275,6.715872488898079,51.5,2.2,86.5,0.0
2012-03-13,938116.5,0,3.6102208483758287,11.227277820819756,0.0,85.65867608257405,24.874750005470744,4.181785639556941,51.5,2.2,86.5,0.0
2012-03-14,935764.0,0,2.951416387740716,11.006834894687575,0.0,85.45081257749708,19.31394006560958,7.671958909062477,51.5,2.2,86.5,0.0
2012-03-15,936594.5,0,2.644980691349513,12.358466322595842,0.0,84.69715784434518,18.729575271773005,9.198400287035764,51.5,2.2,86.5,0.0
2012-03-16,914303.0,0,3.981658626108256,10.91037457933672,1.046409984512264,87.9007838130663,61.83400005200279,15.112538952921856,51.5,2.2,86.5,0.0
2012-03-17,825955.5,0,4.497313096664469,10.21747595454636,3.908060708469866,89.71558827148853,75.19040966708621,11.536753729141408,51.5,2.2,86.5,0.0
2012-03-18,801280.5,0,2.452537183228594,9.21958758463363,1.9676572190207788,86.77139798268492,51.2848051610132,10.922139827773623,51.5,2.2,86.5,0.0
2012-03-19,913939.5,0,1.1873216168861809,10.60422230125773,0.1112265000839666,81.57309690665731,34.75498186479322,14.54245917657568,51.5,2.2,86.5,0.0
2012-03-20,905575.5,0,4.264079910717469,12.309013861019515,0.0,86.7296808755599,45.557704555395766,13.168626335076514,51.5,2.2,86.5,0.0
2012-03-21,904886.5,0,3.6470947648305705,12.909485767953443,0.0,84.28022954501364,34.32129156135998,8.470690292860569,51.5,2.2,86.5,0.0
2012-03-22,895521.0,0,3.727927794302018,14.512404695348442,0.0438952005967904,83.07443700826316,30.79555020802348,13.654934155608592,51.5,2.2,86.5,0.0
2012-03-23,875231.0,0,5.252909513413648,16.29826454191192,0.032180671790069,86.10895315728277,31.74248564206488,8.378581677214342,51.5,2.2,86.5,0.0
2012-03-24,775582.0,0,5.172873199357083,16.818370107588006,0.0,83.66424635961987,22.586172905240087,8.765195665745205,51.5,2.2,86.5,0.0
2012-03-25,715691.0,0,4.595156526572199,15.330828726639618,0.0,81.11814319160462,14.747946043226497,8.750354537975442,51.5,2.2,86.5,0.0
2012-03-26,854988.0,0,3.7569657622442,17.11265585164229,0.0,75.72692755494162,4.069950491616977,9.082663131419055,51.5,2.2,86.5,0.0
2012-03-27,856007.5,0,4.12075043108228,17.855915158237256,0.0,69.99209600527551,1.74448037343171,6.697787256438204,51.5,2.2,86.5,0.0
2012-03-28,847273.5,0,4.468287883545209,17.928482048216797,0.0,69.81401467364005,1.6670917762065205,7.183801132087348,51.5,2.2,86.5,0.0
2012-03-29,835540.0,0,5.238188957138632,16.03576031284292,0.0,79.16840871935676,17.546400478327374,10.861534072649995,51.5,2.2,86.5,0.0
2012-03-30,826224.5,0,5.422467058134209,14.053120717913968,0.0,86.36429715147615,41.56189483743778,10.957327817881536,51.5,2.2,86.5,0.0
2012-03-31,760144.5,0,2.8197603832864244,10.031778748879113,0.0259831094795319,83.25591342788417,51.30043012643687,12.380885920494975,51.5,2.2,86.5,0.0
2012-04-01,735042.0,0,0.8474020823001415,11.699727587716914,0.0,78.40328521824824,16.383378520238924,8.169114306940418,51.9,-2.5,84.3,0.0
2012-04-02,864834.5,0,3.108808628235084,11.616120169118505,0.3477143495630413,84.32882953876839,58.01214747820862,7.566598723927605,51.9,-2.5,84.3,0.0
2012-04-03,882627.0,0,2.619173028301077,10.115725000116791,6.567823578793088,87.54783438166709,74.37466307290055,13.377605487610426,51.9,-2.5,84.3,0.0
2012-04-04,904455.5,0,1.7531062603990224,6.601140290389514,7.953822363796317,88.68353063763787,71.88163547379956,19.315122253287303,51.9,-2.5,84.3,0.0
2012-04-05,894052.0,0,1.0493282019400116,8.308752940370864,0.1000931086705995,80.76635853678147,41.327485472410366,14.157106839806064,51.9,-2.5,84.3,0.0
2012-04-06,806378.5,1,-0.1445258666579462,10.113359595155158,0.6449480758842504,84.19761821661636,55.83487423375785,11.933015726973272,51.9,-2.5,84.3,0.0
2012-04-07,768628.5,0,4.6699120519614885,9.89500529432722,0.2303404443571311,86.85952511120361,78.57768931906826,10.011681251012702,51.9,-2.5,84.3,0.0
2012-04-08,726278.5,0,4.60152507112581,11.09541594122971,0.9779592111212712,91.4162401689513,89.69459304923005,14.380611000275628,51.9,-2.5,84.3,0.0
2012-04-09,761306.5,1,5.93825414811429,9.911746306756504,10.731125236317672,95.01272886762496,94.29828814601797,18.19013396313678,51.9,-2.5,84.3,0.0
2012-04-10,833461.0,0,3.0625980584639283,10.105652547190386,2.0332020196140284,84.42624385340473,51.240842667200056,17.826698714977717,51.9,-2.5,84.3,0.0
2012-04-11,867051.5,0,2.125365448727579,11.12338390246685,3.008649675480424,85.43508379088827,57.75439379062027,9.609059283556372,51.9,-2.5,84.3,0.0
2012-04-12,867269.0,0,1.8305194606019195,10.744912884866793,3.0643876569334974,86.73256652362414,56.769001289988985,7.354235025346139,51.9,-2.5,84.3,0.0
2012-04-13,854252.0,0,1.0461142478072154,10.962814374113773,1.5260939350601868,84.30127349684258,50.83737731397076,6.304089900048905,51.9,-2.5,84.3,0.0
2012-04-14,773043.0,0,0.8844483732713988,9.231914951947203,1.131316434186712,82.01533908835042,52.12279670422752,13.825763386908918,51.9,-2.5,84.3,0.0
2012-04-15,758418.5,0,0.1326060236203338,8.587259370276874,0.3202310731336344,75.63397753589852,28.269876194005096,14.874044602294171,51.9,-2.5,84.3,0.0
2012-04-16,879677.5,0,-0.964696232981378,10.018641849858708,0.2875091911561315,72.21350424099398,34.666436424184475,10.051296686032687,51.9,-2.5,84.3,0.0
2012-04-17,878672.0,0,2.929087272248038,10.480190930171432,7.351365686551241,85.07456799875783,61.476193860645786,21.01361898522505,51.9,-2.5,84.3,0.0
2012-04-18,906737.0,0,2.814381198075577,8.127155718746257,8.794796396452107,93.96236233089564,86.36491482298518,17.372379959597637,51.9,-2.5,84.3,0.0
2012-04-19,902555.0,0,4.492933367083927,9.669321165580593,4.474155470903145,94.0145591078779,89.92388055375724,13.499355451159294,51.9,-2.5,84.3,0.0
2012-04-20,876431.5,0,3.1731458759569806,11.292341432656134,3.9048131292430535,87.78216921550032,73.49800803473934,10.28841824889989,51.9,-2.5,84.3,0.0
2012-04-21,784740.5,0,2.225325626019002,11.140514551685492,3.0088187629407668,87.50820171995252,65.2418221300296,11.221638514057595,51.9,-2.5,84.3,0.0
2012-04-22,763624.5,0,2.842280191065403,11.59792509150894,3.491033920391218,87.98164196800218,64.0771718113373,12.689515938180849,51.9,-2.5,84.3,0.0
2012-04-23,885372.0,0,2.944908523639389,9.697194679659088,4.264744360155384,91.05788436766444,78.32310806328556,13.464245649652614,51.9,-2.5,84.3,0.0
2012-04-24,893732.0,0,3.3466999369819543,11.261199610458489,2.045821029795512,88.37262580496763,69.63742743888811,10.442380963386835,51.9,-2.5,84.3,0.0
2012-04-25,909236.5,0,3.398877904442219,9.749136344815666,13.201933065639825,96.00076937706552,86.79617676180679,20.84739713404354,51.9,-2.5,84.3,0.0
2012-04-26,884916.0,0,6.168278712366511,11.488213975032265,8.25514019671072,90.27178236387252,79.04788792118885,19.531148414750696,51.9,-2.5,84.3,0.0
2012-04-27,871105.0,0,4.734082442011965,10.200831648262431,4.613003478962471,89.56988779321033,69.57555697391918,12.90303273422342,51.9,-2.5,84.3,0.0
2012-04-28,790714.0,0,3.5716267826939614,8.897657621335554,4.421623128360358,89.74294699784048,76.36648799977084,19.447591062674064,51.9,-2.5,84.3,0.0
2012-04-29,794517.0,0,3.6001180758522864,9.742044755474984,16.34847355043128,92.20157336426618,76.53887393415782,25.34722727975709,51.9,-2.5,84.3,0.0
2012-04-30,861301.5,0,6.497372214500347,14.473773364069483,2.37748608249045,86.7276884953833,49.48961506927928,19.57395221742136,51.9,-2.5,84.3,0.0
2012-05-01,876853.5,0,7.399704755047161,12.623740561123691,8.22131466142,92.69121414296563,74.46219994509586,15.666710068921532,50.2,0.8,85.0,0.0
2012-05-02,876293.5,0,6.393805634078822,13.228930215812833,1.6124851951850576,90.03384247922777,66.1553466127739,11.64137216753801,50.2,0.8,85.0,0.0
2012-05-03,894921.0,0,5.436302352862207,10.142942578217491,4.927679075255053,92.10517745308744,79.16203113885632,10.024052307436596,50.2,0.8,85.0,0.0
2012-05-04,876856.5,0,3.946050879388181,9.950950683031524,0.8792862720732201,87.97137425871428,80.75360079408146,10.903724844723094,50.2,0.8,85.0,0.0
2012-05-05,782656.5,0,2.045746985743366,8.626234912734882,0.6267183881395268,79.99242655496352,62.5746755541863,13.545556923514583,50.2,0.8,85.0,0.0
2012-05-06,751832.0,0,1.2785878456311135,9.88262655427506,0.7736238375899814,80.83275302986976,57.468804699749626,7.612476899939981,50.2,0.8,85.0,0.0
2012-05-07,774198.5,1,2.271835319438547,10.899624445764523,6.492781343425237,90.86819531733876,80.41882355844685,14.067306048011243,50.2,0.8,85.0,0.0
2012-05-08,849787.5,0,7.014772758845455,14.567936259201606,2.5704393132901693,88.34591520802717,65.17501862204146,12.36380690525828,50.2,0.8,85.0,0.0
2012-05-09,870542.0,0,6.374488593069883,13.38779155066437,6.54067285901538,91.56002753136212,84.77126333478319,9.970769833780375,50.2,0.8,85.0,0.0
2012-05-10,850516.5,0,10.245495011911467,15.026739963767698,10.69796553505468,96.09284373909692,88.22385871381226,21.05739721026513,50.2,0.8,85.0,0.0
2012-05-11,822459.0,0,5.2791702339191495,11.548096039944047,1.782856296296934,84.77832446622142,56.27844881806127,18.255788784066443,50.2,0.8,85.0,0.0
2012-05-12,734589.0,0,3.412653758621953,12.384208305989862,0.0727678460564792,78.9721710355982,19.78307677493657,12.414824552646868,50.2,0.8,85.0,0.0
2012-05-13,698918.0,0,3.766714550013536,13.17195938544743,1.7416691213297768,80.34863708723856,34.888163591945,16.85461361307805,50.2,0.8,85.0,0.0
2012-05-14,821348.5,0,4.940278615122511,11.647861068444778,4.004577410895114,85.52199799721619,54.78202348780663,17.729836684173865,50.2,0.8,85.0,0.0
2012-05-15,847778.0,0,3.326118877654263,9.776841249355495,3.682214398307979,87.40734002255667,58.64000408215802,16.276870016859725,50.2,0.8,85.0,0.0
2012-05-16,853108.5,0,2.0050394305361894,11.270957741519794,0.1436942276158697,80.04446746186277,46.40027838399897,10.6306432868816,50.2,0.8,85.0,0.0
2012-05-17,856463.5,0,3.7516426828869496,11.710492074306709,1.2007275304892515,85.64944463349585,70.87892389065004,8.739012473048906,50.2,0.8,85.0,0.0
2012-05-18,833413.0,0,6.146823071735091,12.338381349043503,2.4138724020423457,91.44499402705472,84.51344498177936,15.126707578811285,50.2,0.8,85.0,0.0
2012-05-19,749313.0,0,6.165878669608656,12.752751584118272,1.561227503565818,89.96668689202524,78.1519507717928,11.445242438756566,50.2,0.8,85.0,0.0
2012-05-20,726913.5,0,4.504325698306578,12.991236453148677,0.3696392554969906,88.00268413722935,73.57524803059387,10.822378748657824,50.2,0.8,85.0,0.0
2012-05-21,821912.5,0,6.320226272402694,15.24533451628425,0.0,89.4438783027615,68.25719473436652,11.81590667489696,50.2,0.8,85.0,0.0
2012-05-22,812432.0,0,8.691929919040374,20.45884642553925,0.0,86.95353116811557,32.96333175890668,12.146244064243492,50.2,0.8,85.0,0.0
2012-05-23,810235.5,0,10.290238577272344,22.60359282769568,0.4696903316475248,88.97206848989535,35.3054591840749,7.420271292317429,50.2,0.8,85.0,0.0
2012-05-24,812477.5,0,12.061814251544533,22.98620024973636,0.0825177863700548,90.59818049531248,43.66563898650853,7.223595027057436,50.2,0.8,85.0,0.0
2012-05-25,774077.5,0,12.26989134612004,20.557889761571484,0.0,83.92396356767703,19.003640718213937,16.166879262415943,50.2,0.8,85.0,0.0
2012-05-26,673956.0,0,10.983529758630803,20.55529590697425,0.0,81.48032053761303,6.5989772875636605,16.875969842926967,50.2,0.8,85.0,0.0
2012-05-27,663159.5,0,10.11129240717378,22.01297864701264,0.0047725059004118,83.79695661934126,11.559087331872991,11.64286677154102,50.2,0.8,85.0,0.0
2012-05-28,789179.5,0,10.47757540774249,22.81999943632903,1.3626605094577473,85.61762213403739,21.737239660233648,7.44517059683228,50.2,0.8,85.0,0.0
2012-05-29,797468.0,0,10.516024637031547,18.95553021768149,0.2296030004506909,88.86849358042079,53.96840705661961,6.706400265644543,50.2,0.8,85.0,0.0
2012-05-30,800645.5,0,10.144343472690172,20.012645715399884,2.1970684776015474,88.09825253701112,50.63129216928865,6.92143049057938,50.2,0.8,85.0,0.0
2012-05-31,800923.5,0,10.53354275625638,16.025361351816986,3.0260343039579416,94.0358066297541,85.79073956520253,11.883581629268502,50.2,0.8,85.0,0.0
2012-06-01,783893.5,0,10.638354407169354,17.67562161782051,0.2972795945085048,90.03376708746723,79.34487289311839,6.7788106247490525,45.9,0.3,85.2,0.0
2012-06-02,690547.0,0,9.192186290981091,14.605356681400382,4.017981855388461,89.58365657845206,81.14982368224545,13.120614446229231,45.9,0.3,85.2,0.0
2012-06-03,674590.0,0,7.51365912449912,10.81043271981508,16.767368082552412,94.29147713204702,88.7983421465574,14.807307219610882,45.9,0.3,85.2,0.0
2012-06-04,670027.5,1,5.476643998324109,13.22096902415954,2.456246717554005,83.45683120961947,50.931917352312674,10.743909372280765,45.9,0.3,85.2,0.0
2012-06-05,699857.5,1,5.975272132599017,13.990003445953604,4.572704224077713,88.20928256364688,72.95046828948173,14.036074081486785,45.9,0.3,85.2,0.0
2012-06-06,772620.0,0,9.7993755791919,16.297160727242506,5.479665005794071,91.80563807430818,76.99028512776583,13.602914378687066,45.9,0.3,85.2,0.0
2012-06-07,793396.0,0,9.28940699355239,16.036049432407307,9.552957929492075,95.0180763809201,84.87055320771195,17.09376892477642,45.9,0.3,85.2,0.0
2012-06-08,771901.5,0,9.536618835363573,13.669169613696676,7.449450019719263,92.64115402933156,85.03376190870178,26.05807444526048,45.9,0.3,85.2,0.0
2012-06-09,691457.0,0,8.748275363533967,14.314177182377865,1.271543632005594,85.47294531481853,63.23048668839064,18.77095173292249,45.9,0.3,85.2,0.0
2012-06-10,687384.0,0,7.44384550903607,15.985603477696207,3.113527659156217,87.69125431297422,62.84818047994524,7.015218839568055,45.9,0.3,85.2,0.0
2012-06-11,809340.0,0,8.705470177810222,13.58452679545493,12.894800919035704,94.73588409916772,90.886837259401,12.786606280314986,45.9,0.3,85.2,0.0
2012-06-12,817842.5,0,7.204039931877566,13.380509868360392,1.896256895902696,87.62387851298558,72.28418957945105,10.656165165060315,45.9,0.3,85.2,0.0
2012-06-13,813099.0,0,6.263517392292129,15.32142133784139,1.9560973186227293,84.93415656136366,51.592352140560486,7.176727921985479,45.9,0.3,85.2,0.0
2012-06-14,801469.0,0,7.119108424354618,15.082391930075786,4.1980753633003856,87.6073476016876,67.28073709476237,16.369291463747167,45.9,0.3,85.2,0.0
2012-06-15,786814.0,0,9.226373918790564,15.046281243783945,13.417924784471154,91.47774621479884,76.68006198659532,19.530397770370897,45.9,0.3,85.2,0.0
2012-06-16,704551.0,0,10.089663669764787,15.130587565209416,7.307427683534833,91.4239560838231,80.20647651797145,22.47378989923752,45.9,0.3,85.2,0.0
2012-06-17,682850.0,0,9.073152382453396,15.398204296119411,0.8679477308586068,87.47031986514187,68.26872197473426,13.114610320797013,45.9,0.3,85.2,0.0
2012-06-18,791236.0,0,8.320594625541757,16.536767559672285,2.357517818641293,85.23111709935533,45.21518303693379,7.415384089824442,45.9,0.3,85.2,0.0
2012-06-19,791317.5,0,8.135116587687165,17.211023105223415,0.4856305763163775,85.34197061768258,40.92009555237173,8.604350202933842,45.9,0.3,85.2,0.0
2012-06-20,792266.0,0,7.751499798135718,18.11947331986096,0.4263646707755842,84.30858339342956,24.98580783147357,8.829580290718988,45.9,0.3,85.2,0.0
2012-06-21,806808.0,0,9.679484746338227,17.405519986162094,15.5784958203521,94.48271586262312,87.55464799270436,15.358531126316636,45.9,0.3,85.2,0.0
2012-06-22,775198.0,0,9.83547744467849,14.628954686632134,10.63274845350077,92.7854257061992,79.12720323430345,21.76594157701,45.9,0.3,85.2,0.0
2012-06-23,678563.5,0,9.426414429952231,16.260874685186383,3.3606708646528265,88.0971398861692,67.60075870604258,20.222673037767308,45.9,0.3,85.2,0.0
2012-06-24,670867.0,0,10.24850393610762,15.906100607215627,8.15314857875006,90.98068005457958,66.94950199639104,16.609639781671856,45.9,0.3,85.2,0.0
2012-06-25,782321.5,0,9.297467995536858,17.445424602215493,0.1416377598326469,87.05290640615438,53.9069657683911,9.36609169359215,45.9,0.3,85.2,0.0
2012-06-26,804362.5,0,10.104171497107636,18.730558653252977,1.5385612857869595,90.33352674050164,73.95482155664654,9.65583529153161,45.9,0.3,85.2,0.0
2012-06-27,810859.0,0,14.442252108940815,20.525883039441723,1.3344462971550417,92.73359264144452,77.4336569103848,9.751337473804975,45.9,0.3,85.2,0.0
2012-06-28,810161.5,0,12.812695056587156,22.20720543305052,9.84973392824696,92.6914074323183,67.64228528992112,13.943451200600723,45.9,0.3,85.2,0.0
2012-06-29,760703.0,0,11.871735210982598,17.78900168216137,1.82878459568994,89.5861449368332,66.30988853452678,21.12470023092684,45.9,0.3,85.2,0.0
2012-06-30,673381.0,0,10.176344355262447,17.353842345839986,2.4797107110884467,87.65758760442665,59.22295078556186,17.53543222191597,45.9,0.3,85.2,0.0
2012-07-01,652143.0,0,8.579635966289402,15.84186426090012,0.4435933031585982,86.0183264369184,52.23484250652002,16.546555902759934,48.4,-0.1,85.1,0.0
2012-07-02,788571.0,0,10.840677509147206,15.957346074182295,6.605801664900866,93.91119519083551,88.35973112464468,14.935753250051818,48.4,-0.1,85.1,0.0
2012-07-03,808125.0,0,13.221579903341183,18.586986217292026,3.817195031876608,93.47811541313702,92.31882421001852,12.596183443489926,48.4,-0.1,85.1,0.0
2012-07-04,806786.0,0,13.918734781805856,19.56087096323685,7.001776410290014,93.57986272552678,82.08139224393663,11.305906340505455,48.4,-0.1,85.1,0.0
2012-07-05,798523.0,0,12.824931787821708,20.00481602136073,2.4739942960431898,87.02763048091644,65.74575573278578,8.000358118546213,48.4,-0.1,85.1,0.0
2012-07-06,790058.0,0,12.40220082779108,16.664411050508114,18.29823983290014,94.45110280350391,83.20673330482809,11.40600826537113,48.4,-0.1,85.1,0.0
2012-07-07,693174.5,0,10.949584303417014,17.25370436939049,5.707812287547678,90.86021825130948,84.14390817978166,12.954178590633251,48.4,-0.1,85.1,0.0
2012-07-08,679292.0,0,11.773205971150372,18.126564110104304,7.937133515519331,91.70019844045704,80.66319703724211,9.525097526756852,48.4,-0.1,85.1,0.0
2012-07-09,789505.5,0,11.328008112805009,17.730282703427438,1.6696762475569136,90.94478752186146,80.08455691527773,8.617207725230502,48.4,-0.1,85.1,0.0
2012-07-10,804600.0,0,10.210255019007452,15.341157090489045,6.945358799623023,92.75297622267423,87.42584147715971,9.007115685198922,48.4,-0.1,85.1,0.0
2012-07-11,789620.5,0,9.146371428065626,15.61795111626522,5.726710469392236,88.43679193828805,67.18941068784086,13.397732936259816,48.4,-0.1,85.1,0.0
2012-07-12,794406.5,0,7.841372032306153,16.723144351525132,4.541561721110603,85.98743997242254,57.2863905547678,10.911978874816851,48.4,-0.1,85.1,0.0
2012-07-13,780401.5,0,11.131228656417402,16.463560270011303,7.096956345804087,91.74278138491682,81.93836806558696,11.020720271304612,48.4,-0.1,85.1,0.0
2012-07-14,696759.0,0,10.06918268201163,16.27205471776005,5.898329173519439,89.70456048232532,74.02062928177868,9.856283173296674,48.4,-0.1,85.1,0.0
2012-07-15,656213.5,0,8.734829997573202,16.552756790544784,0.6330143531405386,83.68655074919678,43.72155454736791,13.338952918782942,48.4,-0.1,85.1,0.0
2012-07-16,784868.5,0,10.218893138310964,16.111486034606077,5.9496908753410604,95.1881525705486,85.42960192166929,15.2490550212941,48.4,-0.1,85.1,0.0
2012-07-17,792369.5,0,12.802178443845216,19.122683386077856,0.7258204947076399,91.13513249279768,78.1911172524132,14.373165410813485,48.4,-0.1,85.1,0.0
2012-07-18,783585.0,0,12.03353654788474,17.043768697341022,9.616364548452225,92.5601564319099,78.81834770212798,16.715411378998592,48.4,-0.1,85.1,0.0
2012-07-19,786976.5,0,10.918957176742383,16.646508703768223,1.7493894512143695,88.0645783138751,69.57859400482754,12.211984941809732,48.4,-0.1,85.1,0.0
2012-07-20,777885.5,0,9.024118248334371,16.280764909496693,2.7388431627633425,86.62743692417354,64.78308641020641,6.818873216199596,48.4,-0.1,85.1,0.0
2012-07-21,679515.0,0,8.19616107798477,18.425295186557264,0.1684031687037092,81.71125571938553,42.6495780366498,6.0510638720962335,48.4,-0.1,85.1,0.0
2012-07-22,636885.0,0,10.91074064275456,20.121970668087176,0.0040684704096713,80.24408651064681,30.1727534884287,13.554918133706934,48.4,-0.1,85.1,0.0
2012-07-23,754567.0,0,12.362931647795266,22.360963010030023,0.5822699601606948,82.64572987583995,23.59672497024285,13.265612517945884,48.4,-0.1,85.1,0.0
2012-07-24,783977.0,0,13.393783904778086,24.58505312399114,0.0332725691520397,80.07484251942851,23.70701580110492,6.709009794843437,48.4,-0.1,85.1,0.0
2012-07-25,790783.5,0,13.968884455811024,23.48017445647243,0.1709657509338989,82.68283423967364,43.91849028875444,7.075186269589871,48.4,-0.1,85.1,0.0
2012-07-26,788749.0,0,13.257347669303524,23.27693866239465,0.4421691042413874,84.64310098389782,42.95915264886016,8.752398936315384,48.4,-0.1,85.1,0.0
2012-07-27,760457.5,0,12.00498652107195,20.471284636874188,0.5668182820685753,83.15422570971523,37.66126609535715,10.31607774319667,48.4,-0.1,85.1,0.0
2012-07-28,664172.0,0,10.148635086421764,17.127383691996904,1.020182829168479,80.95142998776275,39.63999487717136,12.088146521996444,48.4,-0.1,85.1,0.0
2012-07-29,642477.5,0,9.227532133548095,13.012468915113487,4.033423813690824,94.8448697428308,62.14568326695088,12.44745678358649,48.4,-0.1,85.1,0.0
2012-07-30,738669.0,0,8.183726339649809,16.248503936107618,1.9549324160351544,82.37508444307464,46.55213165054908,13.425390617220328,48.4,-0.1,85.1,0.0
2012-07-31,767781.5,0,9.437173999019938,17.77165487711235,3.552802947636504,90.21839752892056,76.60994016543528,10.8580134341786,48.4,-0.1,85.1,0.0
2012-08-01,759252.0,0,12.986274780930538,19.97600470508513,3.035597409166605,88.85829102830058,67.01998284276543,15.517603392131326,45.2,0.1,85.2,0.0
2012-08-02,763576.0,0,12.15719235858866,18.72394789000192,1.8567897226370016,86.02319210988499,57.16233032397373,12.419833386975304,45.2,0.1,85.2,0.0
2012-08-03,749433.0,0,10.86866653889305,19.13908479750505,1.4076794345415111,85.00366556706774,55.55911247270468,12.33224481932901,45.2,0.1,85.2,0.0
2012-08-04,675904.0,0,11.953964032997558,19.310091720392645,5.972617840118572,86.59335465427483,65.27653442671159,11.343569703662745,45.2,0.1,85.2,0.0
2012-08-05,666225.5,0,11.191790169209476,19.38013183384972,8.30755513495033,86.22728147822681,64.56385483880486,7.724987408069998,45.2,0.1,85.2,0.0
2012-08-06,761319.0,0,10.825843235173854,18.36882995429901,3.910908798959157,85.76686058505236,59.8561320670632,11.010323461694592,45.2,0.1,85.2,0.0
2012-08-07,773142.5,0,10.369093379810474,17.822362044449974,2.0545034313854456,83.9364413650648,68.0844944934817,11.839363009390746,45.2,0.1,85.2,0.0
2012-08-08,778815.5,0,12.108745883726666,20.967116821761216,0.686215878236252,80.21170482745767,48.74643916078551,10.583810742769582,45.2,0.1,85.2,0.0
2012-08-09,771312.5,0,12.04128800722089,22.1958803335752,0.0818341616694397,80.50938894809039,31.55742689980475,5.8381515931911006,45.2,0.1,85.2,0.0
2012-08-10,758220.0,0,12.018847894034284,22.67652393702228,0.0,81.46363749047538,36.68670691125766,6.277010857765837,45.2,0.1,85.2,0.0
2012-08-11,669932.5,0,12.42417180937029,20.04340194239664,0.0047725059004118,80.8082310837063,42.53852502059827,13.473429383399282,45.2,0.1,85.2,0.0
2012-08-12,662125.5,0,12.833151057181192,21.46568339480645,2.52542842220812,85.80423966933107,56.4642496144048,12.98355188748021,45.2,0.1,85.2,0.0
2012-08-13,771934.0,0,13.666383606923771,20.12731805844426,1.411365043585228,89.44827913158527,75.52924136894964,12.972314903853835,45.2,0.1,85.2,0.0
2012-08-14,782892.0,0,14.62098605722668,22.06273341325946,1.280797913753547,84.30620000877778,50.88464476680987,9.926451803120118,45.2,0.1,85.2,0.0
2012-08-15,784827.0,0,14.413273120529205,21.67562427635589,13.438140822280998,86.4070436496472,42.16725230256825,18.64595751101095,45.2,0.1,85.2,0.0
2012-08-16,774143.0,0,13.470165055399574,20.093810047554896,1.247125182778149,82.81936186422278,50.5308574972173,16.451742004539366,45.2,0.1,85.2,0.0
2012-08-17,773408.0,0,14.847100638196016,21.638686078667074,7.377525124542394,86.90163734122858,69.35081857687402,17.331066058549492,45.2,0.1,85.2,0.0
2012-08-18,697048.0,0,16.255928687569906,24.093835695506048,0.99783617195247,83.76803032525228,39.899078769852345,10.70347349480181,45.2,0.1,85.2,0.0
2012-08-19,685459.0,0,14.698583418631852,23.461928528611004,3.242026520688384,86.08395545622434,44.27608939096243,6.915025371955224,45.2,0.1,85.2,0.0
2012-08-20,786483.5,0,13.617696234948388,21.61778783916457,1.0511600465345117,85.71046313776266,47.56935368884231,8.779224587905501,45.2,0.1,85.2,0.0
2012-08-21,792191.0,0,12.942061723999648,20.17932323647208,2.2686648577151862,85.37091947090413,58.696802676312224,10.011398032474824,45.2,0.1,85.2,0.0
2012-08-22,766620.5,0,11.52626321000106,18.88321521240376,1.1203038017486215,84.13965784250111,48.816760787014985,15.567287038714914,45.2,0.1,85.2,0.0
2012-08-23,782907.0,0,11.437853446900228,18.59687788981259,0.6257918470680136,84.20357132275689,65.72441766703409,8.449266185839553,45.2,0.1,85.2,0.0
2012-08-24,773847.0,0,11.87295696934589,18.54358911558119,4.7827231144314775,86.20355624747823,76.5079426280074,10.161914900927911,45.2,0.1,85.2,0.0
2012-08-25,688087.5,0,12.53649895539537,18.89138323196272,8.661822864891818,89.92286516228192,81.6363717390989,12.492404303176055,45.2,0.1,85.2,0.0
2012-08-26,648108.5,0,11.239807882246984,18.4901069597936,0.7140843057528371,82.9810665257141,50.86873824251203,10.767185679364282,45.2,0.1,85.2,0.0
2012-08-27,675735.5,1,11.373207778339742,17.457479769314123,6.797418897152238,89.34871945573357,67.41322230101186,17.495310543364063,45.2,0.1,85.2,0.0
2012-08-28,763371.5,0,12.73951705691712,18.8381057065631,0.1779454912346398,83.60665012801539,45.56933260496636,14.384776003180653,45.2,0.1,85.2,0.0
2012-08-29,789300.5,0,11.42492245375009,17.324487797045997,8.484867287757902,89.17550186079036,59.92289743352063,15.94004025360645,45.2,0.1,85.2,0.0
2012-08-30,780142.5,0,9.005827309778567,15.824332326511664,4.332672898847308,83.0699129033075,58.68673816825744,15.548496771892625,45.2,0.1,85.2,0.0
2012-08-31,772781.0,0,7.055206315868672,15.65655633857533,0.2731618717343043,76.72026414346969,42.61974358380159,10.983515405613204,45.2,0.1,85.2,0.0
2012-09-01,683554.5,0,11.796927744266233,18.372767982825064,0.0625455608421649,87.56363856003642,68.59464405930139,11.91657626621891,49.5,0.5,85.6,0.0
2012-09-02,679068.5,0,11.551294058231822,19.039392087313555,0.1291583473462223,88.88086142508807,65.11628705752443,10.47618399486709,49.5,0.5,85.6,0.0
2012-09-03,779797.5,0,11.39453639322867,21.72037354296894,0.0164550831073527,83.86076913672161,27.285014063498487,7.980869563587126,49.5,0.5,85.6,0.0
2012-09-04,796454.0,0,11.587127964866273,19.620004811795365,0.0384849412565104,83.28744533252161,41.77812930206347,11.866476397492162,49.5,0.5,85.6,0.0
2012-09-05,788716.0,0,9.143071524867048,16.859444417739567,0.0083181422880099,77.53429521397246,24.342450982754496,12.83472308142261,49.5,0.5,85.6,0.0
2012-09-06,782602.0,0,8.049613510424779,19.325295208071424,0.2340094260292804,77.78524541754557,23.18201963677215,11.603272973618232,49.5,0.5,85.6,0.0
2012-09-07,775890.0,0,11.46870524286535,21.516992082666498,0.1414084188961687,80.01430030791064,31.054692742155385,10.175806624221895,49.5,0.5,85.6,0.0
2012-09-08,693196.0,0,10.7380450120467,22.1693849396952,0.0,76.34962005380261,42.73496383101034,7.416674877904073,49.5,0.5,85.6,0.0
2012-09-09,662038.0,0,10.529931973458169,23.121729770973783,0.2993653000340047,73.42934688667988,25.05420652215872,13.957681449188842,49.5,0.5,85.6,0.0
2012-09-10,783531.0,0,12.801793524803612,18.86054025680284,1.9405372168521515,85.45999970740743,69.37285466951916,17.651889902089675,49.5,0.5,85.6,0.0
2012-09-11,780033.0,0,8.501235757933992,15.4830388516209,1.389458069702925,75.01026180826139,39.591473118119616,16.885340811327218,49.5,0.5,85.6,0.0
2012-09-12,794865.5,0,7.199830717375499,15.00883240752784,2.756528265671098,83.68323509456026,51.60009165953831,14.786015178792498,49.5,0.5,85.6,0.0
2012-09-13,791447.0,0,6.100289682005975,16.929484531196636,0.0831814228800992,79.90073539084096,36.09815785934362,14.98399234378692,49.5,0.5,85.6,0.0
2012-09-14,765123.0,0,10.691055706550804,15.862127095079552,0.3221312466975765,82.10625037957124,52.23954253582845,20.88084916201736,49.5,0.5,85.6,0.0
2012-09-15,691928.0,0,8.829274451579495,18.235151449845333,0.0,82.15798973479558,34.888053961936905,11.627065820295549,49.5,0.5,85.6,0.0
2012-09-16,677359.5,0,10.233477479224083,16.279933587020103,1.9540768440277552,87.21019491766715,69.88066028306733,14.917343906784437,49.5,0.5,85.6,0.0
2012-09-17,782611.5,0,8.78298776778674,16.64181726475619,1.1295243400746824,80.77725177024648,48.636422558616246,15.368185835741484,49.5,0.5,85.6,0.0
2012-09-18,795709.0,0,7.689720491732539,14.535313771102624,1.556498159678827,76.83280885911275,37.78035664759242,16.895498537160115,49.5,0.5,85.6,0.0
2012-09-19,806599.0,0,6.020107240707051,14.357918817980131,0.5819229613613078,76.99386151864393,30.822966838198035,14.068867561049192,49.5,0.5,85.6,0.0
2012-09-20,822235.5,0,7.600945617983772,15.089365621824356,3.4716190714046338,84.27660158162263,70.81363408816478,12.007681092668491,49.5,0.5,85.6,0.0
2012-09-21,813834.5,0,6.83901394215863,14.316519121538771,3.7280843328606776,83.80869901666769,68.49703076942747,10.156452855469846,49.5,0.5,85.6,0.0
2012-09-22,720221.0,0,4.496090769712686,14.349265515827168,0.0,75.62528183548478,19.541832638159622,8.573039233343554,49.5,0.5,85.6,0.0
2012-09-23,718879.5,0,7.096223936210887,11.986402974584523,15.866002147051615,84.92876615805555,66.06730706225018,16.337552854142114,49.5,0.5,85.6,0.0
2012-09-24,826253.5,0,8.53426109866295,12.43740753521745,24.89456413573689,93.66961405012285,84.88154219455242,19.544853763957462,49.5,0.5,85.6,0.0
2012-09-25,831815.5,0,8.495527221681158,12.713295937831704,10.91773845955916,87.4351175066491,65.54175618605838,20.851082017752745,49.5,0.5,85.6,0.0
2012-09-26,851722.0,0,8.478538150996942,13.847848193757256,5.778120366003793,90.08959825135372,72.16834640513153,13.94026049712706,49.5,0.5,85.6,0.0
2012-09-27,843368.5,0,7.822410435940792,14.330417391284035,0.5962803447994377,86.49612139665496,60.72091843515104,11.473049689224895,49.5,0.5,85.6,0.0
2012-09-28,815387.0,0,7.678559038172019,14.646737952501162,1.388867187932204,87.16003247347182,57.042824410161664,16.304044889354525,49.5,0.5,85.6,0.0
2012-09-29,713818.0,0,7.21918270352579,13.623042319088665,0.395599394001459,80.72805074772153,36.74021901782823,16.195611514156685,49.5,0.5,85.6,0.0
2012-09-30,705781.0,0,7.365953157774516,15.505277146627478,4.166158312185939,88.43260287025929,66.31234614302761,19.74204209693961,49.5,0.5,85.6,0.0
2012-10-01,815943.5,0,9.616317269550777,15.018931015524863,3.39161885196021,89.86408514480505,64.56418807776275,16.64159543840816,48.1,-0.9,84.9,0.0
2012-10-02,827352.0,0,8.537276384903306,14.854799203435183,4.586536322416353,88.9549188928494,69.6682910522735,19.05705541174536,48.1,-0.9,84.9,0.0
2012-10-03,831593.5,0,7.3798962384398274,13.461275558513718,2.396405935240168,83.84189504151495,43.99873742620336,18.045718448747987,48.1,-0.9,84.9,0.0
2012-10-04,843744.5,0,5.920123090495438,13.712379403917645,1.7221572649996104,82.62087290811684,45.65757904486477,13.154387588395531,48.1,-0.9,84.9,0.0
2012-10-05,838474.0,0,8.301351900585406,12.94644145358019,8.12370809779427,88.11984623707521,77.39959922809656,14.534421824799017,48.1,-0.9,84.9,0.0
2012-10-06,743060.5,0,6.430605249848233,13.753948800972882,3.894595335877823,85.25707055156649,31.98088863435248,9.407422683029557,48.1,-0.9,84.9,0.0
2012-10-07,735490.0,0,5.791206545394015,13.614273870082508,0.0,82.95829879798549,24.95613439673929,6.455635222145372,48.1,-0.9,84.9,0.0
2012-10-08,861455.0,0,7.859984945620812,12.765339364961031,3.2812321601518923,89.97764156378186,61.0496561391944,9.56025863953309,48.1,-0.9,84.9,0.0
2012-10-09,871800.0,0,5.877763509109341,12.069829797184177,0.2717738058473763,85.03396395739065,43.936097707106974,9.379422558124496,48.1,-0.9,84.9,0.0
2012-10-10,875037.0,0,5.1866560302712825,12.495111291515872,0.0047725059004118,84.0885022586179,42.05946681090578,9.666464423325872,48.1,-0.9,84.9,0.0
2012-10-11,873344.0,0,7.874829408085242,13.80327591183768,10.376480842624789,91.84153964297316,80.30846644860735,14.6296699555874,48.1,-0.9,84.9,0.0
2012-10-12,832474.5,0,6.241520762761769,12.025187117862432,6.257117338715725,83.80186200129872,48.809634344736494,19.30287459593336,48.1,-0.9,84.9,0.0
2012-10-13,770094.0,0,4.822324056591827,11.06681855253229,2.156295662266058,87.3444265972542,56.71656281679599,9.75990123095413,48.1,-0.9,84.9,0.0
2012-10-14,753823.5,0,2.9912867962810745,11.1486636387844,0.4037078946391387,84.31574044728306,39.947890462933074,10.02393213549052,48.1,-0.9,84.9,0.0
2012-10-15,871831.0,0,2.854623217613384,11.235940020614253,1.911967174187729,86.75629011007628,56.08794024731202,11.58940423974002,48.1,-0.9,84.9,0.0
2012-10-16,863961.5,0,6.081427711564709,10.99690303679118,4.764360678177931,84.59851851348716,46.13489489964444,19.96993955627723,48.1,-0.9,84.9,0.0
2012-10-17,864806.0,0,6.4125376436316,13.33443433067238,8.211756953191829,87.3863022022631,58.037110049718606,19.318897634770224,48.1,-0.9,84.9,0.0
2012-10-18,865162.0,0,9.530693574691874,13.9071964462789,3.3231513528472085,89.5707548291911,65.6566694415834,15.789113248443789,48.1,-0.9,84.9,0.0
2012-10-19,869808.5,0,8.597498112286207,13.014454333922862,2.7838000548426654,91.5880667505678,68.56474363482087,7.240414012946361,48.1,-0.9,84.9,0.0
2012-10-20,775612.0,0,7.003238188296347,13.344885786246625,1.1282487824829994,89.55410918595585,50.936009852501385,8.088702217359886,48.1,-0.9,84.9,0.0
2012-10-21,758934.0,0,6.849180980548987,12.70168708196452,1.5455525054283297,90.71190245037668,51.49010652951042,11.006210092771513,48.1,-0.9,84.9,0.0
2012-10-22,881766.0,0,9.349022713173968,13.480967914028929,0.5580031335065448,95.9140003298428,89.00507277748287,10.739234268662427,48.1,-0.9,84.9,0.0
2012-10-23,886973.0,0,10.745277365457213,14.210269541064877,0.2321540449446766,95.38002598418672,80.13556913802476,9.129602677738305,48.1,-0.9,84.9,0.0
2012-10-24,877401.0,0,10.298462472176045,13.83563420606237,1.6446139778967217,94.48756859635972,80.66757008206606,13.888152450684014,48.1,-0.9,84.9,0.0
2012-10-25,878500.0,0,6.602670423489626,11.536151132911034,0.4757537285881867,90.16079573436924,71.78264918102357,16.1243922864732,48.1,-0.9,84.9,0.0
2012-10-26,878781.0,0,1.3006409344619705,7.53185487826797,1.255827922932102,79.61650725494327,50.04660790555604,18.15469766889783,48.1,-0.9,84.9,0.0
2012-10-27,808886.0,0,0.3103572819527677,7.562788443405099,0.6172845661233378,76.81514138552168,28.32046142216214,19.87932831074019,48.1,-0.9,84.9,0.0
2012-10-28,831529.5,0,2.203695766800284,9.176365408403898,5.337480451312966,92.29481448524976,84.89392600579923,15.468036244719505,48.1,-0.9,84.9,0.0
2012-10-29,911543.5,0,5.095677753179239,10.7938838134597,1.381395481817585,91.88683856561782,74.99095509404884,11.609095734688864,48.1,-0.9,84.9,0.0
2012-10-30,914480.5,0,4.3336125205275815,9.1584498765579,0.5700055786214661,87.71984872042387,57.3504100844609,13.329585054568511,48.1,-0.9,84.9,0.0
2012-10-31,905307.5,0,5.385219932487339,10.485762682473878,5.611315645539107,88.53057676817498,87.50820751340824,20.41724200650637,48.1,-0.9,84.9,0.0
2012-11-01,921732.5,0,2.994996190764451,8.062332573740088,6.459001753158094,89.36164122852979,67.83081609475475,14.268049995340649,47.3,-0.5,84.5,0.0
2012-11-02,901698.0,0,2.94098514010881,8.753948800972882,1.065275550891559,82.68470552586875,33.754486470544414,18.58035792000126,47.3,-0.5,84.5,0.0
2012-11-03,837067.5,0,2.8419407591031325,7.944458001779651,0.9160733051329834,83.71724341722053,48.00582168536268,13.736499834402444,47.3,-0.5,84.5,0.0
2012-11-04,838382.5,0,1.731943842389483,6.423908752672981,5.932872643984433,91.50200857726496,49.97951959620259,12.158630026906222,47.3,-0.5,84.5,0.0
2012-11-05,941710.5,0,1.8120899093921967,7.5746779822128305,0.1392532794954818,87.41910505585199,23.50799337068847,12.449921645432395,47.3,-0.5,84.5,0.0
2012-11-06,956850.5,0,1.6173850172691082,9.124076443249706,2.4954671264877657,91.42133187889422,58.39780566948498,16.58841082344153,47.3,-0.5,84.5,0.0
2012-11-07,932561.5,0,5.201729603163344,9.824286101804018,0.4021322560189855,91.27652248635326,56.55931579687585,18.2829679132913,47.3,-0.5,84.5,0.0
2012-11-08,921979.5,0,5.598648289968574,10.826760076433048,0.2999484828092033,89.22183661336155,55.57223872221631,16.361814678754264,47.3,-0.5,84.5,0.0
2012-11-09,902007.0,0,5.242109082810826,9.641344721617845,2.849243428469355,91.22086627868237,71.37717863132575,16.955579469738677,47.3,-0.5,84.5,0.0
2012-11-10,829578.0,0,4.143281841139941,8.920495823302613,1.3658431113137677,92.24570270038348,57.70939468315053,10.664089106483775,47.3,-0.5,84.5,0.0
2012-11-11,821447.0,0,2.253628455143224,8.576553847850391,0.136905511534171,90.13951097763044,33.107271072750066,10.393198427671487,47.3,-0.5,84.5,0.0
2012-11-12,939091.0,0,3.805357160858786,10.60424844096109,2.199229080061931,94.76240291274668,71.44298268368358,14.593647584918845,47.3,-0.5,84.5,0.0
2012-11-13,916634.0,0,8.897407473133732,12.687238480028345,0.7902235173609429,93.80522707703224,65.33769012984472,16.459554210640583,47.3,-0.5,84.5,0.0
2012-11-14,922482.5,0,7.019651663019914,11.98685869057697,0.4242252566885061,92.46048735655896,58.46695623393046,10.06526115791909,47.3,-0.5,84.5,0.0
2012-11-15,940178.5,0,4.84010535545202,9.701551926943324,0.0,91.60560063659784,52.26707849274997,7.6863334100876575,47.3,-0.5,84.5,0.0
2012-11-16,930601.0,0,4.888317372081112,8.518186133866262,2.074049255499449,91.38850165622144,70.8050103065116,9.70156993736798,47.3,-0.5,84.5,0.0
2012-11-17,830941.5,0,4.392460153933194,9.544766247431516,2.8445781829460826,91.5481755654966,63.0324160904765,12.015828151289536,47.3,-0.5,84.5,0.0
2012-11-18,823198.5,0,2.206033357027594,7.017070839856221,0.3245974777660386,87.51868278823011,25.61302526512205,11.128615239302606,47.3,-0.5,84.5,0.0
2012-11-19,927284.0,0,3.856808026576256,9.83849187035248,3.5487866690401906,90.47540848626622,66.27262375190216,23.1656537390748,47.3,-0.5,84.5,0.0
2012-11-20,930692.0,0,8.847100638196016,12.356788095244536,4.423012927673823,94.16757716637132,85.74483600248236,22.04462509918028,47.3,-0.5,84.5,0.0
2012-11-21,957256.5,0,4.694031160862228,9.39359531780593,13.23121197065026,94.02672344396692,73.62355105211614,16.38199317742985,47.3,-0.5,84.5,0.0
2012-11-22,932002.0,0,5.577341727092768,10.756427216739048,9.693367896239792,91.29957066651356,69.57894076697117,26.98080300799909,47.3,-0.5,84.5,0.0
2012-11-23,927327.5,0,4.188645413832842,8.768344017059867,3.968597621357684,90.51410597358456,30.562527799367064,14.778675669502192,47.3,-0.5,84.5,0.0
2012-11-24,875081.5,0,2.231399149981719,7.7880745602075585,9.862956545824298,94.15955429055032,59.05080774603162,14.304393849015844,47.3,-0.5,84.5,0.0
2012-11-25,827638.0,0,4.3549522305757264,8.598914435484446,17.170823642229124,90.8858218986602,66.12215871720535,22.863203110381896,47.3,-0.5,84.5,0.0
2012-11-26,956364.5,0,4.668469097307681,7.852904405337576,10.04863627123724,93.94720688126075,83.63867559819812,13.62201069979044,47.3,-0.5,84.5,0.0
2012-11-27,965567.5,0,3.5346869407086987,6.872029647617743,3.8795092617225735,93.97760502044582,76.91158957610713,20.06961812859271,47.3,-0.5,84.5,0.0
2012-11-28,984415.5,0,0.9239165899738118,5.576114789964026,0.1406757649635894,89.70265268352868,43.95056287494569,18.262549024621787,47.3,-0.5,84.5,0.0
2012-11-29,1013191.5,0,-0.245243219413197,4.02087145437437,0.0292729916901252,88.02524924768059,33.6720305973142,11.812446229969396,47.3,-0.5,84.5,0.0
2012-11-30,1022266.0,0,-1.2474747294686692,3.949445936639203,0.3341652131290955,86.64795808193526,31.00684981629367,7.4323365864381135,47.3,-0.5,84.5,0.0
2012-12-01,922267.5,0,-1.3502797086564862,4.498766485685462,0.8688534323935374,89.14076291728556,33.279673403999766,14.389041600146935,49.2,0.4,84.8,0.0
2012-12-02,914206.0,0,-1.290665110844636,4.006030603215224,0.6554925433153787,86.39069444079045,28.517657991993783,11.561937297167582,49.2,0.4,84.8,0.0
2012-12-03,999241.0,0,1.7365041833360422,6.867499487963013,5.318751426081406,92.15233369309104,64.31657651824192,17.882893468153757,49.2,0.4,84.8,0.0
2012-12-04,1016534.5,0,1.0017096380236576,5.350857271625971,1.2273974518384032,89.6974047039541,46.45388933276356,16.892278958611428,49.2,0.4,84.8,0.0
2012-12-05,1039919.0,0,-1.3534155049225625,2.959796828886705,0.8581124315819005,86.87533840235608,29.19747487084743,14.94888458612536,49.2,0.4,84.8,0.0
2012-12-06,1059616.5,0,-2.5798526292392423,4.071080107910105,7.049028062515967,83.34402263818176,65.269873012983,19.19703831782388,49.2,0.4,84.8,0.0
2012-12-07,1014109.0,0,1.078997948532722,4.420492089059276,3.4034569872948444,89.4079617971232,47.457916491377496,22.15392703171728,49.2,0.4,84.8,0.0
2012-12-08,916708.5,0,0.4236955166213476,5.630654243735507,0.0567055715402343,92.04070686368064,48.11962977389971,14.350114495281517,49.2,0.4,84.8,0.0
2012-12-09,862765.5,0,2.458544750926277,7.392610845250743,0.7893768184074654,89.94487526889625,47.1648212179522,23.33540944456833,49.2,0.4,84.8,0.0
2012-12-10,1022557.0,0,0.101813806508783,4.338642961218699,0.2584811258740588,86.69232954454648,17.51959577230791,16.76947693731315,49.2,0.4,84.8,0.0
2012-12-11,1078339.5,0,-1.211159812337522,3.228783566083752,0.0447531745063852,88.32543486569878,20.089362210293405,8.290729776260122,49.2,0.4,84.8,0.0
2012-12-12,1092906.0,0,-2.0203857568644303,2.299652527889112,0.0,86.3394853788545,62.91388664287897,9.35074203256924,49.2,0.4,84.8,0.0
2012-12-13,1088619.0,0,-2.509081756632324,0.9847519626445352,0.0914995651681092,87.08365891427505,33.68204151974545,10.863370475172784,49.2,0.4,84.8,0.0
2012-12-14,1039584.0,0,-0.3413346898727812,6.968433180955715,12.77346085554066,94.70672657396972,85.11495115117962,23.890290205107387,49.2,0.4,84.8,0.0
2012-12-15,893980.0,0,4.18297878408857,7.754085938370171,0.2917367618461263,92.5884587385474,50.62740947825336,20.95986564346145,49.2,0.4,84.8,0.0
2012-12-16,880874.5,0,3.606272907969312,7.05726992327928,0.2359954902634292,93.5140136163728,42.8854112394639,14.776835855448455,49.2,0.4,84.8,0.0
2012-12-17,992111.0,0,3.726038682089327,6.580231094033104,2.010215486740025,92.40201402342068,65.05555191010082,15.640985312222083,49.2,0.4,84.8,0.0
2012-12-18,1009001.5,0,2.200448865269484,6.086168633142771,0.0413461676766847,94.79737511583838,50.455531124349626,10.798313194646097,49.2,0.4,84.8,0.0
2012-12-19,1007012.0,0,3.0320036486784527,5.716839657922411,4.703988829602697,93.59324628438178,78.22841021858632,20.96949630312983,49.2,0.4,84.8,0.0
2012-12-20,987149.0,0,5.1260868492182,7.262186219062332,19.47446078601919,95.93210346515652,97.6473215394352,23.55262864299257,49.2,0.4,84.8,0.0
2012-12-21,946414.5,0,4.605052840004239,7.288933251768033,2.07924773406729,94.98777182832734,74.73183912990348,13.672023958659375,49.2,0.4,84.8,0.0
2012-12-22,859280.5,0,4.907115322531668,10.585775431149896,16.520623611261026,96.72729206626656,95.58636760838034,19.57257294467861,49.2,0.4,84.8,0.0
2012-12-23,795190.5,0,7.041891571588426,10.980591631385495,2.5711864278111443,92.16235054728332,66.54485637639108,24.56905892949478,49.2,0.4,84.8,0.0
2012-12-24,847508.5,0,5.453026092495148,8.18231076944714,6.8655279842044274,95.38333146569944,82.18420636664209,16.539428768954895,49.2,0.4,84.8,0.0
2012-12-25,751890.5,1,4.374092471298268,7.754018691255588,2.286622024069304,92.9113287937638,74.21535453551668,19.292326326642964,49.2,0.4,84.8,0.0
2012-12-26,742138.5,1,3.536081596075227,7.728243576056487,5.025027339886095,92.76679522811033,55.6228755843553,21.8303971833417,49.2,0.4,84.8,0.0
2012-12-27,843602.0,0,2.7727218411006005,6.115345874530899,3.7993381230408287,92.33456604342813,58.87205557217951,17.44773437770848,49.2,0.4,84.8,0.0
2012-12-28,836001.5,0,3.1400304216357204,10.457856943258436,3.5936085659177857,95.2805407012239,88.66893048381779,24.662956985327835,49.2,0.4,84.8,0.0
2012-12-29,793722.0,0,4.482215397179654,10.395755600627377,6.290164954283027,91.90789876063693,76.4937792269852,28.02000487941129,49.2,0.4,84.8,0.0
2012-12-30,777736.5,0,3.451211941759819,8.492303555442234,2.711059922096615,86.43858183949257,56.80751014423338,27.707526885322647,49.2,0.4,84.8,0.0
2012-12-31,810069.5,0,6.014717390620171,9.908721431348072,5.242197232467744,93.16512086408731,84.53555502166292,28.018719654278527,49.2,0.4,84.8,0.0
2013-01-01,758397.5,1,2.775866596477235,6.672204185843978,0.3290569096225826,87.17398250013707,32.45280286772677,20.44309394262088,51.2,-0.4,84.4,0.0
2013-01-02,912172.5,0,3.564448137845029,9.399706368609095,0.7002964005705309,94.54183849308436,70.2417006979685,16.96045307220963,51.2,-0.4,84.4,0.0
2013-01-03,918030.5,0,8.422263441985164,11.242700168966058,0.1057937953287966,95.19389320900036,67.81031575962562,17.920728022548804,51.2,-0.4,84.4,0.0
2013-01-04,909326.0,0,6.057503259702456,9.84066947207204,0.0,94.26637155284774,48.23709596101782,14.450457455565886,51.2,-0.4,84.4,0.0
2013-01-05,825378.5,0,5.886122389994416,9.742032000652063,0.1632570755766594,95.21785630951275,64.8212104222455,12.748041658296634,51.2,-0.4,84.4,0.0
2013-01-06,819280.5,0,5.377012357610075,8.83070709480417,0.0853047105681729,95.25707027495586,62.71197549094696,10.677307129251412,51.2,-0.4,84.4,0.0
2013-01-07,943241.5,0,6.348221925436104,8.811906009433283,0.9713532224768132,94.35441811084046,78.51134659826721,14.336207481567284,51.2,-0.4,84.4,0.0
2013-01-08,951226.5,0,5.697400278184225,10.037938821230616,2.7482445352806395,95.17970110194294,76.92294785348932,14.96438887248349,51.2,-0.4,84.4,0.0
2013-01-09,965592.0,0,1.7498808115583406,7.449692550372023,1.0935542365190434,92.440716243854,34.02223385386944,9.182974112442585,51.2,-0.4,84.4,0.0
2013-01-10,1010582.0,0,0.391393251413972,4.721453369350904,0.2338612626254306,87.38706701525342,37.3637683641789,6.279631343818638,51.2,-0.4,84.4,0.0
2013-01-11,998228.5,0,0.5665739672773328,4.94100295075913,0.4427175539433732,90.74744141325652,48.816068737984345,7.660824886054867,51.2,-0.4,84.4,0.0
2013-01-12,908419.5,0,0.0818081894691756,3.52186454796047,1.7314486125703172,89.09257808533327,75.4118953230431,17.402930603436513,51.2,-0.4,84.4,0.0
2013-01-13,913817.0,0,-1.402204700339727,2.6305648985060324,0.8499422928782724,86.29966173287578,63.26153351020841,10.185985280258189,51.2,-0.4,84.4,0.0
2013-01-14,1041856.5,0,-0.9873122858880148,2.5082635577928096,4.713407081514568,91.52738243802877,70.98707805816396,13.130929840114144,51.2,-0.4,84.4,0.0
2013-01-15,1058349.0,0,-3.4622706191086547,1.566915289412157,0.3306114182650048,90.6444385191718,45.63015122732746,11.550576883736746,51.2,-0.4,84.4,0.0
2013-01-16,1088482.5,0,-4.310023612711697,0.1334485641941939,0.0047725059004118,88.12566354276979,38.17484119169755,8.549763986600736,51.2,-0.4,84.4,0.0
2013-01-17,1081731.5,0,-4.044575662716011,0.7461939454730399,0.3791308092225176,88.71069715034513,61.13551555240124,12.768858943091727,51.2,-0.4,84.4,0.0
2013-01-18,1052164.0,0,-2.778584987321399,-0.1080290473112341,3.842232400434316,91.34686825454274,88.67730081330897,23.017115266594853,51.2,-0.4,84.4,0.0
2013-01-19,965177.5,0,-2.4046360769336497,0.5057123319651967,0.188397281815077,93.08798347540464,80.4586424559433,17.583853986229464,51.2,-0.4,84.4,0.0
2013-01-20,947707.5,0,-2.6493884661732263,0.3735438141383186,4.523293416986941,93.47359252219462,91.22028458192088,16.41985121299288,51.2,-0.4,84.4,0.0
2013-01-21,1062978.5,0,-2.970679351373919,0.5882193781596616,1.958212452444488,94.75957927156252,84.19985559696383,10.994060002129286,51.2,-0.4,84.4,0.0
2013-01-22,1079752.5,0,-4.179481442378075,1.033198437506531,1.1951194945574093,94.51061354939614,67.43833378123763,13.965255800893464,51.2,-0.4,84.4,0.0
2013-01-23,1083622.0,0,-2.266911112591832,0.7463245364190456,0.6339761251843764,94.48485945660396,82.43795808254995,13.272797448002736,51.2,-0.4,84.4,0.0
2013-01-24,1074052.0,0,-4.377687333618714,0.6899544735804897,0.0097576638967084,93.56829754340266,45.84405324975677,9.540461064412408,51.2,-0.4,84.4,0.0
2013-01-25,1060690.5,0,-4.703253650829868,1.3197868610694283,5.2509945826732585,93.67176256162575,66.69367388751512,18.48008091598192,51.2,-0.4,84.4,0.0
2013-01-26,915136.0,0,0.5732946064125963,5.141834399247226,7.534401137398272,95.45280136173562,62.07490819908293,20.268203314459065,51.2,-0.4,84.4,0.0
2013-01-27,849677.0,0,2.574837863149786,7.934439395720133,4.790995124215378,89.21678757829002,50.1425278159637,28.15250639031996,51.2,-0.4,84.4,0.0
2013-01-28,992151.5,0,1.5763734208914533,8.082308808585207,3.430076032267797,88.94760292619611,50.083786247362674,28.12093874144382,51.2,-0.4,84.4,0.0
2013-01-29,968227.5,0,6.259207015140313,11.508476609437365,4.277308667513792,94.55603470319926,78.34090685008368,27.31159225615668,51.2,-0.4,84.4,0.0
2013-01-30,943766.5,0,4.578578314858612,9.14167310452267,3.868332433221896,86.84711363889504,42.80737978379622,29.35284095393536,51.2,-0.4,84.4,0.0
2013-01-31,950523.5,0,4.583187293172094,8.260772631235756,3.157765640240477,86.92598537614987,39.79624098157184,28.554320255224315,51.2,-0.4,84.4,0.0
2013-02-01,957238.0,0,1.9568088348939496,6.195185426234833,2.4938573956089973,92.30015448395646,67.4857624980668,16.354928395960847,50.5,1.6,85.8,0.0
2013-02-02,880840.5,0,-0.3761601510318559,4.280817158168902,0.1292973779895153,82.19668649985285,22.95248490382188,18.86145294890277,50.5,1.6,85.8,0.0
2013-02-03,864678.5,0,-0.522505439394122,8.169029479684363,1.1776987730044757,90.12432010646928,77.3154266786392,21.825505432140776,50.5,1.6,85.8,0.0
2013-02-04,941866.0,0,3.4275299698383783,8.337530925067044,2.171362435147104,83.16727031299291,48.12368540804,29.120589474437367,50.5,1.6,85.8,0.0
2013-02-05,985540.5,0,1.001899408274567,4.627759897804056,4.278202577752786,78.5235383802764,63.8201072376336,27.28598220065998,50.5,1.6,85.8,0.0
2013-02-06,992659.5,0,0.4633113511900034,4.463440451512126,1.1899931975302238,82.42580026217769,45.72317222772848,24.86740883651673,50.5,1.6,85.8,0.0
2013-02-07,1023431.5,0,-0.432079692010674,4.54369378196543,1.0126038181116763,82.22903628061742,51.49683560526952,14.75328917685352,50.5,1.6,85.8,0.0
2013-02-08,997729.5,0,-0.3168668671868258,5.425803550770588,0.5523847999761009,84.24822958447676,61.48374881887266,13.521111752164757,50.5,1.6,85.8,0.0
2013-02-09,915363.5,0,0.6861797067878278,3.983974978787039,2.516142416295783,91.58536334279874,74.31176124987675,8.135006742537476,50.5,1.6,85.8,0.0
2013-02-10,884079.5,0,0.3337516249337056,3.4764116300380934,10.699345202735913,95.99315430213107,97.28667615523044,19.80707120928507,50.5,1.6,85.8,0.0
2013-02-11,1017973.5,0,-0.2186686073257802,2.7411046789239184,2.582745899462736,89.72329682544444,84.66922916181574,17.680748733922467,50.5,1.6,85.8,0.0
2013-02-12,1047661.5,0,-1.4382804261229591,2.045728867747915,0.0040684704096713,86.5021272432199,78.65933788884384,12.308996326979813,50.5,1.6,85.8,0.0
2013-02-13,1044679.5,0,-2.403188312328548,2.828093354976988,6.52234872103856,89.82919557145172,81.94728490082218,20.98727711023781,50.5,1.6,85.8,0.0
2013-02-14,996934.0,0,2.365707742687706,7.953825666219746,7.755477893709727,94.96544581702048,67.22612194188521,19.261247740705944,50.5,1.6,85.8,0.0
2013-02-15,969906.0,0,1.5619298901499328,8.174649070256391,0.0456351705113903,89.32906158434201,34.083407705732526,12.513524445862876,50.5,1.6,85.8,0.0
2013-02-16,872947.5,0,1.491502153014109,8.550808437558166,0.0,86.47529513738205,45.78181332520631,8.49490146699519,50.5,1.6,85.8,0.0
2013-02-17,835309.5,0,1.2543737363504954,7.488688162467062,0.0,87.5284011488315,23.22397601208137,14.129348718456862,50.5,1.6,85.8,0.0
2013-02-18,962372.0,0,0.2702375550424394,7.084384694433783,0.0,86.09228016033089,25.10486368444359,12.066880974328322,50.5,1.6,85.8,0.0
2013-02-19,982078.5,0,-1.2320503221099908,8.278957935270165,0.0,81.4984269768869,20.351860814946512,6.665069798693857,50.5,1.6,85.8,0.0
2013-02-20,995601.0,0,-0.9003245933393639,4.689908279607356,0.0,85.56141686965788,48.104571107246485,17.08907624101661,50.5,1.6,85.8,0.0
2013-02-21,1021594.0,0,-2.13814733338759,3.0477250590041183,0.0,72.89577742213166,22.21332699505715,17.50549294901095,50.5,1.6,85.8,0.0
2013-02-22,1031107.0,0,-2.557896615367896,2.5930249497859528,0.0292729916901252,71.58929851301508,47.94633534267384,15.312782619214872,50.5,1.6,85.8,0.0
2013-02-23,940075.5,0,-2.2495481411889435,2.5400165357827182,0.4258403200052912,76.7844530817988,73.60609215829798,13.14282317463424,50.5,1.6,85.8,0.0
2013-02-24,915397.0,0,-2.4911794406269445,3.532735975288468,0.157926561540699,79.73878594432037,52.14294161008033,15.961571823852392,50.5,1.6,85.8,0.0
2013-02-25,1026076.0,0,-1.5864473490744857,4.995810040670366,0.0097576638967084,87.03965362265247,72.31723117873742,17.820563138033123,50.5,1.6,85.8,0.0
2013-02-26,1031988.5,0,1.1984553171814043,5.759387795546151,0.0195153277934168,89.7723502454704,69.36655241931022,14.687986066324097,50.5,1.6,85.8,0.0
2013-02-27,1015734.0,0,0.4965595325059274,6.75842133341562,0.0,84.71825492077996,40.11565066869695,12.14216087661224,50.5,1.6,85.8,0.0
2013-02-28,1001391.5,0,0.1325870911602868,7.977921401523301,0.4917437493376712,80.3691165228988,37.94086799551227,13.26046224338833,50.5,1.6,85.8,0.0
2013-03-01,981685.0,0,0.8248297338710807,7.407590662510705,0.0,84.79997056863029,53.99789107454989,13.165063574954962,47.9,-1.1,84.8,0.0
2013-03-02,887403.0,0,-0.3385877159314684,7.393617001004896,0.0,83.07355672570726,25.29538763781663,7.451757663773771,47.9,-1.1,84.8,0.0
2013-03-03,870231.0,0,-0.187219240223167,7.82995990805709,0.0,84.10498298045604,28.063593042222585,9.305683131104336,47.9,-1.1,84.8,0.0
2013-03-04,966695.5,0,0.3884202404963353,7.6983910974163585,0.0,85.18359431954894,38.58969583343271,12.91871199216442,47.9,-1.1,84.8,0.0
2013-03-05,964608.5,0,0.5582039912330417,11.883869135270952,0.0,85.26935349214143,17.277192821450427,8.411916714264182,47.9,-1.1,84.8,0.0
2013-03-06,960785.0,0,3.015085774493748,9.795938369556213,0.6948176923962076,87.42731063298591,67.37915398458209,13.223450636315064,47.9,-1.1,84.8,0.0
2013-03-07,956222.5,0,4.555306249137897,8.734727774582755,4.113686044859112,93.300962202327,97.26108761389288,14.961988138199091,47.9,-1.1,84.8,0.0
2013-03-08,945559.0,0,4.709451480530669,8.532872451893725,3.982339329493404,95.00549119714373,97.37055263912346,13.397861729236809,47.9,-1.1,84.8,0.0
2013-03-09,864127.0,0,1.573988269005178,6.523715580111476,3.662529495912187,92.25364396070506,91.03027939639384,12.90801466048567,47.9,-1.1,84.8,0.0
2013-03-10,849691.0,0,-1.9643512534395,3.461949166836526,0.7953242724710475,81.8753164425465,78.13289498951215,22.31398201821991,47.9,-1.1,84.8,0.0
2013-03-11,1014148.5,0,-3.1638292461758275,1.1899334204390413,0.4542903536165547,66.10570244467235,67.88195578889471,27.070707313633903,47.9,-1.1,84.8,0.0
2013-03-12,1039342.5,0,-3.1492498535193105,4.093425651000015,0.1473552813203743,68.95485739308877,53.95942412681404,20.5343019140963,47.9,-1.1,84.8,0.0
2013-03-13,1016123.0,0,-2.512725548297566,4.877547460849763,0.3906262024878236,82.59996266678698,44.50538900488777,14.014742008965134,47.9,-1.1,84.8,0.0
2013-03-14,1008780.5,0,-3.319212187144171,5.968552507702683,0.7481010757940139,78.3025741507009,53.59633699311719,10.996207484026044,47.9,-1.1,84.8,0.0
2013-03-15,968074.0,0,0.6951555522881353,6.859831288422751,6.746368156376711,92.03199968392629,88.47551413615487,19.10800249269195,47.9,-1.1,84.8,0.0
2013-03-16,881321.5,0,2.110660305810864,6.071870553484323,9.731816991833716,95.72626368945946,88.7928948536656,17.6279108042632,47.9,-1.1,84.8,0.0
2013-03-17,859583.0,0,0.4586492329034353,5.695488991020359,4.139944855214626,92.40990663100808,76.61915687731447,12.68100588959327,47.9,-1.1,84.8,0.0
2013-03-18,975917.5,0,-0.7894764996536835,6.8895068899402006,2.8405286941716787,87.88190103535969,63.23049326557644,8.89969146237026,47.9,-1.1,84.8,0.0
2013-03-19,987231.5,0,-0.6272473536969563,6.67554160051575,2.313555669054697,86.65028837271572,71.7377377283851,10.350273561753871,47.9,-1.1,84.8,0.0
2013-03-20,1002742.0,0,-0.8988602167299511,5.527861957901585,1.3115030031307404,86.71553513151544,74.45105313653082,11.998927626737451,47.9,-1.1,84.8,0.0
2013-03-21,995258.5,0,-2.04046017311153,5.5193526469423215,0.791846843651565,80.58826932174338,52.67160000678618,18.219559247412583,47.9,-1.1,84.8,0.0
2013-03-22,991784.5,0,0.4307110380421968,3.4781436427872614,9.92299904182082,89.90215965891083,91.99304912862738,28.852558303985973,47.9,-1.1,84.8,0.0
2013-03-23,921668.5,0,-0.793557597338047,1.8486256232651903,6.90141655217036,93.31096387366983,98.36998070056988,24.911067120119576,47.9,-1.1,84.8,0.0
2013-03-24,901577.5,0,-1.7447757474695047,1.5114906509299404,0.4790125843078427,81.94371726928031,80.4169629217605,23.80084582609331,47.9,-1.1,84.8,0.0
2013-03-25,1018140.5,0,-1.8011818618918838,2.401727086006724,0.0494637442160719,74.95851679788665,58.43545260504504,23.178648951989985,47.9,-1.1,84.8,0.0
2013-03-26,1039932.0,0,-2.1819873040644056,2.3400926313636115,0.1735657247726814,80.59649994750545,65.4410372504757,18.86131060200552,47.9,-1.1,84.8,0.0
2013-03-27,1032363.0,0,-2.867593043820777,2.7409903926370927,0.4662388719548552,80.87304267253556,65.99135390509035,15.861398779323492,47.9,-1.1,84.8,0.0
2013-03-28,1002884.0,0,-3.70115491387083,3.519787832280041,0.0374804989514613,83.86565491005975,52.16389938233464,14.992268502730086,47.9,-1.1,84.8,0.0
2013-03-29,900833.0,1,-3.8287054635391553,4.671718365395988,0.0122054112290141,76.80472999238522,33.96034185937411,13.86696802676312,47.9,-1.1,84.8,0.0
2013-03-30,865328.5,0,-3.290232845285657,5.325881591846159,0.2454945601141258,75.192037843283,34.169474576902545,12.833707244296845,47.9,-1.1,84.8,0.0
2013-03-31,789714.5,0,-3.822284470539002,5.120404391199701,0.0203423520483569,73.95715713376325,32.46075938773408,12.488137768807125,47.9,-1.1,84.8,0.0
2013-04-01,841981.0,1,-2.751625855741047,4.78833543475444,0.092767612781525,75.6963649092754,35.128341072078825,18.207993988452184,48.6,-0.1,84.7,0.0
2013-04-02,932846.5,0,-2.4041502564856585,6.701347296555349,0.0284792928676997,72.5716317924196,10.945446577392332,16.973700600109808,48.6,-0.1,84.7,0.0
2013-04-03,954934.5,0,-2.191531307773201,6.200513023565503,0.0252750877224471,72.82585617440385,22.817463577757948,19.32983159146505,48.6,-0.1,84.7,0.0
2013-04-04,969330.0,0,-1.2138814610400708,5.13021722969426,0.4316128193899863,75.2715780715642,43.74921207465585,21.31796113878993,48.6,-0.1,84.7,0.0
2013-04-05,941642.0,0,-0.9120292947855332,6.528634608192739,0.2476906732309029,76.94757277563879,39.73944364753267,18.588871042040143,48.6,-0.1,84.7,0.0
2013-04-06,843715.5,0,-1.8758664059232537,8.982115755888302,0.0162738816386855,77.03476399213295,25.414384680295907,9.162895623872505,48.6,-0.1,84.7,0.0
2013-04-07,814233.5,0,-1.581139852115358,8.981294114783326,0.0203423520483569,73.133044620489,42.53655885696133,9.482355162377807,48.6,-0.1,84.7,0.0
2013-04-08,918035.0,0,0.1770633277265385,8.157489868675114,0.0783527911486569,74.93820852272965,68.93783622020565,17.873666951964907,48.6,-0.1,84.7,0.0
2013-04-09,941368.0,0,0.1058991762904622,8.109817058343204,0.8168967703313107,84.3816407294013,70.31954490361534,16.92775868071734,48.6,-0.1,84.7,0.0
2013-04-10,936642.0,0,0.5706403431299388,9.64814648450034,1.7338607386019826,85.55669093115493,71.07062019665662,10.293646957934778,48.6,-0.1,84.7,0.0
2013-04-11,937984.5,0,2.831366780392561,8.643660766951498,2.395579055437439,90.50471107836589,82.14032702505403,12.183397849174188,48.6,-0.1,84.7,0.0
2013-04-12,911589.5,0,3.329566875104036,9.977978844328216,5.0541017251528055,91.89869246775766,82.49665385672652,11.62996468420042,48.6,-0.1,84.7,0.0
2013-04-13,808962.0,0,2.973766863719973,11.724722737810753,3.3485699046664577,90.25387400853536,81.94840890806668,16.603527854935066,48.6,-0.1,84.7,0.0
2013-04-14,731858.5,0,8.670515093842303,15.369394777812827,1.6008212138952451,86.27488230832913,61.72609535653142,25.8246759076332,48.6,-0.1,84.7,0.0
2013-04-15,831020.5,0,7.9168185771199004,14.71753279802827,0.6387802307743942,82.75041116631576,54.8064259381833,20.85573765105706,48.6,-0.1,84.7,0.0
2013-04-16,827346.5,0,6.505688666390138,13.38735636532665,0.8270212859861192,79.5153730346201,46.48924971275524,23.64194404462258,48.6,-0.1,84.7,0.0
2013-04-17,849420.5,0,5.452406730587897,15.055752176187932,2.8596892043055857,84.28567195111786,57.5459121069148,23.71662167338851,48.6,-0.1,84.7,0.0
2013-04-18,829586.0,0,5.304683306659874,11.924517142359068,2.6610333567202487,77.44784718873868,46.72005421137821,28.90884083493132,48.6,-0.1,84.7,0.0
2013-04-19,849725.0,0,3.2218313270253,11.289778896527713,1.05633979241664,80.03610231113703,46.09451128620495,13.036702341035566,48.6,-0.1,84.7,0.0
2013-04-20,749072.0,0,1.5559776599430206,12.508434825866855,0.0,74.1535390238571,15.245064713361325,10.036667303690674,48.6,-0.1,84.7,0.0
2013-04-21,737199.5,0,2.742087169103012,11.455285140674324,1.0103878151547705,80.73663050218474,43.40373538666108,11.861174970599365,48.6,-0.1,84.7,0.0
2013-04-22,839003.0,0,3.474782162991761,12.556161867247065,0.0083181422880099,85.2944941086856,70.15050780177174,15.97748395719887,48.6,-0.1,84.7,0.0
2013-04-23,826733.5,0,6.720224465213326,15.291076553771012,0.1288165933914896,82.57614730707884,49.89304397137609,14.226056554208672,48.6,-0.1,84.7,0.0
2013-04-24,833265.5,0,6.718732642683747,15.450267946558338,1.074323916012165,85.21555082148436,64.00626501534636,12.798337090730003,48.6,-0.1,84.7,0.0
2013-04-25,841566.0,0,6.6577310577663775,15.07840503367396,0.9268419485656694,87.12768848616295,70.75380430265972,12.007725212061994,48.6,-0.1,84.7,0.0
2013-04-26,817958.0,0,2.878816550363171,10.216192327608272,3.631484865465201,79.11179250380309,45.51170261149928,14.341269778581191,48.6,-0.1,84.7,0.0
2013-04-27,746470.0,0,1.1421840043333205,9.669035688056002,1.5432084993714177,78.05963689570108,47.43725647508575,13.668683163191169,48.6,-0.1,84.7,0.0
2013-04-28,722789.5,0,0.5000550301456398,10.575317260084548,1.1007635759261722,80.82075668862915,57.4863796163546,16.220254830912232,48.6,-0.1,84.7,0.0
2013-04-29,813905.0,0,3.6923143463297694,11.77519412533141,0.6955689053645002,77.29308465465103,39.01682012306591,18.16318402117584,48.6,-0.1,84.7,0.0
2013-04-30,836552.5,0,2.874114016191925,12.73769436198716,0.0,73.51453404388249,16.148756641420928,11.080361254695926,48.6,-0.1,84.7,0.0
2013-05-01,828478.0,0,1.6969573016474435,13.62733072106364,0.1209833602731585,74.56822441062883,26.14943150985877,10.746426805511264,50.2,1.2,85.7,0.0
2013-05-02,820607.5,0,2.839338867430735,14.84922058196907,0.1164539920321389,70.14027934045701,20.95318279241,8.945680712912848,50.2,1.2,85.7,0.0
2013-05-03,788277.5,0,3.4999620889781364,15.467078849270326,1.4970844103731191,75.9219757976774,38.21020962413166,13.867760915731129,50.2,1.2,85.7,0.0
2013-05-04,690335.0,0,5.664153218678028,13.237674937774903,0.9616709303632156,80.41665179628477,49.32397328593006,17.65279746152592,50.2,1.2,85.7,0.0
2013-05-05,663573.5,0,5.1891525640329,16.797351112183676,0.0831814228800992,81.82814174646781,53.59254478448837,11.137925276530709,50.2,1.2,85.7,0.0
2013-05-06,685076.5,1,6.425749811474497,18.0871850849588,0.0,76.95247147283966,32.0519153564134,7.311775556792585,50.2,1.2,85.7,0.0
2013-05-07,779792.0,0,6.325969200575645,19.242434607405936,0.0,73.96727259964068,13.441527926976764,9.993519858429456,50.2,1.2,85.7,0.0
2013-05-08,791358.0,0,7.311923881552629,15.050301087583772,2.956790301982573,86.62154940548388,62.50320733084523,17.356084490036977,50.2,1.2,85.7,0.0
2013-05-09,785229.5,0,5.051750988237533,12.464001648353404,3.744231214881209,83.29122208169036,59.54741702234694,24.468256488240115,50.2,1.2,85.7,0.0
2013-05-10,780500.5,0,7.120103131502654,13.930594431299635,1.8197889172083523,86.07968749270056,69.8225871593909,20.820905720282983,50.2,1.2,85.7,0.0
2013-05-11,702531.5,0,4.558116259565503,11.605251845976325,5.11853979590808,87.68110307212358,64.19449314669534,18.83192590265421,50.2,1.2,85.7,0.0
2013-05-12,695236.5,0,4.503021525346507,11.375148094251196,2.325380484051369,88.80095819147307,72.88520152251401,17.972062665705128,50.2,1.2,85.7,0.0
2013-05-13,774496.5,0,4.732731583326551,11.147406120815155,1.965649411655364,80.76951716879076,58.44919976855682,21.442239753666566,50.2,1.2,85.7,0.0
2013-05-14,826471.5,0,3.8397510479854255,11.092263363919502,9.576631938101183,85.80641694833824,69.67809359470618,16.668920479733785,50.2,1.2,85.7,0.0
2013-05-15,832938.0,0,3.8044940435284302,10.607407718395146,11.131747090793931,87.10907692516687,63.46588243151305,18.51988052757144,50.2,1.2,85.7,0.0
2013-05-16,825229.5,0,2.171429537809475,13.558309256940284,1.051943630628688,79.72802288688544,41.22112360339299,7.943736278576643,50.2,1.2,85.7,0.0
2013-05-17,811123.5,0,4.171882026678049,12.745368139841542,1.6631924393589617,82.73715835207933,70.32939016702117,10.881107869781063,50.2,1.2,85.7,0.0
2013-05-18,726106.5,0,5.610501423745583,13.017113760603714,3.73689004131702,86.52346853609548,71.91113041784922,10.416730753248824,50.2,1.2,85.7,0.0
2013-05-19,689937.0,0,5.95035676930109,16.772980210784667,0.2259949760750256,81.81647372666298,41.860479033652815,8.379417594500637,50.2,1.2,85.7,0.0
2013-05-20,801266.5,0,8.642055334294382,16.170635911213154,1.7656736473556394,90.66724002413028,83.38272110900449,13.458292159330666,50.2,1.2,85.7,0.0
2013-05-21,809882.0,0,8.254120253454007,13.941450306964022,0.3668311921007876,86.82736147401741,73.60038737165574,12.986869048107872,50.2,1.2,85.7,0.0
2013-05-22,800071.5,0,5.549838517794914,13.214483519416468,0.5677078679615813,79.08061164877385,58.35548293878005,15.450355739694904,50.2,1.2,85.7,0.0
2013-05-23,803505.0,0,3.6874568333764026,9.6040381246882,2.585836434548149,75.40183185996176,60.525057725562434,18.883093795709904,50.2,1.2,85.7,0.0
2013-05-24,804992.0,0,3.617416719919333,9.258929943505048,4.043586778221475,86.42757770053717,71.02116038953167,21.042876474426794,50.2,1.2,85.7,0.0
2013-05-25,698457.0,0,3.0757140887499634,14.5917770517193,0.0,73.78756218514027,33.790110721698,10.672364758307475,50.2,1.2,85.7,0.0
2013-05-26,647470.0,0,4.451849882680217,16.85891879609716,0.0083181422880099,70.60197497829529,25.041796217761647,10.546415845583905,50.2,1.2,85.7,0.0
2013-05-27,660176.5,1,4.995773451232565,14.41279559839974,2.63686318396278,77.51877920239758,34.44897491485925,16.467802570216683,50.2,1.2,85.7,0.0
2013-05-28,791385.0,0,6.972715943147543,12.41895865199901,11.614044370863288,92.4716632246061,87.32869410713658,10.946719447250848,50.2,1.2,85.7,0.0
2013-05-29,801822.0,0,7.022677398994711,13.672926416166453,4.44539589618029,92.13162113614922,87.66686206645589,11.927109521699672,50.2,1.2,85.7,0.0
2013-05-30,793726.0,0,9.173587377237135,14.551869669559728,3.132351331320755,92.52127976238042,85.64259769087916,13.507661929699596,50.2,1.2,85.7,0.0
2013-05-31,755646.0,0,8.465273657645554,18.488435955052864,0.1226302891330875,83.6545929256773,41.48982532408315,12.036815152065763,50.2,1.2,85.7,0.0
2013-06-01,666661.5,0,6.881629680343853,15.06518890107888,0.0455848673338596,77.50028580023698,31.185163485480647,13.946928749284808,51.5,0.8,86.4,0.0
2013-06-02,647100.0,0,6.302181225318649,15.535816034515104,0.0135305143924807,76.67115025328927,30.500716375397737,10.797830155671535,51.5,0.8,86.4,0.0
2013-06-03,759256.0,0,6.003208483389471,17.53265280769612,0.0249544268640297,77.43611659346526,22.34707308470505,8.291737115293026,51.5,0.8,86.4,0.0
2013-06-04,759254.0,0,6.077592228741491,17.689517659313577,0.0,76.12171633999158,16.955505061482548,13.02718306324253,51.5,0.8,86.4,0.0
2013-06-05,773688.0,0,7.395030143181032,17.141521859983886,0.2994531223683573,82.82206668577943,50.22274034635092,9.712359687727512,51.5,0.8,86.4,0.0
2013-06-06,767125.5,0,6.8485608502789095,18.62049416671236,0.0,78.85115644137613,28.90262734599612,10.48553395622766,51.5,0.8,86.4,0.0
2013-06-07,745569.5,0,7.109662018092055,19.38553614452499,0.3390702109051461,75.95632344472914,24.24784996713866,12.82613324603912,51.5,0.8,86.4,0.0
2013-06-08,658999.5,0,6.705615244711881,17.782477282892014,0.0,77.71755861501924,27.3101117131934,12.360765802026954,51.5,0.8,86.4,0.0
2013-06-09,645618.5,0,6.820102181806201,16.09251185245762,0.0,81.82426690810061,54.6621866247579,10.537682510758923,51.5,0.8,86.4,0.0
2013-06-10,766334.0,0,6.976343414786349,15.287835645470262,0.0249544268640297,79.7188384001432,54.15651715207117,7.518829207450341,51.5,0.8,86.4,0.0
2013-06-11,779939.5,0,7.551665869003604,16.132586230593922,1.0707539025455308,89.54638543378323,74.92232964412631,13.875762415698304,51.5,0.8,86.4,0.0
2013-06-12,779246.5,0,12.173913962172945,17.407139817938578,2.40771024128068,89.8629213824679,84.66506492727353,18.38889378250636,51.5,0.8,86.4,0.0
2013-06-13,764695.5,0,9.792952450143089,15.688432408290057,2.5768251782786167,86.59831343744875,69.52404748211805,20.171734762258705,51.5,0.8,86.4,0.0
2013-06-14,750051.0,0,7.6532205374654945,16.503492424188405,4.236214169397326,82.14411683639085,64.77111064572229,16.742134223642513,51.5,0.8,86.4,0.0
2013-06-15,650161.0,0,9.071376450085062,15.53945741352107,5.35166694163811,80.24161619342483,64.1656180716724,20.47478580503156,51.5,0.8,86.4,0.0
2013-06-16,652160.0,0,9.502539300836544,16.91379954126895,0.709496263789654,80.0226056031722,59.33983066574152,11.68192981515772,51.5,0.8,86.4,0.0
2013-06-17,767729.0,0,9.889500404957944,17.95428794403073,0.7008299255929732,80.05945785179523,51.96103407744458,11.860124219066758,51.5,0.8,86.4,0.0
2013-06-18,782356.5,0,9.866509867376887,21.018746669915508,0.7396179291257211,84.06310082899587,67.17761588816964,8.028465983286818,51.5,0.8,86.4,0.0
2013-06-19,787210.0,0,11.490254900372232,21.64232748840756,0.3602344038328151,79.06502777539414,43.591669665330656,8.653000447617448,51.5,0.8,86.4,0.0
2013-06-20,798653.0,0,10.242119455708986,19.13934212221567,3.3149710594604644,89.57350996314563,72.49471556929292,8.135403878548022,51.5,0.8,86.4,0.0
2013-06-21,771613.0,0,11.445951453238422,19.28919206710254,0.8931475973970572,86.51113663544122,68.09627037606012,10.871633986863824,51.5,0.8,86.4,0.0
2013-06-22,652817.5,0,10.248745955030737,15.793673866000963,3.567532324716769,88.99979744419166,75.84519623556308,21.22503122011837,51.5,0.8,86.4,0.0
2013-06-23,635828.0,0,9.525643848093807,14.666173582628756,3.4262047130023463,89.01041024059222,81.96912003585365,21.82295294619813,51.5,0.8,86.4,0.0
2013-06-24,758902.5,0,8.18142002178954,15.310170093400956,0.2591366730602649,76.17795087899478,51.80721739799645,14.857818500529492,51.5,0.8,86.4,0.0
2013-06-25,781383.5,0,6.933137789091903,17.745878547899984,0.1063539087784899,74.88629872926312,31.676183444719307,7.682160416209235,51.5,0.8,86.4,0.0
2013-06-26,775987.5,0,8.921240243943519,18.127652234804795,0.1929030981987362,75.89209986860381,48.68337687286903,10.07729559458866,51.5,0.8,86.4,0.0
2013-06-27,779984.5,0,9.088136241301823,17.517562622799748,3.593907684955997,82.81620613662498,65.87746619879722,11.1610855300929,51.5,0.8,86.4,0.0
2013-06-28,761886.0,0,10.72931224581021,17.22620137523423,2.444225012656472,93.13485476037036,87.83494971772194,13.887031347851003,51.5,0.8,86.4,0.0
2013-06-29,659998.0,0,9.891278411905912,18.07955241451564,0.0,77.75533509655186,58.37496597689404,12.538164212782164,51.5,0.8,86.4,0.0
2013-06-30,626032.0,0,11.944153269082628,20.79087212315737,0.167087430346373,81.52555221314311,52.93675534885025,15.933498473969957,51.5,0.8,86.4,0.0
2013-07-01,742744.0,0,10.053263495094402,16.834625668383456,0.2015095302192796,78.17741173416663,50.26052314382597,12.7075826530966,52.5,0.2,86.6,0.0
2013-07-02,770861.5,0,8.996025566443222,16.728827101521507,3.196149850667148,83.0894605300007,74.33172992403166,13.638752664989628,52.5,0.2,86.6,0.0
2013-07-03,775490.5,0,11.953964032997558,18.36739314654781,1.0117174117040468,84.12288853895255,65.25998087944474,12.885167315000976,52.5,0.2,86.6,0.0
2013-07-04,759462.0,0,10.617416719919332,20.04105290356321,0.3468195311191862,82.47142228139094,51.86768902770508,15.41276524806809,52.5,0.2,86.6,0.0
2013-07-05,756619.0,0,10.3083871689309,23.02522087972504,0.0,77.18777728677685,29.88161388280414,7.27251444460645,52.5,0.2,86.6,0.0
2013-07-06,667863.0,0,12.00853360659184,24.08092028475404,0.0,75.17620701809082,14.9763392963616,7.887302011340298,52.5,0.2,86.6,0.0
2013-07-07,654143.0,0,12.74149279435488,25.28282126356222,0.0,72.4693816326616,14.94554999902879,8.419025391994127,52.5,0.2,86.6,0.0
2013-07-08,769298.0,0,12.731132297572048,23.80578690618769,0.0,75.28609066275658,17.380995535135817,10.524615624959276,52.5,0.2,86.6,0.0
2013-07-09,777808.0,0,11.5075253608908,24.789653115533003,0.0,71.52069898765431,15.630322295627169,8.81912508553415,52.5,0.2,86.6,0.0
2013-07-10,779536.5,0,12.229487663043518,22.024604760308907,0.0,76.79919003493653,35.93916533422308,11.383350305955933,52.5,0.2,86.6,0.0
2013-07-11,770187.5,0,9.814156836130216,21.842790967938,0.0,75.73551525427646,34.36737283103468,8.913324862081947,52.5,0.2,86.6,0.0
2013-07-12,767360.0,0,10.198293684377203,25.01832041295384,0.0,75.71161883229013,31.37279807191335,6.587009590889209,52.5,0.2,86.6,0.0
2013-07-13,685490.5,0,13.381449330221198,26.35689051800932,0.5541468219038235,75.18418154852279,16.519275226703915,7.823908912492448,52.5,0.2,86.6,0.0
2013-07-14,658965.0,0,13.565499780678516,24.416444707135746,0.0178946047160512,72.9334265552094,31.40406841047737,8.06876168065169,52.5,0.2,86.6,0.0
2013-07-15,773409.0,0,12.850063645029651,25.333509390869,0.0,69.27093601221905,22.548688340112548,8.206385267202169,52.5,0.2,86.6,0.0
2013-07-16,794239.0,0,13.748981043321155,25.752431730040826,0.0,71.49337612847911,21.69140206914577,6.72930692873945,52.5,0.2,86.6,0.0
2013-07-17,800528.0,0,13.714084600804162,26.472797005425747,0.0,70.98218208096749,17.381315435315038,7.054027524354643,52.5,0.2,86.6,0.0
2013-07-18,800673.5,0,14.47070234078969,26.35495298357129,0.0,72.29978905059613,22.30692383729493,8.005026230062828,52.5,0.2,86.6,0.0
2013-07-19,776282.0,0,13.958735135867448,26.030101566501248,0.0,70.66307947772965,14.379113491861132,11.423543472985225,52.5,0.2,86.6,0.0
2013-07-20,679873.5,0,14.172636389933931,21.52426160947056,0.05897520468571,83.18657525997095,61.62816545507118,12.735828546535371,52.5,0.2,86.6,0.0
2013-07-21,648743.5,0,13.824166221835814,23.110944707627496,0.0,80.024802029781,46.75482771584295,11.411712744668238,52.5,0.2,86.6,0.0
2013-07-22,779923.5,0,14.144622250090912,27.949158522840293,0.6473406086638379,78.50677491628534,36.4721019905146,8.899421352102204,52.5,0.2,86.6,0.0
2013-07-23,806020.0,0,15.68948291394656,24.83579218145952,9.085450857787963,83.33258328315412,59.022992258713785,8.966286113974885,52.5,0.2,86.6,0.0
2013-07-24,787007.5,0,14.151944102403464,24.08267305866677,1.1061229619637043,77.15130729866004,40.05582431009009,8.552618177890869,52.5,0.2,86.6,0.0
2013-07-25,784932.5,0,14.52898081711514,23.344647194221714,3.566493644164168,77.7676410880116,46.27735325560862,10.726230542287125,52.5,0.2,86.6,0.0
2013-07-26,760914.0,0,13.0093793281878,23.80695918198496,0.2276804921161056,72.54777305094626,31.903726212408923,6.312749610347844,52.5,0.2,86.6,0.0
2013-07-27,679829.5,0,12.52112369252308,24.49341695927972,16.64931980527104,76.09303815025932,49.34202447991672,6.935708162521155,52.5,0.2,86.6,0.0
2013-07-28,630765.5,0,13.74207415303673,21.300434490737725,16.043866814200527,81.00056119684128,57.910654939564886,16.740130333390788,52.5,0.2,86.6,0.0
2013-07-29,737249.0,0,13.470372897544165,20.9047059518491,4.348186494689445,81.33335989819746,54.551983909744784,16.480113371627716,52.5,0.2,86.6,0.0
2013-07-30,752463.5,0,12.518740630583691,19.37696255233165,2.542416985772871,86.84795668658836,59.52442748363756,13.277023505017963,52.5,0.2,86.6,0.0
2013-07-31,762636.0,0,12.969222504720207,20.19758562266525,5.76363413734,89.27314871275253,71.16859214293073,12.139029921031971,52.5,0.2,86.6,0.0
2013-08-01,772065.5,0,15.353153447096927,27.266585833872828,1.1364866200985522,78.92575645012931,37.60863812852386,13.922025218774412,54.8,-0.8,85.9,0.0
2013-08-02,744167.5,0,15.142526463645128,22.69263876448241,2.7613330335898723,79.78456294231574,40.08780003646343,14.348501486566928,54.8,-0.8,85.9,0.0
2013-08-03,638742.5,0,13.312992751080689,20.96603673413589,0.429837547813682,74.99695133607845,36.53696118710459,16.329947383743015,54.8,-0.8,85.9,0.0
2013-08-04,633459.0,0,12.483147129310424,20.253229874610565,4.00374056696325,80.40864482557426,62.37568000110152,15.665849287414169,54.8,-0.8,85.9,0.0
2013-08-05,752056.5,0,12.80254286296661,20.03333700405868,16.01232392504811,85.9196895033524,71.01928971802683,14.017289515916667,54.8,-0.8,85.9,0.0
2013-08-06,747604.0,0,10.554627446682382,20.067745874260435,0.0964978329709529,74.85733012911692,40.04048978581487,7.384252640524955,54.8,-0.8,85.9,0.0
2013-08-07,749452.0,0,11.162329878323291,20.517309247474053,0.1000400685846805,72.33925132017028,37.05302029289253,8.16047856956167,54.8,-0.8,85.9,0.0
2013-08-08,749515.5,0,10.329636534877894,21.49340813847447,0.3394954551646153,73.73964996831886,27.36119142893111,8.006633445321704,54.8,-0.8,85.9,0.0
2013-08-09,731001.5,0,12.510849759496288,19.87115090178749,2.212853469951112,76.89681472731479,57.42903467012893,13.97577207555576,54.8,-0.8,85.9,0.0
2013-08-10,657006.0,0,10.733945304614677,18.30186424491817,0.1731722707567993,73.47153085105833,47.083438117533206,10.377797501480789,54.8,-0.8,85.9,0.0
2013-08-11,623224.5,0,12.084572466941344,19.435313792616785,0.6790722200202651,75.58990187760828,51.36320801253673,14.369444475520451,54.8,-0.8,85.9,0.0
2013-08-12,729294.5,0,10.952842530615875,18.380479287519893,0.8173252755226158,73.70579783845399,45.90953551176283,14.485410357383376,54.8,-0.8,85.9,0.0
2013-08-13,753187.0,0,9.452248662987213,18.5059981936712,0.7957982831823941,77.77452282209708,45.64620195796059,11.692633232270058,54.8,-0.8,85.9,0.0
2013-08-14,767751.5,0,10.669114598918291,20.14125045886628,0.2952551874325838,80.76362141325158,58.80957167706436,9.915623788291825,54.8,-0.8,85.9,0.0
2013-08-15,769431.0,0,15.149910676284684,22.75685058465649,4.215045913367029,82.88943375716637,69.13170965154684,15.31262415206552,54.8,-0.8,85.9,0.0
2013-08-16,756954.0,0,13.619438359352351,20.568023099568265,4.428513016312158,85.0178010611521,57.10199312702525,12.687305634939388,54.8,-0.8,85.9,0.0
2013-08-17,656400.5,0,12.157402674861553,18.713254000588627,3.14267769127993,87.32311029153776,64.12132705664912,18.24349683827917,54.8,-0.8,85.9,0.0
2013-08-18,631202.0,0,12.491390310121073,19.86434342228557,0.2495212961285086,77.60310829809724,48.985072661921095,14.707728811073473,54.8,-0.8,85.9,0.0
2013-08-19,747863.5,0,11.00873989664352,19.345902407102475,0.0637109766961087,73.06350815349751,34.50352266694926,12.219218939516692,54.8,-0.8,85.9,0.0
2013-08-20,771132.5,0,11.349866098946936,21.034822940929004,0.1493641582468443,74.56165885784648,42.36539403551287,8.749835247642725,54.8,-0.8,85.9,0.0
2013-08-21,773385.5,0,12.047286001117753,22.465839464663794,0.6827874125695307,78.00431712337743,47.40129087106282,9.782775807217398,54.8,-0.8,85.9,0.0
2013-08-22,790135.0,0,14.290813020688754,22.44875061438292,3.193994087355846,84.61151357272978,64.63181888200627,7.534926347198205,54.8,-0.8,85.9,0.0
2013-08-23,773997.0,0,14.375917348378657,22.91925708412085,2.3155991269185408,83.51694358360488,58.55533245031028,10.560703275733578,54.8,-0.8,85.9,0.0
2013-08-24,687475.0,0,12.789115691837576,18.338903021300982,9.950828691602274,88.28792416086789,75.92643454569104,11.28043426760516,54.8,-0.8,85.9,0.0
2013-08-25,645364.5,0,11.849336558654114,21.241658391911265,3.8226594300616488,84.9140435272009,58.66851609037816,12.174868960330103,54.8,-0.8,85.9,0.0
2013-08-26,671592.5,1,13.167188912635057,22.799814637078264,0.0,79.61169127968431,35.73100625533397,8.71718663520764,54.8,-0.8,85.9,0.0
2013-08-27,765197.0,0,12.17284884225548,21.64595694242245,0.2328640921061722,78.05108650806511,26.598865214161776,7.234607495065881,54.8,-0.8,85.9,0.0
2013-08-28,779577.5,0,11.40499611638693,20.925055288315548,0.0919395312593356,78.95074912609486,39.03207604382397,6.832466599575274,54.8,-0.8,85.9,0.0
2013-08-29,775508.5,0,11.637946006959767,21.045855048291298,0.0517661680135349,81.28896375577224,46.5368285369462,10.17515784938564,54.8,-0.8,85.9,0.0
2013-08-30,756305.5,0,13.640053088339103,21.193223642266005,0.4102723271484839,84.11422547859169,67.56164167725368,13.218996206500522,54.8,-0.8,85.9,0.0
2013-08-31,657042.5,0,10.38343634722525,17.254371554200066,0.0,72.12220763118289,32.898258020048246,14.0335350418936,54.8,-0.8,85.9,0.0
2013-09-01,630320.5,0,9.612455846798534,17.874228102704414,0.0499088537280595,73.94875580851563,45.979045946621774,15.208509052789354,57.2,1.1,86.9,0.0
2013-09-02,748677.0,0,11.08243226912418,21.44004782966392,0.0166362845760198,82.38371088326319,41.267612043896754,14.642873471664869,57.2,1.1,86.9,0.0
2013-09-03,797102.0,0,13.738454503331498,22.666381424773345,0.1632231800189275,82.3827494615928,45.07895555027195,7.116002978420192,57.2,1.1,86.9,0.0
2013-09-04,795523.0,0,13.194228599374147,23.909893953021434,0.0,78.6204983927079,23.523318643875264,9.29353264091344,57.2,1.1,86.9,0.0
2013-09-05,801597.0,0,12.884152676521216,23.03262439363879,0.0219630751257225,76.75448989744262,28.16640888606077,7.681851303844101,57.2,1.1,86.9,0.0
2013-09-06,786322.0,0,10.18630450427812,15.682932236668536,10.844113142102373,87.11555463871088,66.42228380360007,9.969917012511898,57.2,1.1,86.9,0.0
2013-09-07,678830.5,0,8.731940630632868,16.19152382391927,0.9318938926588526,79.20785540653279,41.55152894674791,13.324707825425016,57.2,1.1,86.9,0.0
2013-09-08,671965.5,0,7.305424146730008,15.95976693957275,1.5662310746088912,79.98377305303622,43.03589184119158,10.343233007072136,57.2,1.1,86.9,0.0
2013-09-09,793282.5,0,7.482834759086905,15.968672572077963,4.230171943925988,85.98130928226553,49.77965204351319,8.202624054329767,57.2,1.1,86.9,0.0
2013-09-10,786545.5,0,8.365812409071943,15.104908602934431,1.684082108542498,83.73943339757257,59.293195483305134,16.17814258552001,57.2,1.1,86.9,0.0
2013-09-11,819608.5,0,9.868739717768657,14.629380882124783,4.025602445631261,89.94385495989884,78.92248851082432,11.398133207190696,57.2,1.1,86.9,0.0
2013-09-12,815401.0,0,10.893410987563833,18.192248159555888,2.4021550641011298,88.54518869331358,79.49052264408279,6.772919725262958,57.2,1.1,86.9,0.0
2013-09-13,809393.0,0,10.38288570768921,16.726967125627198,7.797489334509277,88.67277849095508,81.21529352750825,9.24733099951833,57.2,1.1,86.9,0.0
2013-09-14,714342.0,0,7.507328583170912,14.818736048067796,2.2223203945745964,83.01966490959505,54.1300385085008,10.852334280120251,57.2,1.1,86.9,0.0
2013-09-15,682301.5,0,6.580723768277507,13.9691526144375,3.7902839629277847,88.0383927546213,56.12867773793492,19.83619695499656,57.2,1.1,86.9,0.0
2013-09-16,775883.0,0,6.840030393974659,12.57936158392403,2.1554503018006246,77.54288962879839,44.37099321836823,21.447625700470287,57.2,1.1,86.9,0.0
2013-09-17,831787.0,0,7.220780467921897,12.435272977183436,4.064020130552835,85.49094887030995,67.30576016716132,15.110770442938426,57.2,1.1,86.9,0.0
2013-09-18,814135.5,0,7.459447085495301,14.2858588476918,0.3663004255008927,81.66029860362043,52.99237504391962,14.16568459652592,57.2,1.1,86.9,0.0
2013-09-19,827358.0,0,7.428285562474782,15.268017232349722,2.73134118161663,88.02703217215064,64.50299043738654,15.440059355106316,57.2,1.1,86.9,0.0
2013-09-20,807348.0,0,8.48290288213511,16.56918933603371,0.0114087926278475,83.28574542197134,45.958077570960455,10.480239997821538,57.2,1.1,86.9,0.0
2013-09-21,721449.0,0,8.887381244914975,18.30826238680786,0.0270610287849614,88.35804721140846,64.80224890271641,10.529561607208498,57.2,1.1,86.9,0.0
2013-09-22,699383.0,0,13.03447235233849,20.076053336305154,0.0,88.70037696187617,45.99402196816937,8.557497066698073,57.2,1.1,86.9,0.0
2013-09-23,816478.0,0,11.156858950590951,20.085496161996947,0.0,88.0744995683645,35.898977299857464,6.071699116370455,57.2,1.1,86.9,0.0
2013-09-24,829108.5,0,10.81433452771749,20.355851752936804,0.0355451067089999,86.59303203409121,46.39845767144511,5.824685542903045,57.2,1.1,86.9,0.0
2013-09-25,830013.5,0,10.396302982305034,19.294725262958348,1.463461704427909,86.76693170471559,66.43250630241924,5.658769469391991,57.2,1.1,86.9,0.0
2013-09-26,818402.0,0,9.90445517358976,16.667009607485845,0.0941040277825245,82.3305899963094,56.594546031571966,11.02210283264025,57.2,1.1,86.9,0.0
2013-09-27,794108.0,0,9.882583141775358,17.51080299693466,0.1509534306969923,80.21424887677648,34.196040767733386,11.59474181042018,57.2,1.1,86.9,0.0
2013-09-28,703386.5,0,9.305424146730008,18.267171095837835,0.4356816063651423,77.90394387423044,37.5734088312304,14.489877157839429,57.2,1.1,86.9,0.0
2013-09-29,668734.0,0,10.420765119106074,17.059128977138194,0.0,79.05608725921661,29.912732485077164,16.17602937260532,57.2,1.1,86.9,0.0
2013-09-30,788879.0,0,10.473040038587795,17.071858136741046,0.7552238007331534,83.39268494616174,60.1420687960111,14.970356377743393,57.2,1.1,86.9,0.0
2013-10-01,803181.5,0,10.070015756355469,16.752022330959562,0.5284028807213219,81.21628898765185,63.869171092026754,16.38946702727676,56.3,-1.0,86.0,0.0
2013-10-02,825315.0,0,12.485920750074564,17.04356000999732,5.89081573300953,89.2504453738288,82.3146776939231,15.396297573030736,56.3,-1.0,86.0,0.0
2013-10-03,825629.5,0,13.668017453638216,17.638246114112576,6.756484985329802,92.83897732198632,79.94354481792752,16.422384213254247,56.3,-1.0,86.0,0.0
2013-10-04,808002.0,0,13.661292404100328,18.281608464309485,3.52095066182471,91.77516154674755,81.4464810088985,15.420570846249,56.3,-1.0,86.0,0.0
2013-10-05,718167.0,0,11.159060402292647,17.102077339591045,0.1105713647402356,85.04667662792724,52.246738345902926,9.499288910938512,56.3,-1.0,86.0,0.0
2013-10-06,683444.5,0,9.7791879984677,18.09222924861,0.0412283085027153,83.8577900403704,33.65596482213692,10.143944922892024,56.3,-1.0,86.0,0.0
2013-10-07,801242.0,0,11.687566248242907,18.472728160116485,0.1412272174275015,87.5330139074901,57.64470487982928,11.94799614355624,56.3,-1.0,86.0,0.0
2013-10-08,809205.5,0,11.762230983880608,18.16027834957632,0.3029009430946802,87.88356309635712,61.9034888958663,12.91607386450112,56.3,-1.0,86.0,0.0
2013-10-09,803060.0,0,7.223975858408803,13.268108559955287,0.6722061712935221,80.6678142524051,55.09058006537354,18.023673227952475,56.3,-1.0,86.0,0.0
2013-10-10,811133.0,0,5.517106783869249,11.29959210383643,0.8863266915231017,72.61397674417746,42.67236368259952,23.32645643481124,56.3,-1.0,86.0,0.0
2013-10-11,819379.5,0,6.488417621915822,12.470077323732037,4.135899229768515,85.95748811373441,68.49337503740391,22.814113561935823,56.3,-1.0,86.0,0.0
2013-10-12,738808.5,0,8.331546577293981,12.854003855706132,3.5926682081459247,88.53829587943613,71.46346711370221,15.67890555443955,56.3,-1.0,86.0,0.0
2013-10-13,737330.5,0,7.654154405644922,10.999118902979502,9.073676585698028,93.0296813796059,81.29186547798683,16.036224096645046,56.3,-1.0,86.0,0.0
2013-10-14,857121.0,0,6.880490920533089,11.245231985948672,4.209880847825065,91.01166895720748,85.11071213956714,14.25146761910054,56.3,-1.0,86.0,0.0
2013-10-15,868230.0,0,6.08450159315422,13.202225781142236,0.1567321246227953,89.89956431368972,64.08874688997463,10.85711452650778,56.3,-1.0,86.0,0.0
2013-10-16,866945.0,0,6.221817189149291,12.362489808435468,8.473495574783339,94.45851576828046,70.41031836591233,17.039997157672232,56.3,-1.0,86.0,0.0
2013-10-17,852421.0,0,9.01031872857958,15.366143189268788,0.6675021203740562,88.94690958631591,41.06958707136726,13.527009136633106,56.3,-1.0,86.0,0.0
2013-10-18,840635.5,0,8.759035593393703,14.19934160833461,2.950285286970608,93.29519373377371,77.14935092396551,13.40658713455742,56.3,-1.0,86.0,0.0
2013-10-19,744100.0,0,11.013463483956215,16.244905062933217,4.4727874777266985,91.97907961628084,63.97656594802818,15.621361494671005,56.3,-1.0,86.0,0.0
2013-10-20,714798.5,0,10.57851106774403,15.568324743446723,2.3364321570046784,89.26406732493437,59.67216416950797,18.216738126458505,56.3,-1.0,86.0,0.0
2013-10-21,832977.0,0,10.922520290310834,15.247317184354706,8.168449851355602,94.34719646840774,74.17152569073359,18.76601884357584,56.3,-1.0,86.0,0.0
2013-10-22,835788.0,0,12.716009979742267,16.52268764895482,7.484823973608642,92.33730006277216,66.80711631218298,19.803188426046248,56.3,-1.0,86.0,0.0
2013-10-23,819288.5,0,8.35263323472882,14.214484379982832,3.7188815928911314,86.00311133159367,51.902527397359634,21.049112599330872,56.3,-1.0,86.0,0.0
2013-10-24,849855.5,0,7.20977380873642,14.655036947187536,0.10499512980906,88.30282875540712,34.42811371044499,12.454915035668018,56.3,-1.0,86.0,0.0
2013-10-25,812866.5,0,10.931746284012965,16.4977038398963,7.066959922072028,90.75545156498912,61.10131403259186,20.48568355647,56.3,-1.0,86.0,0.0
2013-10-26,724107.5,0,11.21112844776694,14.777883979180196,3.0612243471313265,91.54323002889782,71.00843268981819,21.41825767459232,56.3,-1.0,86.0,0.0
2013-10-27,722191.5,0,9.50991802736552,13.88716598038548,5.484142600211109,86.10983666696254,60.35688592319961,25.27622718915175,56.3,-1.0,86.0,0.0
2013-10-28,818770.0,0,7.175754252611634,12.4000445865581,11.352407463606031,87.48442878923967,61.68982772444862,22.26906586320093,56.3,-1.0,86.0,0.0
2013-10-29,847013.0,0,5.968569565357434,10.635251896380923,1.0288685623796283,84.37307388343358,34.28469357936352,18.64091745041724,56.3,-1.0,86.0,0.0
2013-10-30,860602.5,0,4.678348721899128,12.09667705513698,1.0725498507654985,85.80938808445057,36.65470384653496,17.163721690747362,56.3,-1.0,86.0,0.0
2013-10-31,854048.5,0,8.463261837889458,12.58235761499195,1.604491829106764,90.13937019819336,67.78740666850418,17.38798026057458,56.3,-1.0,86.0,0.0
2013-11-01,856862.5,0,7.87614608999213,11.840235608318382,5.4487519205997215,92.49842502524533,74.14597524482498,13.260434705264624,56.5,0.8,86.7,0.0
2013-11-02,768213.0,0,6.0592385764117775,11.540550148398523,2.9118371825647285,89.23320770703567,64.46152790423322,19.446958100744784,56.5,0.8,86.7,0.0
2013-11-03,745843.0,0,4.681958720967257,10.063347212219846,4.825579699018143,81.5057615071861,36.19861951631744,22.06183507417713,56.5,0.8,86.7,0.0
2013-11-04,888038.5,0,3.205128594432037,9.50086642129051,3.488797574260116,86.20533738934654,26.57464612589004,15.034521250948774,56.5,0.8,86.7,0.0
2013-11-05,913665.5,0,3.562051844697768,9.628266248906773,3.668423514951357,90.3372494276619,60.69234125439596,16.45288744910672,56.5,0.8,86.7,0.0
2013-11-06,916306.0,0,5.798529104600367,11.797318948515755,5.465615277905155,93.2034041731076,74.06104447493036,15.315687860531206,56.5,0.8,86.7,0.0
2013-11-07,890265.0,0,5.510986896893577,10.87298306294748,0.6931569376155771,86.54364230165605,32.55246496634325,15.537270898792723,56.5,0.8,86.7,0.0
2013-11-08,907480.5,0,4.211059418050601,9.931235845220009,4.114242198166797,91.28200288031564,60.987264847167104,12.610506033922542,56.5,0.8,86.7,0.0
2013-11-09,837379.0,0,3.0730083912596946,7.921495663114331,3.771211977411854,90.27490133299273,50.87078771204663,12.614282122299269,56.5,0.8,86.7,0.0
2013-11-10,810817.0,0,2.096914340945084,8.072700738783931,0.5649558305092414,86.82143879504481,23.0098369343528,12.787093898731992,56.5,0.8,86.7,0.0
2013-11-11,915123.0,0,4.03773981525853,11.843215995519154,3.4921356389668383,93.37850951257766,85.0323876303174,16.96058870361578,56.5,0.8,86.7,0.0
2013-11-12,909983.5,0,5.278586985064748,10.708839295132218,1.3981813051669143,89.1660079389706,44.33673915790877,13.809437874361736,56.5,0.8,86.7,0.0
2013-11-13,921032.5,0,3.5686227913871567,8.75902107133628,0.6228755244229964,86.93838341747623,36.20497489113221,14.606528711321538,56.5,0.8,86.7,0.0
2013-11-14,906661.5,0,3.768930108856728,8.88136221324392,1.8595027733595209,82.7057257506536,37.63907062889452,21.71571500525314,56.5,0.8,86.7,0.0
2013-11-15,930548.0,0,2.6291220821575334,8.90247647027149,0.0097576638967084,86.84330907499196,29.157926129720792,12.65141712844248,56.5,0.8,86.7,0.0
2013-11-16,837174.0,0,3.882383290604164,9.77216238075931,0.0,90.0819804564149,37.66591316909957,11.460247596622548,56.5,0.8,86.7,0.0
2013-11-17,826316.5,0,4.760410348163023,9.560907045555188,0.3013264047700947,94.23833107352704,72.17153257526452,7.447901926906443,56.5,0.8,86.7,0.0
2013-11-18,933335.5,0,3.619865415411368,8.598829070374412,1.1886107744998942,92.67693084660796,74.09003717093479,10.424284681869514,56.5,0.8,86.7,0.0
2013-11-19,956751.5,0,0.0563633627147082,4.661711423084176,0.3253293448950834,82.56139715346775,19.176039776237992,15.304988838454236,56.5,0.8,86.7,0.0
2013-11-20,964427.0,0,0.1456508266723447,5.431012958531274,7.286962908237316,90.78648407989104,65.09639872338668,21.643640128725977,56.5,0.8,86.7,0.0
2013-11-21,964207.0,0,2.2858159269443084,6.73736667060888,1.56371525033015,89.86251041592648,57.87474004748851,18.122450065021937,56.5,0.8,86.7,0.0
2013-11-22,967584.5,0,1.678300407244592,5.962092189893066,0.0764405880963017,88.77442831346941,44.35143899912197,14.713845747535892,56.5,0.8,86.7,0.0
2013-11-23,886823.0,0,1.4099817000562318,5.861174540316182,0.0195153277934168,88.15125886106746,31.57005242262955,12.128000748815676,56.5,0.8,86.7,0.0
2013-11-24,865852.5,0,1.0369944111132066,6.891006872482997,0.0040684704096713,90.16050603084908,38.86648706236819,13.135224865376689,56.5,0.8,86.7,0.0
2013-11-25,982087.0,0,0.6599260244858177,5.65412699045927,0.0,88.07698494549787,23.87222995980663,11.399480439203568,56.5,0.8,86.7,0.0
2013-11-26,993890.0,0,0.5470887777474257,6.53631118288781,0.2016979327843575,91.23427610017876,47.85513407132227,11.503324813521417,56.5,0.8,86.7,0.0
2013-11-27,972279.0,0,4.599794779509374,9.414745303704937,0.1915358872156473,95.21138334445104,71.74182643286144,11.738988699903052,56.5,0.8,86.7,0.0
2013-11-28,973007.0,0,4.767591267365922,8.704322428154388,0.0,93.90421021952064,68.60376073034054,7.980928235772564,56.5,0.8,86.7,0.0
2013-11-29,918667.0,0,4.819882706648416,8.891732360663855,0.7962482871655869,88.28983146791231,62.17998487370205,20.88306430594462,56.5,0.8,86.7,0.0
2013-11-30,856342.5,0,2.8526973776575826,6.669876676536953,0.1658802862440433,86.45071255202431,31.23758085943042,15.236789645493374,56.5,0.8,86.7,0.0
2013-12-01,855855.0,0,2.751538661927486,8.249466249078887,0.0,92.71485304046703,38.98489662999752,9.894999024486555,58.1,0.5,87.1,0.0
2013-12-02,967989.5,0,2.770925792993465,7.667216051210092,0.0,91.91465996932942,50.62607604603686,8.316217769638186,58.1,0.5,87.1,0.0
2013-12-03,980867.0,0,2.3324330682215217,6.83592335636127,0.1913172726242282,90.56653379726876,51.15298618680339,10.064232104952708,58.1,0.5,87.1,0.0
2013-12-04,971632.5,0,2.654038167716517,7.516476972227556,0.1262304362530547,87.5108631904785,42.7917916383192,16.155236905929524,58.1,0.5,87.1,0.0
2013-12-05,970497.0,0,1.5863895989244396,7.9957223090028275,3.393097086761564,84.53401986346992,49.895033984995166,29.17969369492529,58.1,0.5,87.1,0.0
2013-12-06,981239.0,0,1.860034458921356,5.569778516649132,0.1436782210814663,84.59008903542558,58.66699676045938,15.95202719008608,58.1,0.5,87.1,0.0
2013-12-07,873657.5,0,4.103647427558138,8.253280632658887,0.3729212681355141,91.8846599650266,69.12053287683156,15.427025017156003,58.1,0.5,87.1,0.0
2013-12-08,815705.5,0,5.876826413806041,9.774367274726467,0.363861419064102,91.63933234864052,54.941867005492135,21.4589735742198,58.1,0.5,87.1,0.0
2013-12-09,936715.5,0,5.149572565906476,9.86435144399348,0.0582269960160694,92.746268522769,42.51061567007754,16.427668321248934,58.1,0.5,87.1,0.0
2013-12-10,966923.5,0,3.674338067718705,8.71371935185092,0.0,92.05703855386494,36.47811773359275,15.46390326717709,58.1,0.5,87.1,0.0
2013-12-11,982181.5,0,2.94384129840778,6.980960875825437,0.0,87.61791812276545,22.09769064864329,14.183800870843989,58.1,0.5,87.1,0.0
2013-12-12,970324.0,0,3.792722248640244,9.721691438889092,1.090537392038876,90.67352268108714,54.955213729033225,16.51121506991856,58.1,0.5,87.1,0.0
2013-12-13,930236.0,0,6.2967112196217,10.671991887194991,2.0948871785200667,92.5088231564394,72.46619576987374,19.489022169787777,58.1,0.5,87.1,0.0
2013-12-14,836429.5,0,3.705984550620849,9.65973527073049,2.6620060287591447,86.74821848931754,53.627804432113486,25.672952402197247,58.1,0.5,87.1,0.0
2013-12-15,811955.0,0,6.690497921240475,11.17947392778963,2.254204730336612,93.34612139050805,67.31412095358621,24.49677315273897,58.1,0.5,87.1,0.0
2013-12-16,926802.0,0,6.310624211198722,11.096292504909531,5.140896882881098,89.78912955310297,84.12665394708598,21.882690958447185,58.1,0.5,87.1,0.0
2013-12-17,962173.0,0,3.043568584926467,6.332515037167862,2.0055820268501625,89.43439263315851,49.79778363898602,11.640684989927683,58.1,0.5,87.1,0.0
2013-12-18,940619.5,0,3.295797144468685,9.052286998145355,10.58096724247982,92.65158566114486,75.66706185615806,27.31971703225575,58.1,0.5,87.1,0.0
2013-12-19,950495.0,0,2.401805996869013,7.573801618307344,1.5091169845311967,82.86260337246124,35.98211071542816,20.26639724690067,58.1,0.5,87.1,0.0
2013-12-20,920459.0,0,2.2909030113430022,8.564045961374338,3.1111667521905715,86.99197169953743,45.853022272195176,25.61792686673441,58.1,0.5,87.1,0.0
2013-12-21,813290.5,0,6.365685198922375,9.852660603812703,5.1952691624156735,91.608123801815,68.60778269482178,30.80279591557992,58.1,0.5,87.1,0.0
2013-12-22,796894.0,0,2.840223560389261,6.71968722592498,2.471615483150233,85.39591299206877,33.11191309066509,24.1920438518803,58.1,0.5,87.1,0.0
2013-12-23,887952.0,0,2.620668124056297,9.565987906214986,13.485069857396777,92.84790625125244,77.48442929635914,30.809891131593137,58.1,0.5,87.1,0.0
2013-12-24,812899.0,0,3.842969443255361,9.55561775879505,8.334522949030623,84.65053592385118,46.5522367472165,30.667116548224048,58.1,0.5,87.1,0.0
2013-12-25,743791.5,1,2.218491176981866,6.119446227387697,1.4645384788727267,87.3091635534654,32.438903783516906,18.051578767393583,58.1,0.5,87.1,0.0
2013-12-26,750602.5,1,0.9807791426496936,5.1586320861185975,1.5432681427674684,91.32533848226582,40.82669565689366,14.213628454528534,58.1,0.5,87.1,0.0
2013-12-27,795736.5,0,4.180363230925116,8.511385769404113,6.422118819197219,85.83093051934688,48.41362390889405,34.91914356619686,58.1,0.5,87.1,0.0
2013-12-28,798453.0,0,2.479854433355159,6.027706671774333,0.4697032370695601,86.00694592311602,30.977160553285163,18.702180324797418,58.1,0.5,87.1,0.0
2013-12-29,792510.0,0,2.086012563285436,5.9387214817526734,0.9301039530361888,88.2829997696141,33.975729646560474,19.22797696952292,58.1,0.5,87.1,0.0
2013-12-30,828098.0,0,4.537276384903305,8.88136221324392,9.127804402915698,91.83084440124128,70.46701765685482,28.21502865747467,58.1,0.5,87.1,0.0
2013-12-31,817198.5,0,4.120858508997467,7.926331293094398,3.430121898918366,92.61456892140792,64.7874793095258,22.87640762533104,58.1,0.5,87.1,0.0
2014-01-01,757209.5,1,4.192327393130566,9.035652619109149,10.56750206658866,93.7326795651632,78.19832405007611,26.692568198040416,57.2,-0.2,87.0,0.0
2014-01-02,861486.0,0,4.669114598918292,8.106482225370529,1.917377266024913,91.4782664117997,52.77520872422512,21.75666911272411,57.2,-0.2,87.0,0.0
2014-01-03,878351.5,0,4.906586427663619,8.45804198039433,3.394121938320012,86.1120834213365,56.0973133978627,31.165440994775377,57.2,-0.2,87.0,0.0
2014-01-04,854717.0,0,2.404927086670589,6.2242706177563365,7.502882536194806,93.2080907406993,68.77257934053078,18.865299111969275,57.2,-0.2,87.0,0.0
2014-01-05,839109.0,0,1.446602963446337,9.736999915664496,3.799414321582341,92.23446482545624,57.84554362776423,22.63922121264128,57.2,-0.2,87.0,0.0
2014-01-06,911586.5,0,6.98995202711325,9.964613526406724,3.385169298913793,90.81101516957214,55.95769736966661,30.90268010178779,57.2,-0.2,87.0,0.0
2014-01-07,923405.5,0,6.716009979742267,8.986830583864775,1.843259060718858,89.9247023485348,47.86910150908918,28.10342636957293,57.2,-0.2,87.0,0.0
2014-01-08,942026.5,0,5.060781633374632,8.828964970400206,5.240300811587846,93.3263119979671,59.63324015346111,19.624205820182446,57.2,-0.2,87.0,0.0
2014-01-09,944486.0,0,3.677279852371069,8.204913007190155,3.0582731331303545,91.47321557875917,59.238764614568304,20.614996361648345,57.2,-0.2,87.0,0.0
2014-01-10,949942.5,0,2.9358321148123387,7.573190739125699,0.9720871764792952,92.23200130056163,51.78523848691288,17.7388764728286,57.2,-0.2,87.0,0.0
2014-01-11,858496.0,0,0.3737450176280873,6.494777530071263,0.8681324698697274,89.35870960163399,37.11758675861286,14.531791273193186,57.2,-0.2,87.0,0.0
2014-01-12,861474.0,0,-0.3997222429850933,6.234883229749828,2.993539657602772,88.8529372758993,51.13813009132576,17.885736103266982,57.2,-0.2,87.0,0.0
2014-01-13,955572.0,0,2.997122711723299,6.808096989025811,2.2610651346700306,91.80593469309376,48.05733480383636,17.81658466288788,57.2,-0.2,87.0,0.0
2014-01-14,983527.0,0,1.5815115092145755,5.125709506234066,3.270337894007237,90.88358341187026,59.464844619210446,14.204608873816138,57.2,-0.2,87.0,0.0
2014-01-15,959612.0,0,4.510711392718478,9.53037547248167,5.938929661976908,95.73081324259194,91.76617449851724,19.377645196601303,57.2,-0.2,87.0,0.0
2014-01-16,957185.0,0,5.283251331603513,8.172982230042175,2.501492248202584,91.84050814661298,69.60212915798007,18.46414301174624,57.2,-0.2,87.0,0.0
2014-01-17,946112.5,0,4.044847770727417,7.755569785293609,0.1705420495469855,91.08214417916598,68.34103484396334,18.093838369408687,57.2,-0.2,87.0,0.0
2014-01-18,851681.0,0,4.281250729944685,8.013522601792092,3.817421875633899,93.60014396967954,85.90200998183221,19.80320935624964,57.2,-0.2,87.0,0.0
2014-01-19,832295.0,0,1.8807711270886869,6.659296212844125,2.2815346968679564,91.50868763260404,53.08954449669039,12.642816781855524,57.2,-0.2,87.0,0.0
2014-01-20,972650.5,0,0.7091373430726498,6.0206663168669285,0.0083181422880099,91.796410759022,38.54369407394331,6.23961702092086,57.2,-0.2,87.0,0.0
2014-01-21,977038.0,0,0.5022409916527522,5.440557177381661,2.7093362168863284,91.55528954493003,55.05746565602572,15.9048585333392,57.2,-0.2,87.0,0.0
2014-01-22,964514.5,0,3.697216101614693,7.657299483733944,3.992516799177496,94.83092686193984,72.7369709944877,14.872684139073426,57.2,-0.2,87.0,0.0
2014-01-23,966432.0,0,1.533513881181356,6.07038756712725,2.8710287797365632,90.1399626212999,47.78448770422776,18.56757692664213,57.2,-0.2,87.0,0.0
2014-01-24,969778.5,0,1.240783964280103,6.388611916287054,5.412194067120243,93.35234213278834,82.82226796610549,15.259116624937391,57.2,-0.2,87.0,0.0
2014-01-25,841473.5,0,2.918717985394468,9.12237415077467,4.706487052225806,90.95942652410606,54.50377639572186,22.09609014887552,57.2,-0.2,87.0,0.0
2014-01-26,842384.5,0,1.904322769307483,6.4758943067142125,7.892616337508228,91.10639779766316,55.34653039004064,23.606407494402017,57.2,-0.2,87.0,0.0
2014-01-27,955039.0,0,1.4976830940999817,6.2889211731044,1.9542533262119417,87.9873596631399,65.8382080832261,21.56499594980587,57.2,-0.2,87.0,0.0
2014-01-28,962840.5,0,2.617574787520017,6.893137465764826,4.643211463715203,93.12722493286968,85.28743081046419,20.48600571563593,57.2,-0.2,87.0,0.0
2014-01-29,975102.0,0,2.470188720974633,4.982914146334148,5.837166432182822,95.56518280027804,95.14581537925528,18.73755101621824,57.2,-0.2,87.0,0.0
2014-01-30,1001633.5,0,0.973922964311821,4.193048808988444,0.8413621065951593,92.34790199452236,81.8303014453335,12.554871832163004,57.2,-0.2,87.0,0.0
2014-01-31,972122.5,0,0.9127143517144573,6.494061677160249,8.1753837926217,95.1613189279851,87.22606815648736,21.21093683344525,57.2,-0.2,87.0,0.0
2014-02-01,843360.5,0,2.237596964315263,6.98995202711325,4.811181789051088,86.42039034245379,55.29653695493264,29.34885574793175,56.7,0.7,87.6,0.0
2014-02-02,809950.5,0,3.6691145989182927,7.661533255111949,0.3862327253595877,85.92487733548491,37.49549499654421,23.39256471274664,56.7,0.7,87.6,0.0
2014-02-03,932363.5,0,3.2147507252730394,6.958402496232563,0.4432537528684521,86.65121285150141,48.44676897591865,24.919769274781054,56.7,0.7,87.6,0.0
2014-02-04,948358.5,0,2.737501933200872,6.894206335292884,3.0407757243571507,87.02087478906904,59.54385570674751,23.092728961057897,56.7,0.7,87.6,0.0
2014-02-05,946669.5,0,4.085265007724198,7.179885447552291,9.414706407641928,91.8139470577113,75.35827289493788,32.548229688974104,56.7,0.7,87.6,0.0
2014-02-06,964621.5,0,3.708464088196742,8.39599600598856,8.822651428331174,91.51363232400372,70.0763238000201,22.03128020434272,56.7,0.7,87.6,0.0
2014-02-07,935586.5,0,3.099449907538291,7.180152914652224,4.580599419511105,89.7943449540937,68.96039383143571,20.892811864333435,56.7,0.7,87.6,0.0
2014-02-08,820531.5,0,4.40973301174378,7.444667319180868,6.027926345169727,86.27833845042487,62.48650413723427,32.75129489113713,56.7,0.7,87.6,0.0
2014-02-09,809791.5,0,2.1641049193907484,6.944109687543105,2.6574871993826545,85.73376452420884,61.339375226359685,28.53510895630757,56.7,0.7,87.6,0.0
2014-02-10,958586.5,0,1.1056808229424042,6.64359793023954,2.406302989373972,89.71444425607604,52.82907575295254,12.70549190711096,56.7,0.7,87.6,0.0
2014-02-11,959907.0,0,0.6761549538256969,4.581123854801309,6.811155624760117,90.01754086276449,48.244336013423855,22.43790624879367,56.7,0.7,87.6,0.0
2014-02-12,978418.5,0,0.557332990500085,5.768344017059867,7.9729016487591,90.10565658877886,65.45498733861,31.125026016765307,56.7,0.7,87.6,0.0
2014-02-13,951277.0,0,2.026053892599842,6.260635493838468,0.8149501015960063,79.11160884972028,29.620217002873552,25.87210559259952,56.7,0.7,87.6,0.0
2014-02-14,969746.5,0,1.983557173816457,8.246385452223937,8.946925477595892,91.24517475828534,65.45453672454673,27.428499997172423,56.7,0.7,87.6,0.0
2014-02-15,837460.5,0,3.271306424570497,7.908791321630778,4.975491867463436,86.73318848259775,55.38651857323506,32.6478590092324,56.7,0.7,87.6,0.0
2014-02-16,818624.0,0,1.4988586277556255,7.630082673996069,0.2916303405211933,84.21947604908573,23.049542068049163,17.00446228248263,56.7,0.7,87.6,0.0
2014-02-17,951079.0,0,2.7724845552924955,8.224349451782343,3.1437388141739704,92.77304410783732,81.43962181857835,18.771201742819,56.7,0.7,87.6,0.0
2014-02-18,946207.5,0,4.288365185763085,9.5421551354052,1.5847208577805894,92.11823888351104,70.62760166116355,13.535461127725506,56.7,0.7,87.6,0.0
2014-02-19,938832.0,0,3.540494319155544,9.559157867580474,0.5948523394127839,92.68877686534522,72.22306846801239,14.023738431221938,56.7,0.7,87.6,0.0
2014-02-20,894165.0,0,3.492001634953157,9.99914256855456,3.223975219130931,90.98032374936965,71.5303549571942,23.008003666750348,56.7,0.7,87.6,0.0
2014-02-21,885719.5,0,2.4122714981157283,7.970347403265579,1.0199764899415773,84.56781545719801,42.24511396541851,23.75458714144195,56.7,0.7,87.6,0.0
2014-02-22,794448.5,0,3.376562849989268,9.30420108214991,0.5428384005120123,83.63098780540578,38.34238321315319,22.38953862332494,56.7,0.7,87.6,0.0
2014-02-23,768787.5,0,6.75147643990579,10.89018567702846,1.2712593715677232,90.72241594356554,72.05772857441772,29.86183130612584,56.7,0.7,87.6,0.0
2014-02-24,889020.5,0,6.038608818248138,10.561086150930064,2.11452129981665,87.1476138707562,57.16871282199627,22.71524319974311,56.7,0.7,87.6,0.0
2014-02-25,897045.0,0,4.466616909538985,9.419901955673948,3.5943344766981986,86.6582041387587,55.12551394252744,23.754783796223787,56.7,0.7,87.6,0.0
2014-02-26,906638.0,0,2.792980725895106,9.256476023145792,0.4723220957298942,84.68042233339374,27.446484512632992,19.22045800141084,56.7,0.7,87.6,0.0
2014-02-27,911646.5,0,2.3469102532548463,7.920495823302613,5.967008047709308,87.72787048980241,46.80568718806006,20.75894125380585,56.7,0.7,87.6,0.0
2014-02-28,936388.5,0,1.2704027991519242,7.138527027561974,3.88423017205918,91.20713025643155,70.54765343222142,12.800716495262336,56.7,0.7,87.6,0.0
2014-03-01,839083.5,0,0.6408096337454134,8.061322745211625,0.6986552036972882,84.8413426040099,42.62678026593468,9.44911847576977,56.2,1.0,88.4,0.0
2014-03-02,803523.0,0,2.5080150538874366,8.053955021638327,8.491478882377544,92.4101602368426,81.15111929564364,21.33502809073025,56.2,1.0,88.4,0.0
2014-03-03,929221.0,0,1.5773768259066865,8.26484911874316,2.3038084026437584,86.34249786825417,39.08306738246938,10.844111691433357,56.2,1.0,88.4,0.0
2014-03-04,933791.0,0,0.8152737283349344,9.374449037751573,0.7002836949228306,84.87009274323724,34.78855869025733,11.164371541291572,56.2,1.0,88.4,0.0
2014-03-05,926215.0,0,0.8576263944555922,10.577932813248,0.5567719288906635,83.72961605647184,33.250392049448635,11.951038844982246,56.2,1.0,88.4,0.0
2014-03-06,906340.0,0,5.69626151837346,11.193645166112669,2.079515596105716,89.35050290269035,61.99416194850912,18.72505308772441,56.2,1.0,88.4,0.0
2014-03-07,868022.5,0,3.7782883224340553,12.003555752652574,4.033912311114903,84.19926749205636,47.99972498757711,19.48946648327588,56.2,1.0,88.4,0.0
2014-03-08,766616.5,0,3.777020354730373,12.807931575876506,0.2792712014047394,81.96345741696334,39.45859612366486,20.83036867708083,56.2,1.0,88.4,0.0
2014-03-09,742917.5,0,5.840702957324022,14.454676704886468,0.4325433989765161,82.6894871399421,14.54483721342218,13.907001497262538,56.2,1.0,88.4,0.0
2014-03-10,869430.0,0,3.3688830635375817,11.534004880394798,0.0706136087137507,83.51509229021052,20.17788901041998,13.363977696947376,56.2,1.0,88.4,0.0
2014-03-11,899144.0,0,1.8103827454968409,11.037615033135491,0.0,82.99680643821662,18.324830118052493,13.18491876192038,56.2,1.0,88.4,0.0
2014-03-12,902163.0,0,2.225770723237185,13.447146211331988,0.0,81.3842194318836,10.215920219596866,8.592224761371094,56.2,1.0,88.4,0.0
2014-03-13,898593.0,0,2.540631456552832,13.706511601418114,0.0,82.30556518741045,25.046217884585264,6.803429707341049,56.2,1.0,88.4,0.0
2014-03-14,864480.5,0,3.3505922479198267,13.267455021269512,0.1195446423719766,82.89679164569549,28.760691676528342,13.878140237403214,56.2,1.0,88.4,0.0
2014-03-15,744836.0,0,6.078591377026664,12.89433022611504,0.0166362845760198,84.83202322348983,53.32683835723782,21.28569796788317,56.2,1.0,88.4,0.0
2014-03-16,711659.0,0,6.058636195322994,13.752971013174289,0.0166362845760198,85.78782826918713,36.73183511904952,19.560987646815697,56.2,1.0,88.4,0.0
2014-03-17,840374.0,0,6.031213771692727,11.154686681309409,0.0083181422880099,86.05496717062253,69.94105413909064,14.96111303440864,56.2,1.0,88.4,0.0
2014-03-18,845418.0,0,5.233092099164783,11.02140225478223,2.1970141804740444,87.90082865472085,61.33449867337548,21.12482937735073,56.2,1.0,88.4,0.0
2014-03-19,836024.0,0,5.857626394455592,14.025004554854837,0.108135849744129,82.52878574516073,47.74570949271088,21.86792749679193,56.2,1.0,88.4,0.0
2014-03-20,845547.5,0,5.064968196540573,12.235204559083906,4.839025641251028,85.33514648007457,51.897786214538215,26.850737775839185,56.2,1.0,88.4,0.0
2014-03-21,835048.0,0,3.7891032443597865,9.94265281015488,2.176642306389164,79.34776293621802,42.74678524676987,21.16015591864353,56.2,1.0,88.4,0.0
2014-03-22,772365.0,0,1.6843272608492217,8.610268087322407,2.5035730023980296,80.58084578429437,47.5478282962335,19.663921234573422,56.2,1.0,88.4,0.0
2014-03-23,764114.5,0,0.4937441128040227,8.424527100341301,1.2271252301092994,78.80341556946505,36.49706264111752,17.441887029027395,56.2,1.0,88.4,0.0
2014-03-24,871973.0,0,0.3313111355566598,9.311670552328705,0.437124010871166,82.74077434437751,57.4554573154165,15.408793642086517,56.2,1.0,88.4,0.0
2014-03-25,908235.5,0,3.474723398602785,9.263540043628256,4.083873768498796,79.60743047730207,62.65776405126615,14.611653276458911,56.2,1.0,88.4,0.0
2014-03-26,916572.0,0,2.0399014350312963,8.914692056161053,1.8045000598093623,82.62790279792254,63.13094769686624,16.142695457365207,56.2,1.0,88.4,0.0
2014-03-27,908579.0,0,0.2506884530926173,9.13781082120406,3.185695063471687,83.31548665704143,74.25225319325443,13.244999832804249,56.2,1.0,88.4,0.0
2014-03-28,887154.5,0,2.592547704267106,10.661086820942447,2.814253723609196,86.15205854236285,69.1811798162027,15.646298310659049,56.2,1.0,88.4,0.0
2014-03-29,757681.0,0,4.806546263801947,14.783460111150752,0.6659671035598189,80.24416940162854,37.91362856517278,17.645551631031434,56.2,1.0,88.4,0.0
2014-03-30,697961.5,0,6.363528204693824,16.42276143330033,0.1167605396021577,79.71858374933521,42.3250792827499,12.481234305420903,56.2,1.0,88.4,0.0
2014-03-31,849595.5,0,6.471086476101212,15.778239808005186,2.487802877869159,83.76309405510919,54.36238202249815,10.39531056487822,56.2,1.0,88.4,0.0
2014-04-01,843329.5,0,6.338768050686867,15.669543821760476,2.1166575282714493,82.80446078878529,42.24634147113574,6.560436761403549,55.8,-0.1,88.3,0.0
2014-04-02,842418.0,0,7.050825264704067,15.080640093565693,0.4931056278827437,84.77913206165393,65.41234539925239,16.443033702975274,55.8,-0.1,88.3,0.0
2014-04-03,855333.5,0,7.364064214601647,14.356524485325991,3.09893692546438,89.92133608952251,76.18877940094254,12.474567712926865,55.8,-0.1,88.3,0.0
2014-04-04,843317.0,0,6.775161977030746,13.4249243592899,1.1724096829452222,87.97029931911989,66.97356778091161,10.213706289682866,55.8,-0.1,88.3,0.0
2014-04-05,741673.5,0,5.66388625869756,13.684699993656396,2.0000291378551096,89.597095905081,73.16754801468569,15.50523699198616,55.8,-0.1,88.3,0.0
2014-04-06,697854.0,0,9.734349079280046,14.039427186127474,3.562938287986813,93.0044987797169,86.1196265621431,20.84765484293557,55.8,-0.1,88.3,0.0
2014-04-07,834298.5,0,5.826912965268279,12.95288855554919,6.216705285094572,93.8724332839778,78.46234453561257,17.140347017854786,55.8,-0.1,88.3,0.0
2014-04-08,806999.0,0,3.632005102420921,11.294748605821018,0.9054951234777504,78.62761937961034,37.98133165699103,20.5067337781396,55.8,-0.1,88.3,0.0
2014-04-09,818532.0,0,4.679162571805043,14.04921815701599,0.1497265611841786,82.92936163924615,48.569875130590944,13.74507474817984,55.8,-0.1,88.3,0.0
2014-04-10,821718.0,0,5.343894613567591,13.521858324221574,0.0478027389491599,81.12104386884575,52.4821811589321,9.994738358934365,55.8,-0.1,88.3,0.0
2014-04-11,798982.5,0,4.818838271058244,12.930103893103889,0.0249544268640297,77.1909730153434,41.93679481196502,9.612720409486982,55.8,-0.1,88.3,0.0
2014-04-12,705716.5,0,4.640953624939115,12.788759663238253,0.1922710813557313,81.2701369917157,51.639649390510016,16.35962020378703,55.8,-0.1,88.3,0.0
2014-04-13,667934.0,0,5.043016470133798,13.082890244103336,0.5394962158438136,80.39217967076698,33.70473310271794,17.41391537964869,55.8,-0.1,88.3,0.0
2014-04-14,776591.0,0,4.481659240798517,13.137905806216684,0.0,77.2246723793111,25.262701452439323,14.811628246271471,55.8,-0.1,88.3,0.0
2014-04-15,795331.0,0,2.677279852371069,13.091969910788771,0.0,73.99206106013416,15.519517460768624,10.232853768383237,55.8,-0.1,88.3,0.0
2014-04-16,781184.0,0,2.691300645252661,14.132428132258724,0.0830002214114321,75.07602562914163,19.867253873101863,13.000531384363608,55.8,-0.1,88.3,0.0
2014-04-17,776092.5,0,4.970669116781068,13.286780114720871,0.1250011371769833,80.94126311841221,46.30288930239786,16.16938621517749,55.8,-0.1,88.3,0.0
2014-04-18,706348.5,1,3.080008560791269,11.9472464673136,0.0097576638967084,75.055848805497,18.40859108627817,10.569347157758289,55.8,-0.1,88.3,0.0
2014-04-19,682126.0,0,2.0033866513616987,12.167002123631915,0.0142851388917232,77.06257388576941,24.92113799021856,12.756192451161017,55.8,-0.1,88.3,0.0
2014-04-20,668185.0,0,3.960565330018596,13.535245740257958,4.179340112793204,88.3856786143603,65.48865692083453,18.886314188723187,55.8,-0.1,88.3,0.0
2014-04-21,675982.5,1,6.868320698784807,16.774008357082916,2.158538001627208,84.90762631454585,55.190354713776856,12.793006773394929,55.8,-0.1,88.3,0.0
2014-04-22,798155.5,0,7.123227048879432,13.743894650449006,3.919666603066714,90.10432351000924,82.02885452900097,12.04666101479461,55.8,-0.1,88.3,0.0
2014-04-23,805051.0,0,6.667489573009098,15.161447720962094,2.996864850695424,87.23278049730409,71.92962581775319,13.293569691368935,55.8,-0.1,88.3,0.0
2014-04-24,804639.0,0,6.807220640487582,15.379919734975063,0.9158703374821648,83.26923739251833,57.521607853307366,5.769528340786247,55.8,-0.1,88.3,0.0
2014-04-25,820277.5,0,6.834248033421448,12.515175580740918,9.060220605573177,94.02022854983012,89.73772077830114,11.57229959191943,55.8,-0.1,88.3,0.0
2014-04-26,697090.5,0,6.835477444678491,13.508320539580028,3.03640585748185,85.39275781769221,52.47589633519208,19.75671739664413,55.8,-0.1,88.3,0.0
2014-04-27,698733.5,0,6.642881139925878,13.48848374722068,4.355531654519978,88.97443495519768,71.74132198729853,14.898113552469592,55.8,-0.1,88.3,0.0
2014-04-28,809677.0,0,6.486828463183373,15.591889616873395,1.816578400730842,86.77385081196896,64.4799242775361,7.653798868797806,55.8,-0.1,88.3,0.0
2014-04-29,813753.5,0,6.479521501742401,16.305608968724314,1.7585612476761632,86.368143514317,59.23717520995975,6.296267551558375,55.8,-0.1,88.3,0.0
2014-04-30,806549.5,0,6.286974049498302,16.085297755347867,1.7058358754873573,85.69483121097178,52.877995385643146,7.31402012901611,55.8,-0.1,88.3,0.0
2014-05-01,822174.5,0,6.336034215749889,12.87452201685284,6.332919134545617,92.04613035269206,81.42630440039547,10.463747689071964,57.3,0.5,88.8,0.0
2014-05-02,805796.5,0,4.184310249296241,11.348813872157702,0.1291651427470606,79.33052957225672,57.63284141925588,12.515995992465372,57.3,0.5,88.8,0.0
2014-05-03,706197.0,0,2.736402467465059,13.049473192005388,0.0332725691520397,73.68728843897932,29.9919150404626,6.7344343829210525,57.3,0.5,88.8,0.0
2014-05-04,662223.5,0,5.658528403238779,14.284785367986784,0.1436648746191686,79.42137443082756,55.92537981403898,9.737063274863177,57.3,0.5,88.8,0.0
2014-05-05,675757.0,1,5.158613522472707,15.95782084557284,1.4290100302698072,77.52997169781631,59.145173181604825,14.46768796121747,57.3,0.5,88.8,0.0
2014-05-06,761970.0,0,8.197691103514085,15.732970774674468,2.5080990282607534,81.65546286606957,59.7052891822628,14.623363371812124,57.3,0.5,88.8,0.0
2014-05-07,767811.0,0,7.380961512029857,14.056802589640895,2.079843255212758,84.25267855891524,65.0750779765331,19.10200761834816,57.3,0.5,88.8,0.0
2014-05-08,810542.0,0,8.816981875734708,13.465920772818102,6.014743980584147,94.27247966850491,81.86148309946007,15.165921790130485,57.3,0.5,88.8,0.0
2014-05-09,750061.0,0,8.364450224718466,14.317474319470264,2.033867026883356,80.77320269792473,61.38864034571164,21.30931447529179,57.3,0.5,88.8,0.0
2014-05-10,680827.5,0,7.71622029601516,14.246057222991675,7.304109622385937,87.34765571886919,77.8326366690033,21.39696166902175,57.3,0.5,88.8,0.0
2014-05-11,661962.0,0,6.77170712578456,12.164503791901284,5.757930394134478,84.44347229984395,73.52195856483593,21.55999084972077,57.3,0.5,88.8,0.0
2014-05-12,783811.5,0,5.5693120435771135,13.015116263130706,4.398149674742796,86.49802460064188,63.21152624456952,11.94671141017568,57.3,0.5,88.8,0.0
2014-05-13,794529.5,0,4.397788104710765,13.765774965214678,3.141096156243446,85.39066890041009,52.18337396845754,8.387400838167054,57.3,0.5,88.8,0.0
2014-05-14,777378.0,0,5.29799040542265,15.94244767264744,0.0390306555868337,79.2424964145117,31.755308495830803,9.883150116705092,57.3,0.5,88.8,0.0
2014-05-15,774000.5,0,6.109470910889828,18.212139336636103,0.0792114473644417,80.99281963401833,37.271586861634944,6.053996175151318,57.3,0.5,88.8,0.0
2014-05-16,747958.5,0,7.968532591738219,19.76734222560657,0.0241379015187521,78.88552763106487,33.279047126827074,7.232637043964369,57.3,0.5,88.8,0.0
2014-05-17,656294.0,0,8.739951028241576,19.913734845118952,0.0634393681205402,76.8755226557619,40.51386562969239,8.601026434385872,57.3,0.5,88.8,0.0
2014-05-18,621085.0,0,10.011994527904356,20.162058185227814,0.0083181422880099,77.8945718454895,21.05350662045999,12.594987548219375,57.3,0.5,88.8,0.0
2014-05-19,747826.0,0,10.282615173284873,20.42444657591708,1.0445558666161472,81.87429622575262,28.28407108253593,13.057908140810294,57.3,0.5,88.8,0.0
2014-05-20,770952.0,0,10.70728943047472,18.941570847724257,2.4552792580885248,87.12736674191295,64.9526382229403,12.494996098560913,57.3,0.5,88.8,0.0
2014-05-21,758899.5,0,8.722780577828516,18.416641023837933,3.589155437709871,80.57918756511107,42.06153170916594,8.531686545339923,57.3,0.5,88.8,0.0
2014-05-22,775555.5,0,9.367516146069091,14.73088199569766,9.858921390090064,88.26339895684603,75.19492521247999,12.637033929550103,57.3,0.5,88.8,0.0
2014-05-23,751162.0,0,8.500800572596273,14.882414440033154,5.966380026353001,87.34897235467432,67.34050468898025,16.0145518237983,57.3,0.5,88.8,0.0
2014-05-24,681910.5,0,8.081554445329326,13.823182609846992,8.75880981766074,91.14487932892544,75.77204909334417,12.29164866136443,57.3,0.5,88.8,0.0
2014-05-25,637310.0,0,7.335237254458901,15.351840883614791,2.9382912923100526,83.65109078938278,56.05355149284906,13.303379610084756,57.3,0.5,88.8,0.0
2014-05-26,672227.0,1,6.925192533283633,15.50366107982884,4.773996760951137,86.39596159870118,61.79573811883635,9.225261175745109,57.3,0.5,88.8,0.0
2014-05-27,763573.5,0,8.88850923227891,14.6636176697879,6.457809260198142,89.09075645074401,75.70381020675967,12.947995667171286,57.3,0.5,88.8,0.0
2014-05-28,778775.0,0,8.578241310922873,13.083707905088874,6.178567428694086,95.83246517042042,94.29089233109973,12.5756585361176,57.3,0.5,88.8,0.0
2014-05-29,773070.0,0,9.44153069308294,14.95084418794376,3.120494786012797,91.15390006218206,85.49823699149441,12.38162503943238,57.3,0.5,88.8,0.0
2014-05-30,761084.5,0,8.004051669388105,14.901701945175038,0.0887312000057043,83.71680983007748,60.78884066404743,8.938735558159657,57.3,0.5,88.8,0.0
2014-05-31,671965.0,0,8.165536410071184,17.384881560865768,0.0305802934236255,79.61999307121137,42.170232582198224,6.968819544519434,57.3,0.5,88.8,0.0
2014-06-01,637107.0,0,8.501417491109734,19.18233508044697,0.7072309350127327,78.42122922562058,44.05045211698096,6.759695063840502,57.0,0.3,89.1,0.0
2014-06-02,755780.5,0,10.420222178565554,17.942599700916308,1.428881492389274,87.61129864627993,71.05025122083633,8.023263782769446,57.0,0.3,89.1,0.0
2014-06-03,772306.0,0,9.974162155659736,16.77065944770326,1.669568721326236,87.37385876606093,71.88520044680605,8.706363261290814,57.0,0.3,89.1,0.0
2014-06-04,778903.5,0,8.467690220204181,13.850558624362536,10.027738541927654,91.2552334728844,83.9829418073959,9.091112294936256,57.0,0.3,89.1,0.0
2014-06-05,749393.0,0,7.793512694214462,15.809737689536668,1.060470014609958,81.31847091679086,50.64888332908377,14.75953481408939,57.0,0.3,89.1,0.0
2014-06-06,730176.5,0,6.353449789271885,19.53474716498705,0.0143175177012354,75.46928723160472,26.30413374283179,11.502038820025822,57.0,0.3,89.1,0.0
2014-06-07,659635.0,0,11.280791879031907,18.823862549479493,8.899239159445491,87.39167879040758,52.14443589137096,11.600315867811103,57.0,0.3,89.1,0.0
2014-06-08,623468.0,0,9.932595232732798,20.36100010658729,1.005220223235833,80.85782470890113,39.828717772711634,11.325588476795074,57.0,0.3,89.1,0.0
2014-06-09,753057.0,0,10.891149311583789,20.59168812140576,4.649978267625813,85.39236335558431,53.24796153342108,9.097212865270468,57.0,0.3,89.1,0.0
2014-06-10,743738.0,0,10.79944987987723,18.83195004461422,2.025980487825568,82.02151646423277,34.022521728686044,13.330987639439412,57.0,0.3,89.1,0.0
2014-06-11,747897.0,0,9.981875765443048,19.342225160919764,0.1197763160579962,81.07844558786395,41.20008685880737,10.491257198944997,57.0,0.3,89.1,0.0
2014-06-12,756235.5,0,9.51687753513631,21.315234326689183,0.0,77.6952773224289,19.82460984379737,5.96843121394688,57.0,0.3,89.1,0.0
2014-06-13,749548.5,0,11.165690251676322,21.681804049530268,1.4130368781578175,80.31229795131112,38.24237003419399,6.681722311092774,57.0,0.3,89.1,0.0
2014-06-14,665387.0,0,11.581040210824009,19.559202432624414,1.1895031372561558,86.30218466758411,62.9090592190139,9.330665126826585,57.0,0.3,89.1,0.0
2014-06-15,640058.5,0,11.030772301147088,17.347688773837994,0.48117381836247,87.56050539157123,82.55990196550898,8.609175214139647,57.0,0.3,89.1,0.0
2014-06-16,741405.5,0,10.236947513319723,16.749670326245628,0.2337560768279228,82.19728419392838,58.680563189667104,11.846287172471516,57.0,0.3,89.1,0.0
2014-06-17,744913.0,0,9.124659215719154,19.256398418500307,0.0296975690106609,82.1572557331546,55.33008894691019,11.464055756463653,57.0,0.3,89.1,0.0
2014-06-18,759136.0,0,11.195286819393427,20.00753458124472,0.2444569091677118,86.36932076910537,68.10281993152842,8.440907458627043,57.0,0.3,89.1,0.0
2014-06-19,749848.5,0,10.49965475921476,19.57277436330997,0.6384309653046687,85.44232226046688,59.869773304075714,8.547487281443804,57.0,0.3,89.1,0.0
2014-06-20,729797.5,0,10.29323901874289,19.708784049844983,0.1865421389229495,79.03928434747802,45.912895454832686,7.499592076175368,57.0,0.3,89.1,0.0
2014-06-21,639845.5,0,10.556162036286889,19.884810210693693,0.1125158113702454,78.42508362553659,41.6622624929034,8.827917553562266,57.0,0.3,89.1,0.0
2014-06-22,627675.0,0,10.278686549519817,21.60537836459935,0.0249869993009742,77.25355438496675,43.66011187608631,6.241123334773348,57.0,0.3,89.1,0.0
2014-06-23,745648.5,0,11.672114640840167,21.66797642306328,0.9130329671910302,78.42521981016398,44.46417114919295,7.3914546897055855,57.0,0.3,89.1,0.0
2014-06-24,761158.5,0,11.07017725085436,20.085137444127728,0.8985615648563383,84.82340392907557,57.01991679429685,8.759022331451316,57.0,0.3,89.1,0.0
2014-06-25,747325.0,0,9.911079997880549,18.57730300160631,0.0430302330487481,78.33581521697705,58.236474801141554,8.04048729631931,57.0,0.3,89.1,0.0
2014-06-26,749775.5,0,9.541887668305266,18.39570960642858,1.6122140645311671,74.85805704645263,51.31190856039787,9.556663838681672,57.0,0.3,89.1,0.0
2014-06-27,743996.0,0,10.349695968049875,17.230753648371106,6.596186894975743,84.60840454622459,64.04848135853432,9.466932937169558,57.0,0.3,89.1,0.0
2014-06-28,662776.0,0,9.418766791801213,16.8405971537628,4.243339761866534,86.22556477126516,68.39805283643904,8.435136208600303,57.0,0.3,89.1,0.0
2014-06-29,622471.5,0,9.138583517596985,17.520163039215518,1.0101981678419134,79.61394030841224,42.74254034949813,10.245490017553095,57.0,0.3,89.1,0.0
2014-06-30,739624.0,0,7.992095544257822,18.939750857431445,0.5474876195234478,77.44291076492301,33.873447369236324,6.490771101886386,57.0,0.3,89.1,0.0
2014-07-01,749425.5,0,9.475097345423226,20.355663980429245,0.1953668658959762,75.33462133481711,22.39809684826174,7.93820629447745,57.5,0.2,89.2,0.0
2014-07-02,732992.0,0,9.565249232928023,21.5581500214281,0.1434093586346401,73.36397428541642,27.647040564516782,10.0913619052841,57.5,0.2,89.2,0.0
2014-07-03,737874.0,0,12.078724795547872,21.497223751435,0.3084483859340182,76.8153330613124,42.90915059272123,14.97367750312324,57.5,0.2,89.2,0.0
2014-07-04,725147.5,0,13.230920183330142,20.791717844753336,3.186896546276711,83.61155623223391,56.56640804700856,16.630156682703525,57.5,0.2,89.2,0.0
2014-07-05,656648.5,0,12.215863345380445,18.48019093017143,6.133017423518393,83.81138450621563,62.63503389647977,12.198635144817338,57.5,0.2,89.2,0.0
2014-07-06,632796.5,0,10.545108045951292,18.60208354796268,2.502287479140486,79.67180288530692,39.67761876184662,9.136509568022731,57.5,0.2,89.2,0.0
2014-07-07,741554.0,0,9.813796934982244,19.167342370058783,1.5690756567535158,79.82803734132693,46.78134279517857,8.353641342124552,57.5,0.2,89.2,0.0
2014-07-08,760780.5,0,9.912094989807208,18.63815927374592,3.1294767799524426,84.31618357749241,59.97316420602057,8.392831611258076,57.5,0.2,89.2,0.0
2014-07-09,723049.0,0,10.963149841323856,19.623859411485707,0.0390306555868337,78.20861104527096,52.78944533485744,18.036914439910216,57.5,0.2,89.2,0.0
2014-07-10,745718.5,0,11.53334771503648,19.995687671206603,1.737115804756178,77.48303972755453,39.94503413559428,13.078620974362744,57.5,0.2,89.2,0.0
2014-07-11,745937.0,0,11.063560479005991,21.130302779211373,1.502383207928324,82.06891009761527,45.27598796706932,9.08089411431616,57.5,0.2,89.2,0.0
2014-07-12,661083.5,0,11.952325775880489,23.0932719784347,1.5143821308680483,83.19885478901494,52.39062304451661,7.252773620764139,57.5,0.2,89.2,0.0
2014-07-13,626073.5,0,12.519218413956516,20.07981943596513,5.202219231617503,84.3503119798952,60.81505300842937,12.684484360312744,57.5,0.2,89.2,0.0
2014-07-14,722578.0,0,10.219338773383123,20.30388689859012,0.5422195534078551,80.20456354040937,54.82981946669965,13.40639962329322,57.5,0.2,89.2,0.0
2014-07-15,749683.5,0,13.460301597162,20.235033598354992,0.1541273992282932,79.12124705471162,55.74469062823557,9.405722864682824,57.5,0.2,89.2,0.0
2014-07-16,754066.0,0,11.965958560901912,22.85907442030405,0.9384668785831832,81.20176133654809,41.661836958202784,10.738107894860429,57.5,0.2,89.2,0.0
2014-07-17,766404.5,0,13.009672181995526,24.76019359300964,0.1535683230684157,78.3170673637828,42.72045033314983,7.538787293565496,57.5,0.2,89.2,0.0
2014-07-18,735986.0,0,14.785375716513704,24.675706306771257,1.4765634600693518,81.34665535657075,44.07872897544165,14.960145757813512,57.5,0.2,89.2,0.0
2014-07-19,687719.0,0,16.058932506763437,23.40167840253803,14.631698050804888,87.82339280318183,63.86436885509513,8.320289354990756,57.5,0.2,89.2,0.0
2014-07-20,651074.5,0,14.522887008373802,22.92217182240172,4.014800060313409,86.58358249290832,67.32744528703454,8.805968731566976,57.5,0.2,89.2,0.0
2014-07-21,753302.5,0,13.86326003070009,23.074355776945133,0.2458131325623806,81.52949268506295,45.09848396789448,9.665427763567504,57.5,0.2,89.2,0.0
2014-07-22,765156.5,0,13.627119006370403,24.1619910917858,0.0,77.7919377194598,26.68973501378996,8.47782512566113,57.5,0.2,89.2,0.0
2014-07-23,756408.5,0,13.726749678947275,25.08087298433843,0.3901737704780987,78.64351700626665,35.105098327083574,13.224948959194156,57.5,0.2,89.2,0.0
2014-07-24,759572.5,0,13.99842918977185,25.18046948013677,0.0,75.79145451144541,21.96660798116294,12.885113345196036,57.5,0.2,89.2,0.0
2014-07-25,749767.5,0,14.267667366020266,24.982404783249148,1.0490765047187314,76.66870790447419,36.66405718869196,10.047997612665965,57.5,0.2,89.2,0.0
2014-07-26,667077.5,0,14.147952672660962,25.76856668860701,0.8086726587492922,76.92694274086453,25.12863323436001,7.638726786529628,57.5,0.2,89.2,0.0
2014-07-27,628897.0,0,14.220288147124393,21.402978518542376,1.510845747105608,79.28026571953552,44.67869072019324,10.782685693625096,57.5,0.2,89.2,0.0
2014-07-28,733904.5,0,12.349600614223096,21.85071255817121,4.5387436275060615,77.22619824031389,46.516292872494304,8.21696606897464,57.5,0.2,89.2,0.0
2014-07-29,727634.0,0,12.625034637796222,21.994434717312554,0.1047839621901561,76.73219790924172,38.56237578646545,11.268493478996897,57.5,0.2,89.2,0.0
2014-07-30,721047.5,0,12.54839408788448,21.75147883719781,0.3209304846168844,75.91317506206528,38.41803887559382,12.107826291728555,57.5,0.2,89.2,0.0
2014-07-31,738657.0,0,12.955032902525614,22.253971467676266,1.267072587113289,78.18592487157277,44.83555366627089,11.152448655537167,57.5,0.2,89.2,0.0
2014-08-01,734547.5,0,13.54377951588962,20.800702895240303,5.275414465665738,84.91290693417331,68.36449482049692,10.651566559644994,54.8,0.3,89.5,0.0
2014-08-02,645399.5,0,12.838828905022732,20.14010189474585,8.53419845096825,85.69048279986005,62.26629001418459,13.28557018914511,54.8,0.3,89.5,0.0
2014-08-03,595859.5,0,11.20160254668634,20.466981513067456,0.8784701109319221,74.75776170929626,34.90721902077875,15.133155802590007,54.8,0.3,89.5,0.0
2014-08-04,708004.5,0,11.44207168198188,20.938670339522936,0.2324778115256391,73.4736233181767,39.94530628970745,9.294724202617646,54.8,0.3,89.5,0.0
2014-08-05,732670.0,0,11.408200850165809,20.810833820577813,3.593738840298307,79.55209750450507,44.72448061131684,10.496463026134908,54.8,0.3,89.5,0.0
2014-08-06,736557.5,0,14.48541078766656,21.94026435430845,10.028918074143448,83.73307147630652,57.93336591601511,12.003504349179474,54.8,0.3,89.5,0.0
2014-08-07,733003.5,0,12.495326125762183,21.65530081834944,0.3197650610793125,75.63021701455267,33.57770046032924,7.309020945324776,54.8,0.3,89.5,0.0
2014-08-08,733739.5,0,12.371632957257637,21.294388704673047,10.56145558131381,80.49659338657207,51.58770096376057,8.466528978097111,54.8,0.3,89.5,0.0
2014-08-09,625088.0,0,12.031548393703703,20.308599744190506,4.28743621666504,76.80143829530162,41.09049589890952,14.528711582780709,54.8,0.3,89.5,0.0
2014-08-10,618921.0,0,11.9139412888432,18.04263024487539,18.851205170946592,86.7989318650268,66.30220902468571,18.595380458234377,54.8,0.3,89.5,0.0
2014-08-11,671943.0,0,11.300069887209254,18.38025280489313,2.021766610897868,76.11111360914403,37.44383121748749,23.17479121737931,54.8,0.3,89.5,0.0
2014-08-12,697841.5,0,11.128029193607516,17.815423574453373,2.294270920798635,76.38781569262439,47.59150927727424,19.15519066585462,54.8,0.3,89.5,0.0
2014-08-13,715017.5,0,10.876611656396012,19.504135098223816,1.3409636828085147,80.3540550594049,45.85474640154174,15.960744635167806,54.8,0.3,89.5,0.0
2014-08-14,749001.0,0,10.718966178881258,18.367567918356347,6.952286532517483,80.62045536438961,57.169023978206525,10.23655664714984,54.8,0.3,89.5,0.0
2014-08-15,730365.5,0,10.542784947046894,19.019753348156385,1.2385084946505964,81.01433426954758,53.66440857637981,10.365914002004876,54.8,0.3,89.5,0.0
2014-08-16,620866.0,0,10.304265148242392,17.410423370376208,0.4353592581819577,77.74940371971206,60.9412005122091,16.160985811965265,54.8,0.3,89.5,0.0
2014-08-17,582437.0,0,11.166907784044067,16.990679927953384,1.7351267054888646,76.63235868762646,59.60903023944153,22.04197042098169,54.8,0.3,89.5,0.0
2014-08-18,714480.0,0,9.53649895539537,17.524130465303315,1.0370481411889438,75.62765200429595,49.50959135022617,15.202482567998882,54.8,0.3,89.5,0.0
2014-08-19,737393.0,0,7.985121775672969,16.208027074155495,1.210208055134766,74.43626448794211,46.16426352484541,13.03582322639116,54.8,0.3,89.5,0.0
2014-08-20,747818.5,0,7.163136551720408,16.535251917895085,0.5980695237429031,73.88576241201017,31.91297401224807,9.877819369086833,54.8,0.3,89.5,0.0
2014-08-21,741638.0,0,8.249326775858606,16.125762707676177,3.067878012689174,77.9148294240672,50.33391099875119,13.927935650043556,54.8,0.3,89.5,0.0
2014-08-22,728698.5,0,9.3893111418265,17.16053536694181,0.884809841879536,76.54629877782365,53.36494057850713,11.727636000834996,54.8,0.3,89.5,0.0
2014-08-23,642989.0,0,7.595100051904446,16.441100240860234,1.522836740540962,76.42927987007415,32.19851875321637,11.620080172821396,54.8,0.3,89.5,0.0
2014-08-24,625890.5,0,7.190839181906273,17.453567204332142,0.1585984840754652,73.05300813739262,31.743176430980487,7.877252716869486,54.8,0.3,89.5,0.0
2014-08-25,665470.0,1,10.775864122348931,15.028870111399089,14.345056069279526,91.7676991762413,86.23514651695598,13.910744699710284,54.8,0.3,89.5,0.0
2014-08-26,739551.0,0,10.488342952416335,16.484987250709292,4.843621353011946,86.5539074138776,62.374873358438926,15.685478191527158,54.8,0.3,89.5,0.0
2014-08-27,746092.0,0,9.442820052007711,18.031008188534848,0.9216999508124852,82.21984427928673,57.45685012671225,13.441953354106586,54.8,0.3,89.5,0.0
2014-08-28,742520.0,0,12.761647074234176,20.28143029633726,1.8744580214497395,82.2689608433698,50.05008394824898,14.541705627784394,54.8,0.3,89.5,0.0
2014-08-29,718775.0,0,12.367971401043842,18.6180724561228,2.75922059518491,84.56492252505416,68.67581034309798,18.926814823821164,54.8,0.3,89.5,0.0
2014-08-30,644378.5,0,12.18201196851114,18.22949075186208,0.7103287388104859,82.12919725877649,57.96296108531188,16.254371000978832,54.8,0.3,89.5,0.0
2014-08-31,631718.5,0,10.722913197252383,19.19105988644458,0.1426983848275756,81.20978175360804,47.04123551267258,10.784100433995912,54.8,0.3,89.5,0.0
2014-09-01,766512.0,0,11.439541678335535,17.933370787435436,0.9727980457890152,87.01426053745074,58.24639510286104,9.254723495109156,52.2,-0.8,88.9,0.0
2014-09-02,773334.5,0,10.82223162254379,20.05836689951953,0.0195153277934168,80.84830171223201,40.08874456951889,6.964452031907834,52.2,-0.8,88.9,0.0
2014-09-03,781972.0,0,13.00171246559886,20.39684902703137,0.2206567415293837,81.2225776224715,50.48441196209377,9.143730088645713,52.2,-0.8,88.9,0.0
2014-09-04,784146.5,0,12.070544866365108,20.57743333130896,0.0748632805920893,82.32681993189723,50.60987445504635,8.024977815828471,52.2,-0.8,88.9,0.0
2014-09-05,770248.5,0,12.77596798963583,20.22025758165115,0.3946327413169468,81.90392220639873,54.92362985233419,5.734130172710752,52.2,-0.8,88.9,0.0
2014-09-06,686167.5,0,11.647980272253694,18.93511537060045,0.9495039280551766,83.20704340069764,62.51107419827793,6.165681369402047,52.2,-0.8,88.9,0.0
2014-09-07,643808.0,0,10.049191264317058,18.750573936296945,0.284140802242095,79.1505908925278,30.118231245984536,8.10050113545585,52.2,-0.8,88.9,0.0
2014-09-08,753446.0,0,8.741103065361983,18.8993345271028,0.0,77.6875034268982,26.37723854825896,6.366240602307941,52.2,-0.8,88.9,0.0
2014-09-09,771763.5,0,8.487174303291617,19.010131662965826,0.0,78.62527599592731,25.16690019261934,5.156445202576093,52.2,-0.8,88.9,0.0
2014-09-10,771792.0,0,9.454238953216908,19.48516062409748,0.0,78.85699060495111,16.660817217793856,7.371239693795735,52.2,-0.8,88.9,0.0
2014-09-11,776233.5,0,9.86680232163594,18.876991304468625,0.0,82.24443225855151,30.490847630823914,8.013293860178619,52.2,-0.8,88.9,0.0
2014-09-12,761530.5,0,9.9953002780367,19.70620480950872,0.0668641256682605,81.98824294231083,44.94654573578301,8.772104615242007,52.2,-0.8,88.9,0.0
2014-09-13,678217.5,0,11.130507609373682,17.696570600004083,0.0691618209608887,80.70753103448192,63.39265751560883,13.368836085834364,52.2,-0.8,88.9,0.0
2014-09-14,650188.5,0,10.323182471541683,18.454066686271187,0.0871162611636971,85.83654403985258,66.21084275510076,12.551972415036897,52.2,-0.8,88.9,0.0
2014-09-15,770155.5,0,11.68720668517458,19.100648568915016,0.3630989019419049,87.7236307098271,69.29325091299944,8.43649100130339,52.2,-0.8,88.9,0.0
2014-09-16,779751.5,0,12.33618175677985,20.76493370012311,0.2640265463824371,85.82196991816505,48.67937182773724,8.810289005231997,52.2,-0.8,88.9,0.0
2014-09-17,784364.0,0,12.966400384894454,20.21240927786434,0.0421251462040786,87.79638578723014,63.10750128962017,10.941401085641353,52.2,-0.8,88.9,0.0
2014-09-18,786946.0,0,14.277757660331504,22.181084108929014,0.6289346569499709,86.62890823141564,54.22725452405886,10.811945088366642,52.2,-0.8,88.9,0.0
2014-09-19,790390.5,0,13.900684632792643,20.453285199807528,3.919995659057375,87.93096189313782,68.29249249278784,6.616768774914933,52.2,-0.8,88.9,0.0
2014-09-20,699587.0,0,12.069613134234338,18.03429290888397,0.945845090309064,88.57852803319524,77.18168933296026,8.457037084755214,52.2,-0.8,88.9,0.0
2014-09-21,653802.0,0,8.700469826207392,17.198200712475188,0.0219630751257225,79.6484727313565,32.89052180503057,10.956417661378936,52.2,-0.8,88.9,0.0
2014-09-22,763782.5,0,7.365890428633354,18.005425379183983,0.0114087926278475,79.348565767801,25.340513279276653,7.961757660085629,52.2,-0.8,88.9,0.0
2014-09-23,782568.5,0,8.61240047857325,17.325111031501894,1.2742044417395342,80.98213181467138,40.05455436001032,10.030033873736228,52.2,-0.8,88.9,0.0
2014-09-24,771445.5,0,8.984969101979328,16.309200173637706,1.8587836364657868,80.13356600076861,39.18762081737085,14.5996813230544,52.2,-0.8,88.9,0.0
2014-09-25,773354.5,0,7.911188536813431,18.323424075548875,0.2455160942507036,84.38729272951736,50.25409488211347,13.99897274500263,52.2,-0.8,88.9,0.0
2014-09-26,752310.5,0,10.782791942836756,18.550300073344843,0.1297704021229926,81.1006288834594,44.87606805506346,13.27513967914152,52.2,-0.8,88.9,0.0
2014-09-27,687664.5,0,9.518002064867526,18.708565773333213,0.0,80.77846080452137,30.12557857720841,7.657970341317832,52.2,-0.8,88.9,0.0
2014-09-28,672606.5,0,12.46633934615151,20.7743765258149,0.0806309761723926,84.24166077383603,45.0404226770056,7.227655978268486,52.2,-0.8,88.9,0.0
2014-09-29,790078.0,0,11.76514172667478,20.119759750155456,1.9654324075524283,86.25805686819245,58.67891617321381,5.888251369714309,52.2,-0.8,88.9,0.0
2014-09-30,778414.0,0,11.576138455539084,19.65970195451833,0.1022714464817465,85.62093299408987,59.12812894246967,11.582691422538332,52.2,-0.8,88.9,0.0
2014-10-01,785740.0,0,11.263588404384562,18.41578445295886,0.0940628081903297,85.71234476612142,60.5941457913756,11.652718289420273,51.5,1.1,89.8,0.0
2014-10-02,783776.0,0,9.05128542183365,17.8178549510473,0.2734735980697742,84.26622285927355,35.56185033386287,8.499500871507852,51.5,1.1,89.8,0.0
2014-10-03,748641.5,0,11.055028147896444,18.61989508958373,1.8299913033621835,85.37974208948955,55.42549025851168,15.460683012469117,51.5,1.1,89.8,0.0
2014-10-04,690886.0,0,7.457050807715297,14.890981593346002,7.995780772193576,86.38302032485643,51.28063499470998,15.892126438590353,51.5,1.1,89.8,0.0
2014-10-05,666404.5,0,5.70451559456899,14.781239911396089,0.0463632173404614,77.19057401989483,27.43224324572194,11.397947478528254,51.5,1.1,89.8,0.0
2014-10-06,791479.5,0,7.641967679463125,12.519541771768456,12.57284623289532,87.26422468564125,63.88763546543978,18.093516379282576,51.5,1.1,89.8,0.0
2014-10-07,811575.0,0,6.782103074828212,12.385182835930072,3.1059125872952373,83.22193771454226,37.627812361617856,14.520317249634813,51.5,1.1,89.8,0.0
2014-10-08,820117.0,0,6.741179179383583,14.737779312181267,4.36008196833165,87.04581695286235,46.66968252661793,16.340464810949552,51.5,1.1,89.8,0.0
2014-10-09,804877.5,0,9.3790115454813,14.8774847317086,1.353379056863521,82.34493198021976,49.45833720075956,20.865865656615824,51.5,1.1,89.8,0.0
2014-10-10,797151.0,0,8.02133631388445,15.6217071042704,1.084482205823379,83.70341061198808,33.61171689690095,14.396389069676124,51.5,1.1,89.8,0.0
2014-10-11,730045.5,0,7.261623716004248,15.249572805635678,1.881828523423018,85.25391175051739,44.83494833466885,8.999868594589397,51.5,1.1,89.8,0.0
2014-10-12,718591.5,0,5.182966044632906,13.702546495786052,2.1288298076953813,86.02287628202875,41.437010721919286,9.601242959030404,51.5,1.1,89.8,0.0
2014-10-13,814372.5,0,9.375280052883031,12.657934566344627,11.985629194800016,91.4194010599473,87.58824295153119,19.424148266733283,51.5,1.1,89.8,0.0
2014-10-14,840323.0,0,9.35839743118481,12.589167614723946,2.5272978720160784,91.77939501078043,83.98796593214459,13.493651463614391,51.5,1.1,89.8,0.0
2014-10-15,844013.0,0,9.40639226237734,14.045121553769786,6.880948108708711,91.620410399797,80.60885453023035,12.240585665201818,51.5,1.1,89.8,0.0
2014-10-16,829182.5,0,10.059306192340516,15.716537860371384,2.907306422050268,91.1266735249708,71.90472669764542,11.271217832336593,51.5,1.1,89.8,0.0
2014-10-17,797010.5,0,11.422507243510038,17.017862145996805,3.176520992655927,90.11201443772192,64.7926588433398,16.16565321658808,51.5,1.1,89.8,0.0
2014-10-18,683354.0,0,14.275011777465403,18.153883496279526,1.470329139281191,90.53214402856688,68.95232130400883,21.521034577802453,51.5,1.1,89.8,0.0
2014-10-19,646732.0,0,11.74612695960182,16.80398455750538,1.021237768278491,86.67400121745553,60.35034658695691,23.03086441248273,51.5,1.1,89.8,0.0
2014-10-20,789715.0,0,10.183516023376916,14.20469814220933,0.5976689700545033,89.07494295981721,68.92412142013612,17.131644110197737,51.5,1.1,89.8,0.0
2014-10-21,781267.0,0,6.552151689451596,12.41507709814071,4.487147983791354,78.11285960609665,59.15975160612418,29.485107391920856,51.5,1.1,89.8,0.0
2014-10-22,837699.0,0,6.47126450576813,11.997705760803363,0.4723328820072538,84.48008222219873,58.23185812383255,17.682494884547644,51.5,1.1,89.8,0.0
2014-10-23,829152.0,0,8.503969085751505,14.733333564866664,0.3647947248019406,93.21565087769164,71.8990837334762,16.094679742071047,51.5,1.1,89.8,0.0
2014-10-24,819621.5,0,8.82817500121094,14.8789275480571,2.4671021690821124,92.64267532625917,72.9752333917453,13.06418136227164,51.5,1.1,89.8,0.0
2014-10-25,706809.5,0,7.289194863943228,13.710832720282246,0.3042440459257223,87.7551992192696,47.50771211915943,16.917123156144356,51.5,1.1,89.8,0.0
2014-10-26,704511.0,0,10.091911684253777,14.202034397329392,0.8438384385613396,86.49086654791671,52.92302558107285,21.227686482272706,51.5,1.1,89.8,0.0
2014-10-27,787511.5,0,11.279917943152952,16.17947392778963,0.216271699488258,90.13555318681249,48.3821251667962,19.3494845146,51.5,1.1,89.8,0.0
2014-10-28,801601.5,0,9.866585382075485,16.97235648765001,3.45986169561325,88.09007419065577,39.27388326761475,18.45216999800103,51.5,1.1,89.8,0.0
2014-10-29,847103.0,0,8.221565058571377,12.068461266153752,1.5844546139142763,89.39733314171389,71.33919519894943,10.39512226988394,51.5,1.1,89.8,0.0
2014-10-30,830676.0,0,10.519273121389771,16.61326411839033,1.2449776332654634,93.84958504719224,72.98792485546788,13.24579762392709,51.5,1.1,89.8,0.0
2014-10-31,771857.5,0,13.251867044832313,18.28143029633726,0.2093362506942926,87.74915209625361,37.25671206420612,17.785282468001068,51.5,1.1,89.8,0.0
2014-11-01,681631.0,0,11.126188903168826,15.46646571110197,2.034460768500517,84.26916018742152,44.93324104168854,20.08551400338178,53.3,0.6,90.4,0.0
2014-11-02,690984.0,0,8.141089194876237,13.983223227964768,4.121968762547365,88.09381080055047,63.13268352069503,19.07762757343152,53.3,0.6,90.4,0.0
2014-11-03,841027.0,0,5.85436753719921,10.18428410959288,4.742573834750114,86.47998808238522,53.338821728513935,15.121362462808166,53.3,0.6,90.4,0.0
2014-11-04,882785.0,0,4.04710869371189,10.28787956508943,0.7842440655958107,86.49965903131208,43.49799638635889,8.221882530724063,53.3,0.6,90.4,0.0
2014-11-05,884424.5,0,2.962056614694195,9.664899760000337,1.0698387378540275,86.39822892983163,35.726091192004894,12.203167348317187,53.3,0.6,90.4,0.0
2014-11-06,881820.5,0,2.007305916467528,9.883730384311727,2.038986542340234,86.93720611658608,60.68639437199432,18.817513767217783,53.3,0.6,90.4,0.0
2014-11-07,847442.0,0,7.128029193607516,11.936327847140792,11.971097396073704,91.11699238386473,74.15440172627154,21.02027514335192,53.3,0.6,90.4,0.0
2014-11-08,777862.5,0,6.40309613952387,11.226373918790564,5.96835932745755,91.04272048140574,65.66060032433516,18.781743588596168,53.3,0.6,90.4,0.0
2014-11-09,778434.0,0,5.587127964866272,10.993307959329142,1.159283656258813,90.82614936629122,41.89243761016786,9.082620548751208,53.3,0.6,90.4,0.0
2014-11-10,885851.5,0,5.662003539263586,10.519542893578183,1.4448697044126646,90.7136990363378,67.77564197328851,14.345549467321714,53.3,0.6,90.4,0.0
2014-11-11,866284.5,0,8.97579409683437,11.379626297211592,3.945142623815215,89.48284152067978,77.7685362921736,22.16379015187521,53.3,0.6,90.4,0.0
2014-11-12,860198.5,0,7.8890062708241695,11.791026149169593,2.015046930679412,90.25616981519214,65.38281984362771,18.656973467386624,53.3,0.6,90.4,0.0
2014-11-13,863415.0,0,8.01748941318963,11.763735038746386,0.5008060018480047,91.84212299939834,76.74434179151231,21.45865176850076,53.3,0.6,90.4,0.0
2014-11-14,857576.0,0,7.277036244473627,11.781239911396089,7.930897548897995,91.08754182045192,56.14246101449956,17.595062402125944,53.3,0.6,90.4,0.0
2014-11-15,806643.0,0,6.366135720782112,10.496591680806592,0.2783406786770587,93.6125139042937,62.03052004763112,9.021179706173138,53.3,0.6,90.4,0.0
2014-11-16,789107.0,0,6.605102261101244,10.327135498510112,2.49872721312467,93.57238663206044,82.82989296828764,9.929760481022177,53.3,0.6,90.4,0.0
2014-11-17,889330.5,0,6.724593391612527,9.443829342682198,5.080131580289981,93.97978282193972,86.99459555101942,14.68039210600014,53.3,0.6,90.4,0.0
2014-11-18,899839.0,0,6.373955333900979,10.51506338440098,0.0572133487243578,92.96730739110946,62.96401171390643,12.526801309855772,53.3,0.6,90.4,0.0
2014-11-19,910671.0,0,6.564056411108781,10.47330981077621,0.2272273332351468,93.41074297857756,70.91856541927162,12.427593267568032,53.3,0.6,90.4,0.0
2014-11-20,924456.0,0,6.234161829259207,9.478538150996942,0.0122054112290141,92.712694939796,72.4874184889979,10.227986927505151,53.3,0.6,90.4,0.0
2014-11-21,901575.0,0,5.487923380211252,8.493744112804023,6.2650920074529965,92.7911591066731,84.40874697172843,16.28047583603408,53.3,0.6,90.4,0.0
2014-11-22,814149.0,0,7.852168467422277,12.95140232670099,3.0614991843674924,95.30366643992792,84.1861535209827,12.190576693797455,53.3,0.6,90.4,0.0
2014-11-23,810807.0,0,4.149117310931725,9.621124055190334,6.916374709282241,93.26557263991518,67.02067879507923,11.71089043969778,53.3,0.6,90.4,0.0
2014-11-24,936667.5,0,2.2038480870470254,7.3055679996184,0.0,90.57329786427098,36.393617246881,9.48415978541409,53.3,0.6,90.4,0.0
2014-11-25,971246.5,0,1.3968225953501383,6.739032757827527,2.84886519111089,91.48327898037148,61.34797744775194,10.08364194882384,53.3,0.6,90.4,0.0
2014-11-26,965991.5,0,5.415536778885341,7.6914296533712445,3.5318145407563,96.40794229607468,95.70887972638415,8.201339213378414,53.3,0.6,90.4,0.0
2014-11-27,947079.0,0,6.106433941450507,8.790034976490556,1.4817146489786677,95.20171171567674,83.07147890358436,8.617808200779477,53.3,0.6,90.4,0.0
2014-11-28,903329.0,0,7.125742991486048,10.275155768659108,0.1173811708447983,94.22808804405312,78.5357345112192,15.72917440151912,53.3,0.6,90.4,0.0
2014-11-29,814661.0,0,6.734242491988742,10.618433340775184,1.3396909681592903,92.98830995891656,55.51637690065302,11.59652862280614,53.3,0.6,90.4,0.0
2014-11-30,795450.5,0,5.6333099208057655,9.9691526144375,0.0739572732487535,93.86675746461412,54.8650641466169,12.304703068951774,53.3,0.6,90.4,0.0
2014-12-01,934154.5,0,5.1557543368242005,8.279644421353947,0.1296755477320511,90.62874409374862,72.07170338846777,9.754319382364145,53.3,2.5,92.6,0.0
2014-12-02,931293.5,0,2.5885837050775136,7.117200195274802,0.3991768052653875,85.12910499376827,57.16824319863667,17.94403518708344,53.3,2.5,92.6,0.0
2014-12-03,962722.0,0,2.059088515151746,6.20600120872693,0.0097576638967084,86.4123613043629,30.70704366194101,14.682932451810128,53.3,2.5,92.6,0.0
2014-12-04,992744.0,0,1.863730975643759,5.030219202849999,0.0,89.47868178874374,62.82036563805218,8.159927023357492,53.3,2.5,92.6,0.0
2014-12-05,953832.0,0,0.8905100337120727,5.794709450051376,0.2794521554605763,87.72252886216653,38.32591888817776,13.322348567365996,53.3,2.5,92.6,0.0
2014-12-06,867650.5,0,-0.0467605024133969,5.708112685141633,0.7834746009369354,87.44565420439532,33.89095317928867,13.590093491929975,53.3,2.5,92.6,0.0
2014-12-07,811952.5,0,2.150740354464827,8.561751722177705,2.919617930355101,87.01669054635883,56.1141714934195,21.79258203779165,53.3,2.5,92.6,0.0
2014-12-08,956559.5,0,0.9936787865965068,5.112004003354733,0.7679886799870866,85.01369122669801,35.48911391230927,18.702350609367045,53.3,2.5,92.6,0.0
2014-12-09,978558.5,0,0.2458113161526585,9.644933145057804,3.296508488626632,89.01768983294932,63.00733831064429,22.927388007122538,53.3,2.5,92.6,0.0
2014-12-10,931678.0,0,3.763945355019278,8.393058078517583,1.81951686451907,81.97437182650785,43.69411435918909,27.009302707046736,53.3,2.5,92.6,0.0
2014-12-11,945957.5,0,3.756367760823528,5.983843035522458,3.184467900444273,85.06349928659048,63.82703190783384,27.253792992358907,53.3,2.5,92.6,0.0
2014-12-12,954268.0,0,1.7318187836558283,6.58960601181828,8.619852076632696,89.23270994622935,61.50781501830917,20.26185666824601,53.3,2.5,92.6,0.0
2014-12-13,884808.5,0,-0.3143153801158519,4.339418254677978,0.1330902766081588,87.28276283725289,21.054946440193465,12.25052291700526,53.3,2.5,92.6,0.0
2014-12-14,826815.0,0,1.1649477980442522,7.659328361144789,1.7510380289809249,90.63920309464582,70.35447394008344,23.08606614890896,53.3,2.5,92.6,0.0
2014-12-15,953081.0,0,3.0194795651140165,6.833985468476348,0.8691536440436882,89.13774243691249,58.43349455531954,15.55000237885131,53.3,2.5,92.6,0.0
2014-12-16,961103.0,0,2.425259826499986,6.27245254529714,4.314521060087449,89.76559072717612,47.00878586010781,16.357169080268466,53.3,2.5,92.6,0.0
2014-12-17,920245.5,0,6.214219832661641,10.822919184335529,5.134830398658599,94.7135229736797,82.50301311945718,21.482458245934623,53.3,2.5,92.6,0.0
2014-12-18,887945.5,0,9.492005507501805,11.962249396927383,2.3517624168662152,93.46927206412252,83.51524067643959,26.584555532224645,53.3,2.5,92.6,0.0
2014-12-19,865836.5,0,4.542984813585343,10.17958739961186,2.395333506655497,84.24849935666518,39.082654018635935,25.739234975556226,53.3,2.5,92.6,0.0
2014-12-20,807321.0,0,4.567565139956367,7.858593901559567,0.2665754655848446,86.17637496683746,46.34116551174562,23.89128887700761,53.3,2.5,92.6,0.0
2014-12-21,775601.0,0,4.727097947082053,10.954757398350516,1.518924175558981,91.5599748216722,61.89301269900905,25.06297091420916,53.3,2.5,92.6,0.0
2014-12-22,843246.5,0,9.456952995127471,11.413856169609272,1.637890428203071,91.1815541625718,79.82584617031985,30.604718571440163,53.3,2.5,92.6,0.0
2014-12-23,837339.5,0,8.434147586885853,10.623226495658196,2.274212704713371,91.1684363189495,76.48233115872311,26.35931922070061,53.3,2.5,92.6,0.0
2014-12-24,777956.0,0,3.807993167840684,9.497842590855525,1.0365488682445847,84.83005584583961,37.77521129055695,22.67704272023553,53.3,2.5,92.6,0.0
2014-12-25,726637.0,1,1.6878513262188264,6.035862935382038,0.7757978986936357,88.66110440108392,38.3081616544413,16.259815512397196,53.3,2.5,92.6,0.0
2014-12-26,759366.5,1,0.5810567306247786,4.823366448336881,8.16796699371467,92.59890052811728,73.64355557808054,13.498730280429074,53.3,2.5,92.6,0.0
2014-12-27,799735.5,0,-0.0598866289869732,4.646380218136362,2.198080153274246,89.75637307789428,57.86978982387649,19.10242711371696,53.3,2.5,92.6,0.0
2014-12-28,811239.5,0,-0.8421151006284839,3.8181955970228336,0.0081369408193427,86.5849789308766,13.960985455444916,12.43263297471484,53.3,2.5,92.6,0.0
2014-12-29,885743.0,0,-0.8473434408492168,3.825718176440201,0.0,90.52987609811342,16.98695267671792,13.093022398821368,53.3,2.5,92.6,0.0
2014-12-30,879549.0,0,-0.4274027750560659,4.455186375316596,0.0,93.22055970191457,32.74737920660207,13.602929546169262,53.3,2.5,92.6,0.0
2014-12-31,828560.5,0,0.0258850525523291,5.985022180483387,0.2329079840642778,93.48948154318728,52.02771427856632,19.23460551268979,53.3,2.5,92.6,0.0
2015-01-01,721248.5,1,5.5175683855209465,10.884717284893446,4.453807482145092,94.07084866165948,80.53683732701694,30.04847395151668,52.7,-1.1,91.6,0.0
2015-01-02,782476.0,0,3.16229076865542,10.822463068794413,0.8667234169205543,81.6240772269798,37.37742513748777,25.58408781440485,52.7,-1.1,91.6,0.0
2015-01-03,826992.0,0,1.135116587687164,5.315068805969085,7.200047242020029,92.51731516386782,67.1577209000098,13.837420434492582,52.7,-1.1,91.6,0.0
2015-01-04,842324.0,0,-0.0459687198878608,4.679395923595476,0.0,88.55720147751869,22.26423373695535,10.552281342994952,52.7,-1.1,91.6,0.0
2015-01-05,942246.0,0,3.4473782569056146,7.725158368798913,0.0,95.18201617913942,68.91591903939157,14.254988672487864,52.7,-1.1,91.6,0.0
2015-01-06,933221.5,0,2.561929890149933,7.915886844989131,1.0977605158751136,91.53612712925631,55.234529721380575,18.68687263175209,52.7,-1.1,91.6,0.0
2015-01-07,937154.0,0,2.4278280177788094,9.210598876739605,2.856652559115377,91.44033607329467,62.80546892691554,25.23506680699636,52.7,-1.1,91.6,0.0
2015-01-08,924199.0,0,4.534393364639918,9.05104240403886,7.574016378790826,91.41995240637712,61.75408991848961,21.66084912021841,52.7,-1.1,91.6,0.0
2015-01-09,889859.0,0,6.401360361796852,12.429136078654782,2.713326620096093,91.07873509160974,65.82318714318767,32.965386560879296,52.7,-1.1,91.6,0.0
2015-01-10,793835.5,0,3.001899408274567,11.968942298164608,2.266479573904088,81.20932643716426,51.369587129762834,34.05547730207035,52.7,-1.1,91.6,0.0
2015-01-11,797251.0,0,2.585481532368729,6.592487710497607,1.964234949431891,81.87840264867575,51.042282898776,27.353905336224507,52.7,-1.1,91.6,0.0
2015-01-12,910123.0,0,4.893274956609014,9.837314400422514,5.698074249174287,88.77438798978828,73.76955474173297,28.138323964634164,52.7,-1.1,91.6,0.0
2015-01-13,934967.0,0,1.5372763849033055,7.589469996230719,5.7108876858854085,87.18448065680393,58.90887362865677,20.65103515991413,52.7,-1.1,91.6,0.0
2015-01-14,949193.0,0,0.7088675708842369,8.385255984071163,4.024542269360223,78.70373424641063,52.24075362931571,28.7086050213064,52.7,-1.1,91.6,0.0
2015-01-15,923024.5,0,3.9486517107198784,9.326037661703491,7.120855653761204,76.28334917492585,49.46882948713441,37.14579537108728,52.7,-1.1,91.6,0.0
2015-01-16,950562.5,0,0.365857327562785,5.124062382209979,0.864604765533776,78.78897239217042,36.89395457352913,20.456385313303937,52.7,-1.1,91.6,0.0
2015-01-17,891574.0,0,-0.5819791501980901,4.791887622203498,1.1699669069204042,80.72679484331422,58.84570524520117,17.49044516237535,52.7,-1.1,91.6,0.0
2015-01-18,875322.0,0,-0.8992789437359251,3.7362427248334127,1.0873375634882836,83.53252444500231,43.72617449790256,13.480005355181556,52.7,-1.1,91.6,0.0
2015-01-19,1005880.5,0,-1.462889719772545,3.2098565921473563,0.0610270561450708,84.48878288623632,37.78886108713136,9.158192582581792,52.7,-1.1,91.6,0.0
2015-01-20,1025064.5,0,-2.279649200570728,2.741637169729996,1.1163564775690915,81.77219638849802,66.75672079280783,12.89167225932356,52.7,-1.1,91.6,0.0
2015-01-21,1029643.5,0,0.4383160474235995,3.22922345380197,1.740870959856054,90.52977310676016,92.1725343359833,14.892744463546286,52.7,-1.1,91.6,0.0
2015-01-22,1022215.5,0,-1.2092656750319457,3.2314172218754003,0.0431652051995911,88.04632951233671,46.56767758217241,8.379203789860512,52.7,-1.1,91.6,0.0
2015-01-23,987426.5,0,-1.1189642026520688,6.761251244440434,2.8626387325185165,87.20856827819603,49.89163371824418,19.13860394068092,52.7,-1.1,91.6,0.0
2015-01-24,863253.5,0,1.6272351059935004,6.034070175867801,1.7677182516168195,82.49931011775253,30.82931585096859,21.305628930790547,52.7,-1.1,91.6,0.0
2015-01-25,845989.0,0,1.521794657677764,7.838405813715903,0.224589841776268,89.60626775993838,68.56843944464947,18.815659323535822,52.7,-1.1,91.6,0.0
2015-01-26,937114.0,0,3.262139548704245,8.335718910380372,0.6799227577144242,85.15530615078745,58.83034104675359,21.856099027461656,52.7,-1.1,91.6,0.0
2015-01-27,963957.5,0,2.6082498440530806,7.661348217976051,0.0827950086044342,87.37898469888414,69.16321558552075,18.42990030768936,52.7,-1.1,91.6,0.0
2015-01-28,932432.0,0,1.565823015552401,9.632553052687069,2.8579608489634727,78.56656328703404,71.75293334802853,33.252823057228404,52.7,-1.1,91.6,0.0
2015-01-29,976975.5,0,0.1198736829953807,3.912283530677593,2.6098122499286345,77.06920253650706,59.904019573336114,26.27497308271346,52.7,-1.1,91.6,0.0
2015-01-30,967808.5,0,-0.1981158237501072,4.961981929827451,1.797481606315967,83.09210365202237,47.31709072201272,19.45913760431601,52.7,-1.1,91.6,0.0
2015-01-31,867992.5,0,0.3594406834962304,3.742433485596209,1.8860341619644911,82.73508372634579,70.73753014748387,25.74962304119728,52.7,-1.1,91.6,0.0
2015-02-01,850726.0,0,-1.8326369148794133,3.228232281122936,0.9411218702738002,77.38159783938832,46.32103065607858,26.571589148282715,53.1,0.1,91.8,0.0
2015-02-02,1015247.5,0,-2.435471768013928,2.528670383165945,0.1375304794166048,74.71397994978719,61.86819196727684,14.420602733306303,53.1,0.1,91.8,0.0
2015-02-03,1017467.5,0,-1.9331826153792064,3.583331284365796,0.5315568887231137,82.83579158213651,53.781300489121335,14.96364654178947,53.1,0.1,91.8,0.0
2015-02-04,1005126.0,0,-1.5148384384998703,3.5646117069235514,0.2212181489020771,83.91276595496188,35.14333773185194,17.41033500865115,53.1,0.1,91.8,0.0
2015-02-05,1017073.0,0,-0.5994289773348949,4.665133741848285,0.6125705034362415,85.2041719980802,62.48584475899101,15.734457771885491,53.1,0.1,91.8,0.0
2015-02-06,988980.0,0,-1.5076866863498684,4.431047073840774,0.0040684704096713,80.51534434395215,26.4141064561164,16.638155677807887,53.1,0.1,91.8,0.0
2015-02-07,907558.5,0,-0.1322209816406771,5.874041467373839,0.0,87.20650562355533,35.29702028588506,13.866157342512052,53.1,0.1,91.8,0.0
2015-02-08,850594.5,0,0.4728739339119454,6.90426048581676,0.0,86.09101581929976,25.907562617267534,14.478704224938278,53.1,0.1,91.8,0.0
2015-02-09,956614.0,0,1.3878917912787254,7.054973256056113,0.0,91.05167627263629,45.06172423015577,13.278318380787832,53.1,0.1,91.8,0.0
2015-02-10,995188.0,0,0.742366714866579,6.135262515155189,0.0,89.2804317781096,50.14528341093593,8.1579862617956,53.1,0.1,91.8,0.0
2015-02-11,1001646.5,0,1.5386569638628511,5.103866672207075,0.0,84.64934854204076,82.22292335500894,8.916251171906984,53.1,0.1,91.8,0.0
2015-02-12,993793.5,0,1.5693395509663053,5.035942629974412,0.0,80.99960951801152,77.9966542870097,9.416575574692368,53.1,0.1,91.8,0.0
2015-02-13,946747.5,0,1.746594954032233,7.435659678826798,3.914999966806726,88.77544456551111,89.22000056428566,23.484637338278063,53.1,0.1,91.8,0.0
2015-02-14,858665.0,0,3.853991116250468,7.745662576476689,1.524028176233665,92.71220394058255,83.75579210339386,14.248079354176909,53.1,0.1,91.8,0.0
2015-02-15,816189.0,0,3.3855278923082333,8.07516775204575,0.1746809880482084,89.68468714662994,65.78713787982018,12.660587262167118,53.1,0.1,91.8,0.0
2015-02-16,938671.0,0,2.481020608351576,7.599658395107656,6.675677500848887,87.9348260973635,65.72851528451922,17.63080430499554,53.1,0.1,91.8,0.0
2015-02-17,921509.0,0,1.2168647987540966,7.488688162467062,0.0723032247388734,79.03323702468768,19.20983719866961,17.304657151589257,53.1,0.1,91.8,0.0
2015-02-18,903506.5,0,2.171185889957166,9.229856046917094,0.2983659135563544,84.88935951795006,41.01216748637662,21.01415628598243,53.1,0.1,91.8,0.0
2015-02-19,925469.0,0,4.083070379084401,8.259381587174513,7.176216422851824,87.12194162397233,75.34586114601869,25.24717840266097,53.1,0.1,91.8,0.0
2015-02-20,930244.5,0,1.6582385614133353,6.503083378554047,1.7654220899763935,85.5322281950309,67.83402562311767,13.80067850740419,53.1,0.1,91.8,0.0
2015-02-21,834306.5,0,0.6370213437670039,5.758924856943136,0.6345208606204585,81.03142172140811,42.88529335723905,17.294616017131663,53.1,0.1,91.8,0.0
2015-02-22,835024.5,0,-0.307499863538762,7.756363150646568,8.310246399513264,84.96652779481836,59.74396255835562,25.88773851826208,53.1,0.1,91.8,0.0
2015-02-23,908104.5,0,2.1115263890217304,6.716009979742267,1.4994784737314577,73.38015742033184,44.19044373629394,30.092516155289445,53.1,0.1,91.8,0.0
2015-02-24,917239.0,0,2.583806655079345,7.143007458774568,1.1069432691908143,73.14707249767585,41.34931044968527,28.325511502207107,53.1,0.1,91.8,0.0
2015-02-25,945184.5,0,2.8112719871633005,9.953206304312497,1.1321881402767435,87.833232933924,79.98204179328262,14.923252155903151,53.1,0.1,91.8,0.0
2015-02-26,906155.0,0,2.4595649677201554,10.758095178762993,5.435431754751371,85.12224932254986,68.94757085473172,23.887496576175245,53.1,0.1,91.8,0.0
2015-02-27,893784.5,0,1.2289774240248983,7.49703759248937,0.224589841776268,75.57505168315717,31.199375124321104,18.88427141931244,53.1,0.1,91.8,0.0
2015-02-28,795222.5,0,4.126374724034807,9.879741228923193,3.725521746020312,86.653644028321,91.29231426334658,29.558191405449943,53.1,0.1,91.8,0.0
2015-03-01,750996.0,0,2.899869860851336,8.729061943935822,3.2559240758562207,75.58195293365844,50.21313863859385,33.85866921648383,54.1,0.0,91.8,0.0
2015-03-02,893879.0,0,1.8423585640737143,6.314353229668689,0.738232686203818,69.91027148041265,29.58841474209195,28.491339198625848,54.1,0.0,91.8,0.0
2015-03-03,907802.5,0,1.6039550031976186,6.380479287519894,0.9995365834753064,72.6207498624938,33.39927196700146,26.05962245047994,54.1,0.0,91.8,0.0
2015-03-04,908660.0,0,1.7928548065950856,7.997705760803366,0.3146675361665309,75.56257370136233,25.070219541544333,22.91126156201647,54.1,0.0,91.8,0.0
2015-03-05,915627.0,0,1.4230529347894771,9.168677584877043,0.0249544268640297,82.10590687528598,50.895843793312615,18.298199077399094,54.1,0.0,91.8,0.0
2015-03-06,846697.0,0,4.098398280072061,10.893732962322684,0.0415907114400496,78.57676295011002,50.497431731884895,22.903728348457584,54.1,0.0,91.8,0.0
2015-03-07,733183.5,0,6.546129568961978,12.943019887811651,0.8314518258636584,78.44412055219347,34.5488709184874,29.21802997487884,54.1,0.0,91.8,0.0
2015-03-08,753639.5,0,3.689096212303198,11.07021136616386,1.715857713280924,84.70828046484844,48.61241481622359,20.64460254926804,54.1,0.0,91.8,0.0
2015-03-09,893046.0,0,1.1701828537560894,10.055758999249832,1.7554296374507663,83.87957982662785,63.74582563843575,23.096412077532605,54.1,0.0,91.8,0.0
2015-03-10,878909.5,0,2.9529682347743065,8.511432808576355,0.0083181422880099,84.72997462066849,50.74880024754806,16.04386694021203,54.1,0.0,91.8,0.0
2015-03-11,886006.0,0,1.887976726105576,9.227869767541357,1.4010807238297465,84.38458667858018,61.27812247900157,15.844483871019296,54.1,0.0,91.8,0.0
2015-03-12,870273.0,0,3.8966847510590497,9.819426114722347,2.560927585430268,84.51900553135178,63.88612031541479,15.982201136365592,54.1,0.0,91.8,0.0
2015-03-13,887992.0,0,3.360690840549592,8.96662508491946,5.798185494281044,85.42815349627215,61.5184858414704,12.291404967410353,54.1,0.0,91.8,0.0
2015-03-14,813517.5,0,2.64490099675714,8.31248799817265,0.0,82.71393360214148,59.15033488940124,15.567533345102603,54.1,0.0,91.8,0.0
2015-03-15,802939.5,0,4.173913962172945,9.014217048114755,0.2926798918710656,87.1822880873765,63.76343416323076,15.351398168321372,54.1,0.0,91.8,0.0
2015-03-16,936361.5,0,4.080244509648056,9.32544640650844,1.435197931186163,86.7343464822137,64.36542035962331,15.479657332922883,54.1,0.0,91.8,0.0
2015-03-17,927800.0,0,2.88450818263382,8.27500374039024,1.1447959799994545,83.71723547234889,63.1750774017977,12.557295632699455,54.1,0.0,91.8,0.0
2015-03-18,910396.0,0,2.2535082678298903,8.723070404286702,0.0040684704096713,83.3115224580775,62.02058019876132,14.124415552499588,54.1,0.0,91.8,0.0
2015-03-19,919061.0,0,3.441345655947042,9.064166456032805,0.0,81.50718628237543,57.78143127984168,14.091022888237754,54.1,0.0,91.8,0.0
2015-03-20,866260.5,0,2.233528559984795,11.50098144520565,0.0249544268640297,82.31737732134704,48.77119550371285,12.128706689846227,54.1,0.0,91.8,0.0
2015-03-21,775003.0,0,2.535117715643793,8.37549184441255,0.0292729916901252,80.0735354266897,48.61975667670415,18.782830483916136,54.1,0.0,91.8,0.0
2015-03-22,757386.0,0,1.1329309488924388,9.141438246741096,0.0,75.97680288038939,27.39135658513989,12.026079263940376,54.1,0.0,91.8,0.0
2015-03-23,870704.0,0,1.189859442466098,9.912283899491747,0.3560225984112961,81.12291661493023,42.47012531567418,14.892560717259936,54.1,0.0,91.8,0.0
2015-03-24,886558.0,0,1.6826415803784966,8.442225139405604,1.9241039552490733,77.96505830091252,40.87068301492788,11.904625934544338,54.1,0.0,91.8,0.0
2015-03-25,886466.5,0,0.1580481764721647,8.778557234056102,0.375260453484052,75.26063713813491,33.11399063617738,10.209281195961042,54.1,0.0,91.8,0.0
2015-03-26,853431.5,0,2.7339339943138694,9.423560269396612,7.583508525692454,79.50327648349962,60.88776946791673,27.593555258441604,54.1,0.0,91.8,0.0
2015-03-27,851236.0,0,1.918717985394468,10.429845047034869,0.0872498932897706,73.96999143613527,33.02262491981366,14.79969856818968,54.1,0.0,91.8,0.0
2015-03-28,736795.0,0,4.513017710578746,12.08048370099597,3.4316116484050387,88.51701903683445,91.92925282370264,28.336225445890168,54.1,0.0,91.8,0.0
2015-03-29,697361.0,0,5.216966837337466,9.997720282860788,5.890200484916853,82.18700469795473,80.27961170446478,30.46578816876149,54.1,0.0,91.8,0.0
2015-03-30,820211.0,0,3.7873056134252288,10.931962946962804,4.282427308573774,75.25305750009404,61.869263249464176,29.64026102268724,54.1,0.0,91.8,0.0
2015-03-31,806012.5,0,4.18599848073155,10.143077349057274,3.3682140315837694,67.05466790866883,63.255516722156806,41.03058282287405,54.1,0.0,91.8,0.0
2015-04-01,831801.5,0,3.021929874167986,8.71487704412173,2.9867204160026986,72.41103128367735,72.63505159955929,28.529424562014743,54.4,0.7,92.4,0.0
2015-04-02,846206.0,0,3.4822620675377403,9.613623158971931,1.5558356956904558,74.36113407832974,71.2000477491395,12.887952092393355,54.4,0.7,92.4,0.0
2015-04-03,780194.5,1,5.502054694401819,10.457289814656134,4.113824880338247,90.71806561154672,95.89212013801516,13.997884143917185,54.4,0.7,92.4,0.0
2015-04-04,735683.0,0,4.369818007424967,9.66202147285196,0.155943781289271,85.10127793490626,72.85794034750653,13.441623542046903,54.4,0.7,92.4,0.0
2015-04-05,693142.5,0,4.039393700875491,12.486143436988964,0.0518109312950859,82.92482992749851,58.32696421506881,7.155166231916734,54.4,0.7,92.4,0.0
2015-04-06,691976.5,1,4.117598207218972,14.703524544828008,0.0,82.62702558881794,23.25913929164078,10.720950137801262,54.4,0.7,92.4,0.0
2015-04-07,771895.0,0,3.763587513083682,14.61858120451753,0.0081369408193427,79.75009610682235,32.831300470680624,8.316989774504567,54.4,0.7,92.4,0.0
2015-04-08,780444.0,0,4.214551627097415,14.434988851977424,0.0,79.8849341168831,43.41993099978879,8.5978901771021,54.4,0.7,92.4,0.0
2015-04-09,771572.5,0,5.500986746909153,15.868982597258135,0.0,77.0691444790119,22.81217942366149,8.517834577138588,54.4,0.7,92.4,0.0
2015-04-10,744300.0,0,5.333612013408116,17.21539923886593,0.2139842418619312,73.74160681939834,32.66999291446536,16.280924452354004,54.4,0.7,92.4,0.0
2015-04-11,639391.5,0,5.1125952585497885,10.741864282414276,2.321862444183051,71.83929164385141,52.52125070289832,23.94541716446333,54.4,0.7,92.4,0.0
2015-04-12,656721.0,0,2.771816310142217,12.737487165267344,3.3671960707031494,76.43709209154262,49.8059023296515,24.480049536044085,54.4,0.7,92.4,0.0
2015-04-13,789088.0,0,2.667255545059378,12.046022766529084,0.1528890242505143,83.44283654107397,62.34695733852886,12.432472786432752,54.4,0.7,92.4,0.0
2015-04-14,755374.5,0,5.39036236974406,13.943669431010733,0.0824566170054306,83.2750538837483,63.536077677424814,14.474805536588946,54.4,0.7,92.4,0.0
2015-04-15,764485.0,0,4.92949780850628,13.833417986427149,0.3489995731590826,80.61060576741744,60.26037756980484,14.259834398755473,54.4,0.7,92.4,0.0
2015-04-16,783847.0,0,4.942786520653962,13.298692520006323,0.0877359626873176,72.86913597784557,43.08530898881239,12.715663110027837,54.4,0.7,92.4,0.0
2015-04-17,763974.0,0,4.47017353812518,12.30146796947399,0.0,70.46346620703407,29.025236339185103,18.669351454443216,54.4,0.7,92.4,0.0
2015-04-18,658622.5,0,3.0998850928760104,12.129048119551848,0.0,75.45027722838128,12.87357531701421,18.39882292039835,54.4,0.7,92.4,0.0
2015-04-19,680597.5,0,1.776501141233939,9.757699917557742,0.2349085780394773,80.17685061416162,43.612823615981846,14.70837933777697,54.4,0.7,92.4,0.0
2015-04-20,771177.5,0,2.9416794634934225,14.72290027338964,0.0040684704096713,74.36466687230104,21.09726589767276,10.991083810189547,54.4,0.7,92.4,0.0
2015-04-21,760105.0,0,3.9511982341669927,16.18314547272017,0.0,70.61985900726539,23.325483503065705,12.297261459609071,54.4,0.7,92.4,0.0
2015-04-22,763235.5,0,4.090258090614688,15.112655851642293,0.0,75.60144064341843,21.698781502568544,13.135963369623829,54.4,0.7,92.4,0.0
2015-04-23,767982.0,0,5.199998082166385,16.5450799392391,0.0,77.30155424125216,23.07600036537189,7.614764239238434,54.4,0.7,92.4,0.0
2015-04-24,754167.0,0,5.795114869013194,16.317276450675163,0.4393202453892698,77.63678889864471,48.60878353350517,14.757896264994448,54.4,0.7,92.4,0.0
2015-04-25,664959.0,0,6.288412977930898,14.220879233279623,2.8163930593232656,81.29200886985753,77.0826244366671,19.550527078458327,54.4,0.7,92.4,0.0
2015-04-26,667033.5,0,2.985374059923449,10.401081937843012,1.399294455444668,72.99261057786048,40.84204928266876,14.6164323703022,54.4,0.7,92.4,0.0
2015-04-27,766287.0,0,1.2397675124640744,10.4551801515777,0.6794406607526906,63.71315385217781,32.177755438226214,13.129016985490113,54.4,0.7,92.4,0.0
2015-04-28,754372.0,0,3.609444632881159,11.651327998354596,1.1168121367026884,82.60323034484861,64.68603772870473,15.859857136148236,54.4,0.7,92.4,0.0
2015-04-29,769346.5,0,4.418205886937807,10.85947138727478,4.855768304123662,73.77138573498145,53.96794722220242,23.13395718965088,54.4,0.7,92.4,0.0
2015-04-30,774389.0,0,3.2691248888332662,11.514503463041994,1.558136713383946,73.2827702903723,39.1506124220542,18.15603219218955,54.4,0.7,92.4,0.0
2015-05-01,772730.5,0,2.0691748447108,10.66677041613793,0.0369970542813299,70.71588876282274,45.921250755146986,15.990888354053723,51.9,-0.1,92.3,0.0
2015-05-02,693259.0,0,2.731035514590411,10.855114032419747,1.538227352229076,78.54025606521027,79.61663587888044,20.30492598637502,51.9,-0.1,92.3,0.0
2015-05-03,646254.0,0,7.800343255335695,15.493728545773156,12.449603987335903,87.75002069969455,87.67818762694891,24.875573736522608,51.9,-0.1,92.3,0.0
2015-05-04,652586.5,1,9.015809925723287,15.026473510906696,3.830368205306056,78.62774834162714,62.40613449201628,19.19772382040324,51.9,-0.1,92.3,0.0
2015-05-05,737701.5,0,8.470510034941453,13.315714399783236,10.041572969942385,79.97956838724208,67.35039992670433,32.24098518313713,51.9,-0.1,92.3,0.0
2015-05-06,754823.5,0,6.9262099839713365,11.690938946135676,5.085200606625524,80.17751228212612,73.32548393334889,31.79467988344981,51.9,-0.1,92.3,0.0
2015-05-07,773001.0,0,5.525390595706167,13.248237590817412,1.329466339438355,76.37168199417323,48.14997420452318,15.185480173903253,51.9,-0.1,92.3,0.0
2015-05-08,782863.5,0,4.866010462274123,14.130880541955191,8.544178262388652,79.38015706688493,80.87546782539059,15.096176436020947,51.9,-0.1,92.3,0.0
2015-05-09,663796.0,0,6.742859020296827,13.981549134405467,1.1641043784633185,78.38572055160337,66.35046207188975,22.689675404201875,51.9,-0.1,92.3,0.0
2015-05-10,636738.0,0,6.420924800268693,15.817952917307686,0.4406803397958589,81.14382037127784,52.534307338737854,20.32062749610348,51.9,-0.1,92.3,0.0
2015-05-11,704842.5,0,9.77310975675723,17.956651059271138,0.6420739056238995,75.87718454771951,51.30306270652056,24.00535324528182,51.9,-0.1,92.3,0.0
2015-05-12,710340.5,0,7.993973346169705,14.164493188494276,0.7018491757864163,72.59196035235522,47.5563592289227,24.3209416335615,51.9,-0.1,92.3,0.0
2015-05-13,742839.5,0,5.71557726853285,14.815042297451567,0.0,72.13306344537826,27.770334199718768,9.485360075720005,51.9,-0.1,92.3,0.0
2015-05-14,787231.0,0,5.2514983843481176,11.10324085605208,5.536284038165872,82.62602007848857,61.52114706612026,20.056786699897643,51.9,-0.1,92.3,0.0
2015-05-15,740849.5,0,4.565533957457041,14.92794228869838,0.3352635570551812,75.16190655650762,42.8187122902892,14.558789837153798,51.9,-0.1,92.3,0.0
2015-05-16,612722.0,0,7.309429422370644,13.941953446310125,0.4506677841325822,74.58094036975832,63.823016935454326,22.02367843745244,51.9,-0.1,92.3,0.0
2015-05-17,616605.0,0,6.822972293574102,13.179741394889565,1.045146138306784,73.8805745645104,65.45088603298329,19.20550123503568,51.9,-0.1,92.3,0.0
2015-05-18,744793.0,0,5.97949500859214,12.41871368256264,8.500427993461663,81.197320353083,71.17597280573403,24.617580780750064,51.9,-0.1,92.3,0.0
2015-05-19,748610.0,0,4.911382056674934,11.771488772436502,3.49582578903486,74.59478344031812,61.499706838847146,24.085979861763537,51.9,-0.1,92.3,0.0
2015-05-20,752984.5,0,4.735112002097815,13.4134890919525,0.9613333962571264,75.66471721235999,47.7302096782244,19.76029681487177,51.9,-0.1,92.3,0.0
2015-05-21,732783.5,0,5.922186528866224,15.247207723386431,0.0,77.34408336957956,47.72711655682971,15.97569396379081,51.9,-0.1,92.3,0.0
2015-05-22,732873.0,0,7.904340841201164,16.849403298649232,0.0562892310691996,83.90539254550367,65.28313931967065,14.292674825286587,51.9,-0.1,92.3,0.0
2015-05-23,643424.5,0,7.602729633529043,15.65616072392318,0.2131922226806445,81.62375110306168,62.49382609711762,11.161003837757177,51.9,-0.1,92.3,0.0
2015-05-24,608897.5,0,7.654938950192632,15.512660867514825,1.563823392787815,81.11605055544642,61.55834988796655,15.999853227332869,51.9,-0.1,92.3,0.0
2015-05-25,640828.0,1,7.078052554910896,13.69779915069476,0.0,78.2961371296522,62.92210658839775,15.016972596985214,51.9,-0.1,92.3,0.0
2015-05-26,705699.0,0,6.987660262044917,14.924132407724542,0.0,78.26429015015408,42.99259822258623,16.943785715040907,51.9,-0.1,92.3,0.0
2015-05-27,712265.5,0,5.565642235146563,16.031403803186997,2.036697738542235,76.3888974399134,50.715466455246,17.66087973179343,51.9,-0.1,92.3,0.0
2015-05-28,687206.5,0,7.08630577054006,13.905940926053008,0.9484505625522334,71.45770316312232,59.008743062298365,23.21527341176945,51.9,-0.1,92.3,0.0
2015-05-29,719029.0,0,5.9522038981689365,12.493490307195149,6.3638391227116005,78.4159898056079,60.973583516982295,21.221287894732573,51.9,-0.1,92.3,0.0
2015-05-30,628300.0,0,5.000841756843777,14.04838326933588,0.5244569411316055,71.15524623385424,53.96791458214954,16.245079773272728,51.9,-0.1,92.3,0.0
2015-05-31,613738.5,0,6.268267103940927,13.065587205000924,4.316111162369449,81.80252144101101,75.63752591226796,25.13484194407843,51.9,-0.1,92.3,0.0
2015-06-01,711683.5,0,5.183871959772702,13.317983805493316,9.373337920561855,75.90932937538372,67.5270280537259,29.327608379728105,52.0,0.3,92.6,0.0
2015-06-02,717128.0,0,9.269433970463886,14.609868000798606,2.593583002486545,81.47915407063873,83.52075951927779,33.25985168691907,52.0,0.3,92.6,0.0
2015-06-03,722201.0,0,8.269427715990478,15.741653966141383,0.0894065601957567,70.07892466208632,40.73247385906726,17.420535547660748,52.0,0.3,92.6,0.0
2015-06-04,722050.0,0,7.051309087408709,18.888396344412428,0.0415907114400496,70.48383189426147,22.39643618568465,12.042432744894445,52.0,0.3,92.6,0.0
2015-06-05,708380.0,0,9.094363944949324,19.673926532588787,2.141050303423407,74.12061217187527,46.44157840841447,19.10810124268242,52.0,0.3,92.6,0.0
2015-06-06,576291.0,0,7.290260337307592,15.041052903563212,0.7754948502479292,70.1344492953068,35.774316885492304,26.285270081992305,52.0,0.3,92.6,0.0
2015-06-07,575012.0,0,6.614672973101892,16.0418573948099,0.0560901544077348,69.21750187910813,20.12658673070592,15.967272906985809,52.0,0.3,92.6,0.0
2015-06-08,710253.5,0,6.021040740072322,14.853710540880714,0.4100691520397021,72.16302769007514,31.675086852660467,14.505039845452115,52.0,0.3,92.6,0.0
2015-06-09,726378.5,0,5.08062792269852,14.04389578455254,0.008779040119358,71.70616002932319,35.32115651390958,17.55090996902207,52.0,0.3,92.6,0.0
2015-06-10,718907.0,0,5.381821755683242,16.85663019668367,0.0,71.0912974550102,22.833921125773248,17.01806580824762,52.0,0.3,92.6,0.0
2015-06-11,709647.5,0,7.063751463270167,20.21942710437367,0.0,73.74355552583187,17.137105156784127,18.151544123450456,52.0,0.3,92.6,0.0
2015-06-12,727641.0,0,9.164771812222453,21.52709548524756,3.553331114096593,76.6445661135028,47.19873169729013,12.411889099304195,52.0,0.3,92.6,0.0
2015-06-13,664504.0,0,10.92582915261997,16.4774606143362,6.582484769819397,87.67814836360847,84.97015448272708,12.5294253918466,52.0,0.3,92.6,0.0
2015-06-14,630474.0,0,8.596540931978621,15.38620535781243,0.586066422446128,82.13425051984355,76.80116718616189,12.731603565228102,52.0,0.3,92.6,0.0
2015-06-15,713056.0,0,7.31886783765981,15.575183334443874,0.1913172726242282,79.44733639649883,47.99139926923163,10.922478537474838,52.0,0.3,92.6,0.0
2015-06-16,716920.5,0,8.668884458884476,19.95942335845121,0.1491829567781772,72.41956418337539,55.15385268493018,9.620207275400167,52.0,0.3,92.6,0.0
2015-06-17,719797.5,0,10.464916230625883,19.268801838366457,0.6489241598843792,83.18731663789507,65.84060875604149,20.93399102527631,52.0,0.3,92.6,0.0
2015-06-18,697844.5,0,9.880431341679516,16.74845669716104,0.2752953064218659,74.44561584772303,47.96147119905663,19.258543503105045,52.0,0.3,92.6,0.0
2015-06-19,700521.0,0,9.032350748901733,15.946821055551034,0.054227418554155,78.05605944448229,64.99515246039613,16.82288918745078,52.0,0.3,92.6,0.0
2015-06-20,651434.0,0,10.361436874752432,17.649263699417446,3.5705472467531445,87.48499645569595,79.7130659668377,11.053814718586192,52.0,0.3,92.6,0.0
2015-06-21,586796.0,0,10.22836602235653,16.07653754319121,1.446702340420876,79.544830912847,69.03665577824827,20.89925898166969,52.0,0.3,92.6,0.0
2015-06-22,708292.5,0,9.089800807162076,15.456238602105833,3.779869631571869,79.47739041670836,70.71997543882124,20.23585002996,52.0,0.3,92.6,0.0
2015-06-23,724985.0,0,8.602770664103982,17.16363100856657,0.0179321254095988,76.21025388183047,53.99938704623872,10.366942409546484,52.0,0.3,92.6,0.0
2015-06-24,723879.5,0,9.42419856376391,19.795396535458163,0.131357245009883,72.43195109880801,40.77174588200553,12.33509778123862,52.0,0.3,92.6,0.0
2015-06-25,731142.5,0,11.00887343810278,20.486566851008178,1.2599212637097443,76.6681362425312,52.77909362814534,10.24136621426283,52.0,0.3,92.6,0.0
2015-06-26,722591.5,0,12.188479309156993,19.96663796268044,1.3724575857572825,79.36668622201285,57.004674273786485,16.356855188686552,52.0,0.3,92.6,0.0
2015-06-27,612434.5,0,10.78298125206997,20.561713350138145,0.1029083577959567,73.7955522518686,39.22172725996407,15.497157410988548,52.0,0.3,92.6,0.0
2015-06-28,602421.0,0,13.020818345135796,19.17379887678878,3.443729211175364,78.23144798712298,56.319742557268846,19.08962054924296,52.0,0.3,92.6,0.0
2015-06-29,709579.0,0,11.14006453694522,21.438860724464107,0.1839611129114705,73.24494676966745,40.11690237784322,11.1354687591051,52.0,0.3,92.6,0.0
2015-06-30,720084.5,0,13.473128523250905,25.54989594523257,0.0,68.2248844628185,18.55566659593631,15.034282535985811,52.0,0.3,92.6,0.0
2015-07-01,753984.0,0,16.046896594837243,29.07622477341902,0.8821190029896075,67.81164737850585,17.07256945631138,17.983058721483598,51.4,0.1,92.7,0.0
2015-07-02,758607.5,0,13.224482716630986,21.91626341961044,3.372665982659833,81.6597731663851,45.677603440691854,11.409447657157244,51.4,0.1,92.7,0.0
2015-07-03,700146.0,0,11.498994151590978,23.145308690072923,3.064644649711378,72.17069215537207,24.16125354030856,15.029609722088695,51.4,0.1,92.7,0.0
2015-07-04,613074.0,0,13.743561027309704,22.754709895087124,6.3393284207697445,77.19353713429925,51.24936511716365,19.806596791341423,51.4,0.1,92.7,0.0
2015-07-05,612144.5,0,11.286382855772274,19.88447320675796,4.753042225041055,75.23775629203098,34.404821974635915,13.455981108355386,51.4,0.1,92.7,0.0
2015-07-06,703072.0,0,10.571509853239013,19.297114871349017,3.1879406822053804,77.24825772192347,41.86451705691712,18.576980550462505,51.4,0.1,92.7,0.0
2015-07-07,692043.0,0,12.434732357098651,19.3696944393152,2.807940704026885,75.67919158518538,59.49502317566692,23.782148561907547,51.4,0.1,92.7,0.0
2015-07-08,709931.5,0,10.614190748591929,16.95546996266863,1.895170756651748,76.97078890454573,68.16140513829424,22.017988326540188,51.4,0.1,92.7,0.0
2015-07-09,701347.5,0,9.055229136244622,18.482611795561887,0.0362584993222425,66.05756889325511,15.4101814897584,12.184002473882426,51.4,0.1,92.7,0.0
2015-07-10,693166.5,0,10.983740996939089,22.951229998286244,0.1852104555002361,65.45907731856863,44.09866050693752,14.085877654140344,51.4,0.1,92.7,0.0
2015-07-11,604543.0,0,13.620957950514484,20.955582189743083,0.9736367399385656,74.16045704003527,55.65729319852602,17.41007877501574,51.4,0.1,92.7,0.0
2015-07-12,601320.0,0,13.349115147222006,19.5088047772006,2.2667931550674205,81.13074534083222,70.21380162814239,20.340761399000613,51.4,0.1,92.7,0.0
2015-07-13,740686.0,0,12.690276648113676,18.244963827322195,2.7251909980947064,90.47100844117254,88.64990956984221,16.173089140045867,51.4,0.1,92.7,0.0
2015-07-14,749833.5,0,13.310945525165542,19.324359726330066,1.2325583036786265,83.97669314281049,79.9439362834204,11.101746774535792,51.4,0.1,92.7,0.0
2015-07-15,729488.0,0,11.747458225035157,18.7244766311974,0.8791364797401778,75.66832107989276,54.18783738811715,13.535780659090568,51.4,0.1,92.7,0.0
2015-07-16,719536.0,0,10.881932922416992,20.54309679478369,0.8105390335692186,77.49396426412109,54.38221050117172,16.52560131152773,51.4,0.1,92.7,0.0
2015-07-17,674788.0,0,12.6131961797492,19.64639409476901,3.722573517877283,77.2236317701678,61.17175735212581,23.50563468121794,51.4,0.1,92.7,0.0
2015-07-18,580512.0,0,10.674158762569494,19.806244466250924,0.263829407532021,68.34561291872393,34.14544183198351,20.232636874924548,51.4,0.1,92.7,0.0
2015-07-19,580943.5,0,11.259119852061266,19.33615391131101,3.89857689676818,72.42656037278752,41.61474564485803,17.86546722975573,51.4,0.1,92.7,0.0
2015-07-20,713609.5,0,10.434723689965969,19.945309347791504,1.6010934586752343,82.04705727487153,65.5829738266116,17.85233487944326,51.4,0.1,92.7,0.0
2015-07-21,694575.0,0,12.22768480724174,19.54814420092601,0.2618867988258924,77.2584343494819,50.68523173146691,21.904006895349475,51.4,0.1,92.7,0.0
2015-07-22,722156.0,0,11.199026779350046,18.02887532089905,0.6483598327329448,79.0544735128737,48.10827669065024,14.926442613500711,51.4,0.1,92.7,0.0
2015-07-23,704709.5,0,10.27560303266046,17.788731909972956,0.3224165305947325,71.12250326646405,46.81924525748023,13.991907986891851,51.4,0.1,92.7,0.0
2015-07-24,733154.5,0,10.503650968174044,15.639685104014198,15.032579027960784,81.42867452310486,76.36931778785761,11.894035144055122,51.4,0.1,92.7,0.0
2015-07-25,599995.5,0,9.75706106996921,17.675698008452727,4.591141408203755,72.77822342650973,44.99751585224715,19.543559026492904,51.4,0.1,92.7,0.0
2015-07-26,616455.0,0,8.987970357914469,15.138833665798806,9.333609656070964,86.50954174472209,69.1159025380315,18.386555485385248,51.4,0.1,92.7,0.0
2015-07-27,692771.5,0,12.365389625110245,16.123113684628,2.8801843622059904,85.17680442018849,90.4691721308533,21.83565704180557,51.4,0.1,92.7,0.0
2015-07-28,697395.0,0,9.91426507693832,16.193512838666674,4.740352520869349,78.17424763141402,66.52891794966867,21.59627212792737,51.4,0.1,92.7,0.0
2015-07-29,696541.5,0,8.589852441144021,17.187452530544572,1.3402905785317212,74.79301159871348,44.20213712743931,16.997525349211685,51.4,0.1,92.7,0.0
2015-07-30,693334.0,0,8.669270668775628,16.567133074171725,0.6251278847721307,72.70153808104519,37.33273581854245,14.830456116770495,51.4,0.1,92.7,0.0
2015-07-31,668869.5,0,8.52192169878751,18.264947115738064,0.6658984672452459,69.71414188993651,40.25040385150165,11.983415979463445,51.4,0.1,92.7,0.0
2015-08-01,596375.5,0,9.719308899436427,18.52369140741695,1.7200261630615905,74.50129770334507,44.719768242101416,15.27457067573392,51.9,-0.6,92.1,0.0
2015-08-02,579047.0,0,11.034155909791991,21.542680541906016,0.7496895476100965,70.23669627404269,37.0607850756401,15.485465986852022,51.9,-0.6,92.1,0.0
2015-08-03,666744.0,0,14.019960913690356,20.32280018030095,0.4790114594246646,74.15585454670405,56.68302683749975,21.95952843975138,51.9,-0.6,92.1,0.0
2015-08-04,659488.5,0,12.2779398698922,18.1157787701474,0.5353942217640184,75.22016928139512,55.31440670772142,24.919849860674304,51.9,-0.6,92.1,0.0
2015-08-05,697883.0,0,12.217507826236409,19.85595333050248,1.944823974530678,72.88614285918011,61.16948766980512,18.539273375256847,51.9,-0.6,92.1,0.0
2015-08-06,692304.0,0,12.600179929059829,19.506781170758742,0.7683523768474209,76.71995178861343,55.60940704457168,16.963156710487524,51.9,-0.6,92.1,0.0
2015-08-07,691258.0,0,10.576060543548468,20.40872516559141,0.008779040119358,68.59489216365809,30.86864373388436,7.175134921438897,51.9,-0.6,92.1,0.0
2015-08-08,599729.5,0,11.88799678037535,22.21922952755644,0.1663628457601985,69.37234844135449,26.53365484502552,11.64036290759804,51.9,-0.6,92.1,0.0
2015-08-09,589240.0,0,12.907490053082192,21.72158077927481,0.1265401156699546,73.39254977577329,49.68825622269392,15.80362291985742,51.9,-0.6,92.1,0.0
2015-08-10,703019.5,0,13.320410448972224,21.33007860474654,2.846978851151277,80.28261812379813,60.79505221670832,18.639250333592404,51.9,-0.6,92.1,0.0
2015-08-11,722134.0,0,11.742941358057324,19.3876917403332,0.9239023214761224,73.75014989222021,44.54124500963712,8.51328148953711,51.9,-0.6,92.1,0.0
2015-08-12,717838.0,0,12.277840551313236,21.701877113458792,0.8487547374178437,73.33528318718868,32.47781559796208,13.07704251124084,51.9,-0.6,92.1,0.0
2015-08-13,741525.5,0,12.749630202338825,21.8397656929809,9.52289209954589,78.76677655689365,52.30213049800484,16.47264563794891,51.9,-0.6,92.1,0.0
2015-08-14,744160.0,0,13.732093427264562,17.83850516302938,18.099865453522163,90.13361393124173,90.92773207999628,14.85177088576129,51.9,-0.6,92.1,0.0
2015-08-15,614420.0,0,11.080018733915091,17.824188273848936,0.1355212905348272,71.55846057831535,45.72867376703584,14.421037688135176,51.9,-0.6,92.1,0.0
2015-08-16,614720.0,0,9.717980200334932,18.460357411037723,0.2042642692353179,69.70269357579832,45.20372450357,6.345249498474216,51.9,-0.6,92.1,0.0
2015-08-17,706860.0,0,10.83025397587808,19.299161651613723,0.0,66.89409066595297,38.24539646169533,9.791393457335207,51.9,-0.6,92.1,0.0
2015-08-18,727713.5,0,11.745392804288276,17.824484662125663,1.5169155706329511,74.90782177068168,63.325726889674655,16.10824643252213,51.9,-0.6,92.1,0.0
2015-08-19,730978.5,0,12.647658097720509,19.351383907507312,6.1573114025781095,80.88080963743356,57.50767032022166,18.221777603096463,51.9,-0.6,92.1,0.0
2015-08-20,737081.0,0,14.30644142837789,20.77943471977132,1.1176583731017442,84.48426783259477,85.76537895101386,17.34192801964747,51.9,-0.6,92.1,0.0
2015-08-21,711588.0,0,16.328686592548134,21.64061237964057,1.1104723089413582,84.34822020430337,71.6495223918139,21.20249475423331,51.9,-0.6,92.1,0.0
2015-08-22,644227.0,0,15.040848811029216,24.14265182972392,4.8141310698511885,76.42555851986519,52.23638514856695,13.458610553518746,51.9,-0.6,92.1,0.0
2015-08-23,604570.0,0,12.901772373311722,22.3560265401126,9.346409083991032,74.42675413852513,40.80572728123235,20.66310687754805,51.9,-0.6,92.1,0.0
2015-08-24,738638.0,0,11.451846486516525,17.833555385067797,9.0151428899761,83.7443857726005,69.7858398998645,13.209092624356142,51.9,-0.6,92.1,0.0
2015-08-25,724272.5,0,10.713318481597032,17.307188983939128,3.160064732416724,82.49006270209479,57.06613792137325,22.058387184298155,51.9,-0.6,92.1,0.0
2015-08-26,713239.5,0,12.890501335844876,18.93081031051939,9.649266391760792,81.58244424021701,64.24711318402424,25.487477068979803,51.9,-0.6,92.1,0.0
2015-08-27,701637.0,0,11.73805687556874,18.13535577903508,1.1339088227476704,76.35936118867819,35.68732169372247,20.30518151311663,51.9,-0.6,92.1,0.0
2015-08-28,680450.5,0,10.757524362019124,18.612394608281253,0.3710447709037102,73.53840928978933,21.266522474674147,19.078146909866,51.9,-0.6,92.1,0.0
2015-08-29,616709.0,0,11.741013074707734,19.660922852315256,1.465692899454622,76.37901354322464,39.258490424600986,14.685091244007692,51.9,-0.6,92.1,0.0
2015-08-30,621960.5,0,12.38491426238767,18.84044302017979,1.4706689846226624,80.07091606244663,64.45817023551734,9.498605068022854,51.9,-0.6,92.1,0.0
2015-08-31,660904.0,1,11.902180558379715,15.961928082960563,11.08092306469074,86.95703710012248,78.68801091517791,14.381744612055453,51.9,-0.6,92.1,0.0
2015-09-01,722298.0,0,11.02604668535653,17.57065225275375,2.060931696171389,79.15530333857951,62.3550140376815,12.294178956988649,51.5,2.3,94.2,0.0
2015-09-02,733227.0,0,9.18595829535572,16.266084092947068,1.9850202042541976,77.87091398479355,53.21235558467002,12.378144570969557,51.5,2.3,94.2,0.0
2015-09-03,741270.0,0,8.661778670198759,14.576679767150411,0.5956903451092416,76.58040561996553,66.87421308889479,14.710954536524772,51.5,2.3,94.2,0.0
2015-09-04,726858.0,0,9.181517327257898,13.273913940658783,0.1485429612555811,86.21903817447811,57.60088968117,13.264842449353823,51.5,2.3,94.2,0.0
2015-09-05,642048.5,0,11.073152382453396,16.029974771267607,0.2206220607048432,82.50350843686971,62.00963614577896,14.051366315072032,51.5,2.3,94.2,0.0
2015-09-06,614481.0,0,9.777993117436084,16.84465032914205,0.0390306555868337,81.83947211691212,57.047514128040966,13.944828844414271,51.5,2.3,94.2,0.0
2015-09-07,737101.5,0,8.961432996056885,17.62987349490016,0.0,77.88897215551467,34.49909005863899,9.984500108677238,51.5,2.3,94.2,0.0
2015-09-08,765506.0,0,8.55595759030599,16.291674263213814,0.0,80.70188859279942,44.073066556325664,10.18444910782626,51.5,2.3,94.2,0.0
2015-09-09,754614.5,0,9.491217382383322,16.82393783366924,0.0497005444188706,80.45209572805021,50.64329631709559,15.020090966782384,51.5,2.3,94.2,0.0
2015-09-10,719928.0,0,10.737263510215785,19.575030860524567,0.0,74.39065296456508,6.716715598060431,17.470592649312568,51.5,2.3,94.2,0.0
2015-09-11,705824.5,0,10.8471369510232,19.71033600444937,0.4801271253223128,70.28416236403973,26.498533641014493,19.94179745328908,51.5,2.3,94.2,0.0
2015-09-12,631810.5,0,10.65852055057069,17.57192134226716,7.895382626554274,77.25644633360618,60.914143537306416,20.602675202706408,51.5,2.3,94.2,0.0
2015-09-13,639025.0,0,9.09063048534222,16.58981208672837,0.6591713292971951,77.8281635987066,52.66503111930917,12.045774739008662,51.5,2.3,94.2,0.0
2015-09-14,754140.0,0,9.571856538546363,16.111831429063884,5.496615627602445,82.82174259033918,75.52304784208066,18.2147675677862,51.5,2.3,94.2,0.0
2015-09-15,767514.0,0,9.532896655322762,16.13644390373557,4.33873593158399,80.9137828370611,63.69969044505788,16.801106178153464,51.5,2.3,94.2,0.0
2015-09-16,782267.0,0,9.2071269217369,13.389003489350737,6.071983661102572,88.19883067778945,60.78685736591946,11.939124319015392,51.5,2.3,94.2,0.0
2015-09-17,762997.0,0,9.743276733063867,15.882557002071998,0.5175339075441919,82.60158212974932,61.18318584250308,13.222010709010794,51.5,2.3,94.2,0.0
2015-09-18,758563.0,0,9.553965840186924,16.6611142361281,2.545363230003081,81.83688725215995,65.31465811603827,11.662807707797889,51.5,2.3,94.2,0.0
2015-09-19,663416.5,0,9.776442023398062,16.59210967598693,0.0228175852556951,83.3439068766383,62.5442204793158,11.209365592933914,51.5,2.3,94.2,0.0
2015-09-20,653294.0,0,10.49635832901616,16.462776017441467,0.5714768028803894,84.29691090175307,64.71430258533806,11.94445326866464,51.5,2.3,94.2,0.0
2015-09-21,766057.0,0,9.52556072660323,14.40694694350185,5.161183540918332,87.97223451773492,71.32325947686417,16.94085585537961,51.5,2.3,94.2,0.0
2015-09-22,770675.0,0,8.187721303861313,13.986030979405664,6.543737947460702,86.02025239981225,51.97790111674468,14.18695821200372,51.5,2.3,94.2,0.0
2015-09-23,757273.5,0,8.206502688409326,16.299365621209667,0.3483151816323665,81.62279985451511,48.53357883857471,18.993438995925587,51.5,2.3,94.2,0.0
2015-09-24,730894.0,0,9.81919411525049,15.385640380626045,1.6599130929394463,77.86097014043706,52.38938813178172,21.00612561896236,51.5,2.3,94.2,0.0
2015-09-25,733772.5,0,8.262758910611497,15.496180161043933,0.0083181422880099,75.6885435750238,29.35041587791661,13.59732782771658,51.5,2.3,94.2,0.0
2015-09-26,668739.5,0,7.685934937125792,16.55028621207945,0.0,76.53437317206483,13.70892218611395,8.657592429745206,51.5,2.3,94.2,0.0
2015-09-27,646664.5,0,7.7896256542455795,17.053832882683412,0.0,77.81468188918413,7.756100216887312,12.081065566797283,51.5,2.3,94.2,0.0
2015-09-28,742688.0,0,8.543322170967983,17.303321122306397,0.0,80.47594173006787,30.18458779731646,14.128664706501382,51.5,2.3,94.2,0.0
2015-09-29,754777.5,0,8.997788298338197,17.435352502735988,0.0,78.7283950203696,22.179360532803685,15.207320964085124,51.5,2.3,94.2,0.0
2015-09-30,750548.5,0,9.006411449933847,17.18427923817256,0.0,75.91697736698164,12.137080845784295,16.97511467968859,51.5,2.3,94.2,0.0
2015-10-01,763517.0,0,8.781491089204097,16.84372744855104,0.0,77.60178463945589,5.143352038767778,14.121941009282068,51.5,-1.0,93.3,0.0
2015-10-02,752329.0,0,7.067647124269963,16.935250464152617,0.0,76.46820726691745,9.50233963407243,9.998681581593123,51.5,-1.0,93.3,0.0
2015-10-03,700384.5,0,6.285470056101551,14.574827766862244,0.072465478380237,81.3827448667831,36.933742782614296,6.008580983843727,51.5,-1.0,93.3,0.0
2015-10-04,671266.0,0,7.03611277623873,15.727148213378168,0.0583333312843658,78.76770566122354,27.84558430489227,10.045950924604798,51.5,-1.0,93.3,0.0
2015-10-05,776069.5,0,10.261787346551795,17.062465946159527,8.226413008481005,89.7486882048807,83.38260056824427,23.982915698427057,51.5,-1.0,93.3,0.0
2015-10-06,796221.0,0,12.490262768407575,17.765375739257244,9.732712420357656,89.76365861737965,86.06349624387369,15.143993621727972,51.5,-1.0,93.3,0.0
2015-10-07,790595.5,0,9.490533324326073,13.635278865916138,3.185852580924588,85.3424954555949,74.47008105797538,18.754211442754265,51.5,-1.0,93.3,0.0
2015-10-08,797244.0,0,7.4501221420283645,15.17947392778963,0.0047725059004118,77.47097283523917,40.48976225686234,9.39947277094256,51.5,-1.0,93.3,0.0
2015-10-09,782350.5,0,7.065797521273815,16.01421704811476,0.0,77.89243055659712,24.64965805395456,8.250287413798912,51.5,-1.0,93.3,0.0
2015-10-10,710124.5,0,8.251607783847366,15.137968888804744,0.068303647276959,83.00393255778273,53.2757339309516,14.102741189705954,51.5,-1.0,93.3,0.0
2015-10-11,678943.0,0,7.802471389856479,14.163039922411336,0.0290228972737011,77.94293458417064,55.10090083779824,14.191697504652591,51.5,-1.0,93.3,0.0
2015-10-12,787574.5,0,5.974638002758238,13.124805527368592,0.3660537241747107,75.50851873108752,28.25662654542352,14.059158974022944,51.5,-1.0,93.3,0.0
2015-10-13,818590.5,0,5.990317967593038,12.527759919318216,0.0618913214094896,78.03906413469191,40.87292984613811,16.92800108382187,51.5,-1.0,93.3,0.0
2015-10-14,819269.0,0,5.247217097412916,12.55876337473805,0.1598954728431072,79.69818221029833,39.25184837361562,15.85699121964137,51.5,-1.0,93.3,0.0
2015-10-15,840612.5,0,6.204752526930195,12.562520976305166,0.1199298902728708,83.23049507891271,56.509747681326864,15.186404898565042,51.5,-1.0,93.3,0.0
2015-10-16,827560.5,0,7.678062337706404,12.224926845712009,0.0244108224580283,83.45089038191689,65.90364399758649,19.10619210693447,51.5,-1.0,93.3,0.0
2015-10-17,737654.0,0,7.2414978962840495,11.689840371700742,0.0572133487243578,82.31495352081059,69.64730692517425,17.420477059882387,51.5,-1.0,93.3,0.0
2015-10-18,729921.0,0,8.379464802712702,13.648174760252358,0.008779040119358,86.99623048880908,81.10193148895931,13.072571561625526,51.5,-1.0,93.3,0.0
2015-10-19,835364.0,0,7.693296052778781,13.575317260084548,0.0083181422880099,83.10847451334358,64.405482720565,10.649140315714751,51.5,-1.0,93.3,0.0
2015-10-20,820808.0,0,6.936257956858087,13.534118982274546,0.447439492349442,81.90115271942659,45.81697603617722,12.44234580310389,51.5,-1.0,93.3,0.0
2015-10-21,818744.0,0,9.535589767029933,14.93577127584373,7.338031982149887,91.6453186326879,87.13098493172882,21.00253604297816,51.5,-1.0,93.3,0.0
2015-10-22,790014.0,0,8.198468533022021,13.59149314165488,0.0499088537280595,79.5030643385232,44.64088039996175,20.26219062946496,51.5,-1.0,93.3,0.0
2015-10-23,814614.5,0,6.413234564082567,13.242700168966058,0.1164539920321389,75.58535237057758,57.91440547219399,15.5345795389528,51.5,-1.0,93.3,0.0
2015-10-24,720918.5,0,8.518459501992703,13.367705055753635,3.55045740792739,84.10659944680336,64.42248201047481,17.0502329184338,51.5,-1.0,93.3,0.0
2015-10-25,742687.0,0,5.099910372013005,11.37722106032103,0.0083181422880099,79.00055909152714,59.22455454318801,14.226217034468634,51.5,-1.0,93.3,0.0
2015-10-26,813908.0,0,6.325215421275511,13.36805781112732,0.0143175177012354,86.70847959375858,53.46113227421382,19.93517542583897,51.5,-1.0,93.3,0.0
2015-10-27,837428.5,0,9.336204730828364,15.533223040484238,1.7357671973738469,89.58840101913187,77.01997890874776,16.589378038567634,51.5,-1.0,93.3,0.0
2015-10-28,839520.5,0,9.699735501854027,13.370243542125584,8.815152303957449,91.16169024700469,62.746156848915774,11.165756530653743,51.5,-1.0,93.3,0.0
2015-10-29,828356.5,0,9.219740826915762,13.260635493838468,2.370795168239495,89.29597860103381,79.71330279162811,19.594551348642728,51.5,-1.0,93.3,0.0
2015-10-30,819550.5,0,9.982891602568817,15.098218805883027,5.824231674054833,88.23519059024771,81.76712800605051,21.058456260116262,51.5,-1.0,93.3,0.0
2015-10-31,724005.5,0,10.36222675173816,15.22557800247302,0.8661822067331204,87.05387186941323,34.47254939282126,11.982527705934146,51.5,-1.0,93.3,0.0
2015-11-01,730043.5,0,9.289682082811565,14.860950147636308,0.0,85.48934821686962,5.917943275890938,7.305022339073475,55.5,0.7,93.9,0.0
2015-11-02,852800.5,0,8.242672062253863,13.494553552307314,0.0,88.34044692346295,14.407287589477388,9.41911868660853,55.5,0.7,93.9,0.0
2015-11-03,876720.0,0,7.215314058162976,12.760767621510126,1.030762796498921,89.6894517184158,47.378620832983984,10.622272788350587,55.5,0.7,93.9,0.0
2015-11-04,870667.5,0,9.412215469098417,13.449324612148883,3.282765584918353,92.99298052919424,79.04404976446298,10.0202561647901,55.5,0.7,93.9,0.0
2015-11-05,856019.0,0,10.002036545671857,14.441127210395443,5.173157641128581,93.40733213915408,86.30211015175719,19.028903442978503,55.5,0.7,93.9,0.0
2015-11-06,821124.0,0,11.598993177306914,15.646737952501162,3.500268055665858,92.52557872166062,78.69467483376931,22.299775020290927,55.5,0.7,93.9,0.0
2015-11-07,730961.0,0,9.82585531383749,15.100427295788217,9.293072884869252,90.2260980150668,65.12194249990596,23.8513523431624,55.5,0.7,93.9,0.0
2015-11-08,710858.5,0,8.00313352191211,14.885856905270575,4.192642272827077,88.61729000152198,63.14558889662853,24.378782342850133,55.5,0.7,93.9,0.0
2015-11-09,798561.5,0,8.401465350893476,15.076015148672674,3.680018992085002,83.25050625889918,73.50692815856746,31.88230551691886,55.5,0.7,93.9,0.0
2015-11-10,801431.0,0,13.025301404149255,16.142466838689785,1.00741924230082,86.61876312210035,84.80726907808017,29.12584891798532,55.5,0.7,93.9,0.0
2015-11-11,810038.0,0,10.783216186687826,14.570515115356462,1.1055446705862595,84.60387232735748,75.7568985919659,24.74164643618569,55.5,0.7,93.9,0.0
2015-11-12,803219.5,0,8.522900101276367,13.638388522478854,1.6294026406233058,85.35832079467649,54.97186153905164,25.40357212492768,55.5,0.7,93.9,0.0
2015-11-13,792188.0,0,6.633658235042312,11.136601187606171,2.24773976854207,70.8541051873957,38.10195268040606,29.451445493324588,55.5,0.7,93.9,0.0
2015-11-14,761529.0,0,6.451591098080224,13.749250784775056,8.22397232086635,83.4143873695658,84.7493801924423,26.311916090353566,55.5,0.7,93.9,0.0
2015-11-15,703432.0,0,12.121338858702131,15.019004194400466,5.273923074956068,84.52860600972834,89.69536112007876,34.50101081203288,55.5,0.7,93.9,0.0
2015-11-16,803340.5,0,9.094569020987738,13.62694950553086,3.132628507453365,78.12956951519871,84.39102373036341,27.1721263660569,55.5,0.7,93.9,0.0
2015-11-17,846926.5,0,9.144636111356304,13.81708474414993,6.636641528191293,85.39896708063188,85.28770875803308,29.228735251429217,55.5,0.7,93.9,0.0
2015-11-18,820855.0,0,8.378571119909104,13.35632480319462,4.59634773329278,80.04379704992932,66.00762809100071,33.81448460434478,55.5,0.7,93.9,0.0
2015-11-19,848558.0,0,7.450311912279274,10.885924152385158,2.762141023960872,81.20281221101874,55.80638707439154,26.04621001654992,55.5,0.7,93.9,0.0
2015-11-20,848293.0,0,3.5377022269490537,8.35192614115403,0.9637469053418796,77.432019867281,51.72176766048149,22.776905407651515,55.5,0.7,93.9,0.0
2015-11-21,796168.0,0,0.537957615385353,4.790358764585678,1.790805476902522,72.60944486339001,47.75982133658742,27.12172242542516,55.5,0.7,93.9,0.0
2015-11-22,828196.0,0,0.1808852566294959,5.661988986471651,0.4790550947495862,83.48377216173533,49.120251901913136,12.398426399078064,55.5,0.7,93.9,0.0
2015-11-23,928111.5,0,-0.1264743345916452,7.036152946247304,2.2247593011242195,82.72773072460426,62.676574556765296,16.121502689024016,55.5,0.7,93.9,0.0
2015-11-24,909214.5,0,5.904506945877015,9.114435379948656,5.278739734057946,88.5959202484873,77.62639010665859,22.430765776209963,55.5,0.7,93.9,0.0
2015-11-25,898015.5,0,5.970574239339243,9.34147829688507,0.3404371253001839,87.05366857597657,62.40509435925794,19.76586420287336,55.5,0.7,93.9,0.0
2015-11-26,902640.5,0,6.348777789839367,10.546161717262642,0.0197269349158575,92.30536446030564,69.4258331020049,13.02810642021849,55.5,0.7,93.9,0.0
2015-11-27,844154.5,0,4.96723435053917,11.962065220357854,3.759481288398164,88.02489572394408,82.69450029246963,25.2163902578724,55.5,0.7,93.9,0.0
2015-11-28,780206.5,0,3.4843837170762675,8.718492437096902,4.437987506236033,78.64809426656265,61.5364140974048,29.162410725459907,55.5,0.7,93.9,0.0
2015-11-29,760763.5,0,6.542856466258791,10.940303556179863,4.181092597801523,78.48764263580168,75.01976166184217,34.88851405759746,55.5,0.7,93.9,0.0
2015-11-30,901527.5,0,5.403636098816623,11.477298105598376,7.12516231511039,84.79302486065586,84.3783304072028,25.73400459149037,55.5,0.7,93.9,0.0
2015-12-01,883548.0,0,6.267259242421299,12.332111554480369,2.3036333173431904,86.66651017164857,81.11787033059764,22.283190046984465,52.7,0.1,94.0,0.0
2015-12-02,862135.5,0,9.186702055204597,12.049002631243132,0.7880516184302827,84.67128966504052,73.89744639839452,24.95760710240174,52.7,0.1,94.0,0.0
2015-12-03,883330.0,0,8.462527682575915,11.54421044449728,8.254667564442283,88.26491781037986,87.45266751293124,23.223422544970123,52.7,0.1,94.0,0.0
2015-12-04,835347.0,0,6.272937151731865,10.585447355590205,1.4882291010228692,82.53271753458063,69.74447677749369,30.202259158823423,52.7,0.1,94.0,0.0
2015-12-05,762370.5,0,10.005228340220732,11.914822385863696,9.655270357373542,78.4576402803086,81.83314371163257,43.40100187443648,52.7,0.1,94.0,0.0
2015-12-06,757324.0,0,8.502903412612804,12.812357653102747,2.1351104792026927,82.34474462262813,81.02162255977187,27.83526594512685,52.7,0.1,94.0,0.0
2015-12-07,852932.0,0,8.866719784101111,12.928257594067894,1.3905252795672776,89.39390933232589,73.8490881776868,22.816452243238345,52.7,0.1,94.0,0.0
2015-12-08,844183.0,0,6.270800887932376,12.340276807933144,2.5977375295327936,82.03258385481607,49.85216236662144,26.849700900939222,52.7,0.1,94.0,0.0
2015-12-09,864933.0,0,4.8431882422538575,10.319051553211644,1.897513431904244,80.69838465853587,49.44538509299895,28.07152800196897,52.7,0.1,94.0,0.0
2015-12-10,879374.0,0,7.183774131817622,10.485419270392166,7.805660264626616,82.9846014403668,77.85767260379598,27.07703369043559,52.7,0.1,94.0,0.0
2015-12-11,873821.5,0,4.750835748246473,8.410664375060394,0.926805986111934,81.6293893955849,53.91220153099674,23.06685720118247,52.7,0.1,94.0,0.0
2015-12-12,827362.5,0,3.614093796570471,10.60282606306378,10.34005758326164,86.97865360519526,82.11969416270458,23.10066321391049,52.7,0.1,94.0,0.0
2015-12-13,832078.0,0,3.751003389647977,7.787756888280537,1.516454422315322,90.76719534536863,80.23773613019041,11.557108121435258,52.7,0.1,94.0,0.0
2015-12-14,919926.0,0,6.375070873787124,8.24680361064142,1.865984542322531,92.75090359468406,85.38222886504327,13.697185551508708,52.7,0.1,94.0,0.0
2015-12-15,905773.5,0,7.232725374954913,11.490936637973745,3.7948077897360974,94.8086839260218,95.18858392943946,17.770916895351935,52.7,0.1,94.0,0.0
2015-12-16,860695.5,0,11.436550380382627,13.42673199430846,2.0679201835145484,91.52950734542569,85.9177670902948,23.74827728444104,52.7,0.1,94.0,0.0
2015-12-17,838310.5,0,11.242700168966058,13.802730650841426,1.1094043614486924,86.25511966298254,69.27952008488136,24.87729488462141,52.7,0.1,94.0,0.0
2015-12-18,820342.5,0,7.293381427109169,11.340276807933144,0.4415419972368443,89.54934928581598,63.9679737768217,18.914380884583544,52.7,0.1,94.0,0.0
2015-12-19,718028.5,0,7.428686571033976,9.380961512029858,2.253024292989408,89.05108272772,62.270414263125296,22.181385430095087,52.7,0.1,94.0,0.0
2015-12-20,697340.5,0,6.13465802875226,8.614218855304125,1.1330099412011885,89.59581323091282,65.42636686829327,21.49107223864538,52.7,0.1,94.0,0.0
2015-12-21,820867.5,0,6.5562299441935,11.295104096566364,2.633148418623246,82.69622952374536,45.80062390754173,28.557780085461616,52.7,0.1,94.0,0.0
2015-12-22,801499.5,0,8.57521520613392,13.47558195185795,6.6982113112720185,86.35848062951167,86.91307276223854,34.52503533546967,52.7,0.1,94.0,0.0
2015-12-23,770599.5,0,6.832058306936484,9.654624029004529,0.8744031480501165,78.8269216170337,33.98028989530349,28.113024773369848,52.7,0.1,94.0,0.0
2015-12-24,725932.0,0,5.240984184265454,11.000156069857336,4.839915328567927,78.5069125915366,62.291722055381626,32.1542202389719,52.7,0.1,94.0,0.0
2015-12-25,676275.5,1,4.6073417774973695,11.99928688246065,6.47756814671378,86.35719651082138,80.5475669299344,25.70744941898247,52.7,0.1,94.0,0.0
2015-12-26,624018.0,0,10.690843208127484,12.884753858963991,9.658610959214316,85.26601888967761,94.66202159579,33.31663872489636,52.7,0.1,94.0,0.0
2015-12-27,685979.5,0,7.897723239520944,11.487485351931074,2.3950469411291464,89.52756839720006,70.99247491571982,18.89949546838045,52.7,0.1,94.0,0.0
2015-12-28,677929.0,1,6.023144732633095,10.135699636767232,0.6006724895865322,89.24065053039163,57.332526408937696,18.93335219305504,52.7,0.1,94.0,0.0
2015-12-29,702994.5,0,6.716009979742267,10.255407153617735,1.0570694942992396,83.81769645316344,49.35017087774573,24.75760479423981,52.7,0.1,94.0,0.0
2015-12-30,733931.5,0,8.360723818682109,12.31150530821922,11.46391290398366,81.81718904172001,87.74237341499042,35.59965871782004,52.7,0.1,94.0,0.0
2015-12-31,725953.0,0,4.540795563485333,8.895483907531899,3.6634803280061,79.34407576278758,39.290359118032576,26.78480387016365,52.7,0.1,94.0,0.0
2016-01-01,704640.0,1,1.4764116300380936,7.06267643147224,1.8736431987964857,82.83135951168022,62.8603001895213,22.42421512966645,51.9,2.6,96.5,0.0
2016-01-02,721705.0,0,7.161543213094181,9.295586321076328,4.694127153966879,90.79870340002395,98.0963479499711,25.427530907241028,51.9,2.6,96.5,0.0
2016-01-03,740383.0,0,5.877231018303263,8.75117112325302,10.782668001302651,90.17610773024636,75.06187452192465,22.469296067777226,51.9,2.6,96.5,0.0
2016-01-04,866348.5,0,3.939779133183464,6.535012726547169,1.4623015011473808,89.69718897840691,60.14180159015453,17.000216201932144,51.9,2.6,96.5,0.0
2016-01-05,890485.0,0,4.215961173335523,8.388234235223276,3.390252607577557,91.63710469576642,70.86965569846149,13.950718791130464,51.9,2.6,96.5,0.0
2016-01-06,897257.5,0,4.165178230055944,7.766213454512552,1.135626763700032,93.069688771871,71.96926494908274,11.90738022329976,51.9,2.6,96.5,0.0
2016-01-07,869104.0,0,3.086769062589976,8.259703761707698,13.074622020811445,83.66516132607376,64.27236261611192,30.116723979362146,51.9,2.6,96.5,0.0
2016-01-08,903678.0,0,2.4599405281025324,7.373183544176191,1.825588155619412,85.96141162020305,48.44437100774043,17.834546065994623,51.9,2.6,96.5,0.0
2016-01-09,808575.0,0,4.2576278758591215,8.58920693953341,8.248040284463901,90.02657687107413,84.80092376881844,23.58883485215101,51.9,2.6,96.5,0.0
2016-01-10,777712.0,0,3.661142511880119,6.859499663026798,3.2371006249801764,81.78895487349797,42.56885958544305,25.19843478652668,51.9,2.6,96.5,0.0
2016-01-11,927894.5,0,2.390151392679137,6.047078804397937,3.309681532971125,89.41517325106483,69.78764390821051,14.861026599737553,51.9,2.6,96.5,0.0
2016-01-12,918697.5,0,3.6097228877951775,6.466558145150008,3.1471697140141264,84.64987448639555,72.61207243374807,25.58824876035415,51.9,2.6,96.5,0.0
2016-01-13,942786.0,0,1.970841706439176,5.62568401195548,2.261681217204738,83.40436572078949,59.841221694435504,19.892614302883462,51.9,2.6,96.5,0.0
2016-01-14,939504.0,0,0.7873056134252288,4.256373969195167,3.21435622013681,80.61861186219431,47.97681285373888,25.56530360228163,51.9,2.6,96.5,0.0
2016-01-15,936649.0,0,0.4972278391252318,4.114454312408703,0.191911287778556,79.64355039931509,21.01986918653612,20.57343109838511,51.9,2.6,96.5,0.0
2016-01-16,893470.0,0,-0.8359321771665189,3.673428003419645,1.4750010388265415,81.67013667515022,52.27804804001093,11.593112066763233,51.9,2.6,96.5,0.0
2016-01-17,875514.0,0,0.0580522703093047,3.134030829544178,1.3978732992442506,85.32437510895384,87.18182186018059,15.5376051673568,51.9,2.6,96.5,0.0
2016-01-18,978172.5,0,0.0288250546029359,3.7949853998769134,1.2687997853009856,86.15553841150268,82.15259504402289,15.48699338458047,51.9,2.6,96.5,0.0
2016-01-19,992275.5,0,-1.1270571070610946,4.174837657228548,0.0,81.34271405481906,41.68423547222596,5.439043502613294,51.9,2.6,96.5,0.0
2016-01-20,989127.5,0,-0.6336250878699728,4.144582218387648,0.0,82.91170814985854,19.28357757845968,7.302386839211042,51.9,2.6,96.5,0.0
2016-01-21,967829.5,0,-0.8224783284801488,5.591418840969548,0.8856519967352571,86.69956704598793,59.01223800671684,18.97820297576473,51.9,2.6,96.5,0.0
2016-01-22,896485.0,0,4.09587075055402,9.733933994313867,7.009524001687693,88.19315948396998,61.02848554580438,26.17753938996664,51.9,2.6,96.5,0.0
2016-01-23,800166.5,0,4.814140792714396,9.471215438118024,3.098650298469003,90.95305422994186,55.613540974884,20.928284932417263,51.9,2.6,96.5,0.0
2016-01-24,759352.0,0,9.173638457997846,13.031900088736686,0.7219162311176373,93.11980649734984,87.80898068311267,23.06581354932237,51.9,2.6,96.5,0.0
2016-01-25,836280.0,0,6.778130254833371,12.263780249215102,0.4921325378544703,87.37329254412677,51.809855172212856,27.830566269265315,51.9,2.6,96.5,0.0
2016-01-26,861883.0,0,6.047077943831571,11.68243633530026,6.716596952082927,85.6366593680394,76.77684444574486,35.08546273821399,51.9,2.6,96.5,0.0
2016-01-27,862767.5,0,5.056286787675411,12.094938034918831,4.6407787931982805,84.66934622957599,83.46502590673575,32.42238671811706,51.9,2.6,96.5,0.0
2016-01-28,861160.5,0,2.813221508061417,8.843147887838205,1.7107534897810202,78.39527093272362,47.65870939878621,26.888570624468755,51.9,2.6,96.5,0.0
2016-01-29,837025.5,0,7.927720354779549,11.0550799201837,3.3832851011497413,82.16202858789173,90.7264097859673,38.08456558241042,51.9,2.6,96.5,0.0
2016-01-30,756203.5,0,3.228679376084467,8.709098632953447,3.2756330664266256,74.58485311914738,57.30353654050846,29.9944731661884,51.9,2.6,96.5,0.0
2016-01-31,787618.0,0,2.7547784791530256,11.361099025617586,2.431744327761207,88.43663881894396,86.3503078768377,22.5536185094548,51.9,2.6,96.5,0.0
2016-02-01,830395.0,0,7.381241718585455,11.770604079477977,0.9719052896309868,80.44882720478947,83.19527237417229,37.30574413911277,52.9,-1.1,95.4,0.0
2016-02-02,847272.5,0,3.450122142028365,7.641481859015133,0.5244389506843838,71.02018845665782,46.002787896945456,32.35074535189665,52.9,-1.1,95.4,0.0
2016-02-03,896386.5,0,2.67828995751015,6.958434644533227,1.2573467933699016,78.11976562044745,43.07373667628124,23.22079792512532,52.9,-1.1,95.4,0.0
2016-02-04,886713.5,0,3.848539505159587,10.782234480238817,2.488084027974308,89.93736711933278,88.51133020140449,22.74147243273997,52.9,-1.1,95.4,0.0
2016-02-05,842327.5,0,7.062441589057923,9.922864363184578,3.082004742827118,88.12929915905455,91.4442842288428,27.021193398398708,52.9,-1.1,95.4,0.0
2016-02-06,782583.5,0,5.885873563376656,9.945430841321643,10.488225832407403,87.3060758106105,91.99634340741008,29.60217618178505,52.9,-1.1,95.4,0.0
2016-02-07,732732.5,0,4.024737610241625,8.6066726103117,5.924873710349098,79.7894885475828,62.19456873823022,32.01693734449873,52.9,-1.1,95.4,0.0
2016-02-08,871253.5,0,4.915177876609044,8.87881655036317,5.7552938385415215,78.07175831104261,76.61992942003482,36.6603634841775,52.9,-1.1,95.4,0.0
2016-02-09,886232.0,0,3.208680612841273,6.211793665567683,1.619020233206109,77.89608263121363,59.24551637239804,23.86909287269101,52.9,-1.1,95.4,0.0
2016-02-10,899968.0,0,1.9389886568747328,7.082308808585207,0.1958296047246568,82.42201432338953,47.00242034290373,18.654140820990147,52.9,-1.1,95.4,0.0
2016-02-11,917140.0,0,0.5737761701305283,7.115093590280419,0.1084668327887587,81.52946238083307,34.30961562741804,10.728998169821216,52.9,-1.1,95.4,0.0
2016-02-12,918182.5,0,0.9146932701743188,6.245150478020029,0.4180533761370848,86.8636453339231,61.85072091795877,14.490547446834825,52.9,-1.1,95.4,0.0
2016-02-13,833380.5,0,1.1190806710893222,4.876772167390485,1.7991890391383123,85.11587042046536,80.78106429438844,20.76334750727117,52.9,-1.1,95.4,0.0
2016-02-14,788491.5,0,0.4417916444661034,5.164495662622579,0.346933250354246,77.55213967225698,52.42182015810325,21.066463138623227,52.9,-1.1,95.4,0.0
2016-02-15,914168.5,0,-0.5064472710088223,5.437853446900228,0.068303647276959,75.41828502830894,24.16820551812365,18.4315923809388,52.9,-1.1,95.4,0.0
2016-02-16,902146.5,0,-1.2908437244673032,6.558973691010942,2.128714962040418,76.85546841672263,25.190169630539188,19.76417693957521,52.9,-1.1,95.4,0.0
2016-02-17,941549.5,0,1.7583257644472496,5.564202031231675,9.898918504733976,86.68576326950307,83.6889235150743,19.676827809152936,52.9,-1.1,95.4,0.0
2016-02-18,913229.0,0,0.5726068294792663,6.513520773088565,1.1062381318677803,82.34270348214656,37.129378300425685,13.566199083054244,52.9,-1.1,95.4,0.0
2016-02-19,871754.0,0,0.2768786225233822,8.462465921571916,1.672363674915892,85.79970482266309,56.52937277436023,23.78991498895156,52.9,-1.1,95.4,0.0
2016-02-20,761652.0,0,6.7855445565612165,10.330744637011875,2.793542869359387,85.50864524971054,92.10690262740746,31.15041264771929,52.9,-1.1,95.4,0.0
2016-02-21,724329.5,0,8.808942142033283,12.133652625993678,1.420039677026984,86.51812583275164,93.82945371062694,32.28263066347946,52.9,-1.1,95.4,0.0
2016-02-22,858902.0,0,3.06841834540626,9.7963940701814,1.3178845929484209,79.43361019392495,52.38749268825934,19.855311209688303,52.9,-1.1,95.4,0.0
2016-02-23,889517.5,0,0.8830513052455946,6.968220882306731,0.2951119523079037,79.66850230594905,20.09743367737957,12.692145260406154,52.9,-1.1,95.4,0.0
2016-02-24,918381.5,0,-0.4444512709212904,6.206624443182827,0.091793737486443,73.67761175437764,33.5279244565339,8.698684074162134,52.9,-1.1,95.4,0.0
2016-02-25,931423.0,0,-0.9376694086360048,5.325881591846159,0.0185367040160665,72.31376970420366,44.1342039109545,9.667053250494396,52.9,-1.1,95.4,0.0
2016-02-26,923054.5,0,-0.2123590115682248,6.1963886977885165,0.0381476683937823,71.91391593286993,74.91152695453677,12.961114555767036,52.9,-1.1,95.4,0.0
2016-02-27,828556.5,0,-0.3140588084007997,5.741037431809336,0.0203423520483569,76.10586375476416,58.64293092983704,16.39861501678473,52.9,-1.1,95.4,0.0
2016-02-28,803324.5,0,0.5648129104133202,6.832384108142212,0.0040684704096713,75.57611972285338,38.22255452548494,16.66658756115246,52.9,-1.1,95.4,0.0
2016-02-29,899973.0,0,2.294675150334797,8.86265519853389,3.860353722896155,81.83470570873911,64.97200254899758,23.26121391737432,52.9,-1.1,95.4,0.0
2016-03-01,863991.5,0,4.024537390256274,10.892926288925567,7.716638975382638,88.09329169462482,91.72145057251022,29.855840273596176,50.8,-0.2,95.3,0.0
2016-03-02,884512.0,0,2.6830360732209204,6.433663487570594,4.07003344253101,76.73521351819446,69.62997751585962,29.51241193332627,50.8,-0.2,95.3,0.0
2016-03-03,896184.5,0,1.8007872000096383,7.752879070878459,2.9940512412563383,80.5750622404624,59.78838459460808,19.577564521577965,50.8,-0.2,95.3,0.0
2016-03-04,876073.0,0,1.3695260910198916,5.636928909718966,8.437263213627732,82.68505296417167,67.53919415704942,18.25361425579819,50.8,-0.2,95.3,0.0
2016-03-05,805274.5,0,0.1900199534605709,6.339634133897734,1.6028819491656072,82.4002494935567,60.64048028270343,19.61607667978252,50.8,-0.2,95.3,0.0
2016-03-06,804635.5,0,-0.4260117309948221,5.420095122088551,0.6894163737257778,79.57571144558185,58.29499640283259,14.14824692488903,50.8,-0.2,95.3,0.0
2016-03-07,903310.5,0,-1.1203186726427674,6.259518724571801,0.5332129534170509,73.91464704546667,27.62436172099996,14.81045563239457,50.8,-0.2,95.3,0.0
2016-03-08,936328.0,0,-1.3618155700551426,7.7882103760207855,0.6132731097721245,82.52056563060214,73.72600057129313,15.499115583652092,50.8,-0.2,95.3,0.0
2016-03-09,922573.5,0,3.733897404876068,7.026427485973383,15.35619617157382,89.63603123142867,86.69679001369283,23.067425543798034,50.8,-0.2,95.3,0.0
2016-03-10,921704.5,0,2.103667574031451,8.471183289817361,0.2090342011202607,85.19329702091595,54.98672837624158,10.308129721282224,50.8,-0.2,95.3,0.0
2016-03-11,876018.0,0,1.0461233605903386,9.464965267541478,0.1247721343201488,81.7580205092635,32.91097196606713,8.61631800717909,50.8,-0.2,95.3,0.0
2016-03-12,777043.5,0,2.0731910925726,10.872278458868246,0.2079535572002481,84.07521629720914,64.51259128457725,8.476229773924299,50.8,-0.2,95.3,0.0
2016-03-13,739725.5,0,2.410374917416364,10.077272666641916,0.0,81.87923961093549,29.916173183080087,12.172137415114348,50.8,-0.2,95.3,0.0
2016-03-14,832186.0,0,1.523091039438773,9.513322735253642,0.0,78.8474084597116,18.232944004913588,18.568793506239967,50.8,-0.2,95.3,0.0
2016-03-15,879220.5,0,2.726278442025734,8.889308191313246,0.0,87.97713147843581,66.02814453101469,17.017032099002506,50.8,-0.2,95.3,0.0
2016-03-16,860003.5,0,2.9809878453606498,8.880291207667204,0.0,83.07776981275796,53.82295853987951,20.6376056222276,50.8,-0.2,95.3,0.0
2016-03-17,856513.5,0,1.503719767381535,10.235882547074825,0.0,80.06643887372516,11.60730686309053,11.41355431058922,50.8,-0.2,95.3,0.0
2016-03-18,892179.5,0,1.685585700853854,7.904376662276139,0.0,84.86028225593293,49.70263073908636,12.91092239129756,50.8,-0.2,95.3,0.0
2016-03-19,798009.0,0,2.851703607912195,8.01632711074186,0.0,83.88171552183884,72.12738272385974,15.398811225916129,50.8,-0.2,95.3,0.0
2016-03-20,762903.5,0,2.435958848576955,9.128079751881506,0.0,81.44153149218027,62.42660871817656,12.21611169561325,50.8,-0.2,95.3,0.0
2016-03-21,847691.0,0,2.745372534876911,9.792522166960202,0.0083181422880099,81.47327498857291,40.589281255586,13.559536593617697,50.8,-0.2,95.3,0.0
2016-03-22,859689.5,0,2.610601234076756,10.400402797307851,0.0,80.64125700531756,44.9685052687561,8.854700806891612,50.8,-0.2,95.3,0.0
2016-03-23,871506.0,0,3.202989134243189,9.362425757710245,0.0332725691520397,80.26363899339306,63.485607841997066,9.278260015947524,50.8,-0.2,95.3,0.0
2016-03-24,835583.5,0,3.924900709082098,9.253479992077873,3.78487549387289,87.32689497021089,87.53632424505587,19.474406925321773,50.8,-0.2,95.3,0.0
2016-03-25,678216.0,1,4.468306001540659,12.508772183249494,1.1765196587780598,77.31893207279211,43.26640662092716,17.972277377013388,50.8,-0.2,95.3,0.0
2016-03-26,674362.0,0,5.705190324701525,11.960777044711833,5.925704218361093,84.98928551846296,78.11033448923789,32.77122222737196,50.8,-0.2,95.3,0.0
2016-03-27,601864.5,0,4.391303906184497,10.367567918356348,3.367597506472074,77.11633254460376,53.469340494515855,29.045892529029977,50.8,-0.2,95.3,0.0
2016-03-28,681970.0,1,4.08385546148609,9.447386232511755,12.21520352609692,80.45258867890523,74.93356023497395,30.29200917720266,50.8,-0.2,95.3,0.0
2016-03-29,800882.0,0,2.95953982688847,9.837921529993563,3.068501221020735,79.02562772784171,60.24945235707898,20.852136657201257,50.8,-0.2,95.3,0.0
2016-03-30,809553.5,0,2.541195650009134,10.40670152841504,0.7768358446913751,78.70275618200142,37.348481924049366,15.069284874267566,50.8,-0.2,95.3,0.0
2016-03-31,801702.0,0,1.823613707494476,10.8123387206427,0.5222659115032889,77.48958293634587,25.64413593789072,9.759428979793656,50.8,-0.2,95.3,0.0
2016-04-01,773340.0,0,1.6507123860579398,10.331901238207475,1.851966182077648,77.62905646397215,60.38048505024109,20.745204908842663,51.0,0.7,95.9,0.0
2016-04-02,700704.5,0,5.751075093266953,11.551650501747073,4.703934135999974,81.7717894481778,67.17489732828567,17.10139498729927,51.0,0.7,95.9,0.0
2016-04-03,687004.5,0,5.392184557554556,12.976415364281433,3.8937186600170297,85.45272461765651,77.10950006257546,13.695099584739848,51.0,0.7,95.9,0.0
2016-04-04,798305.5,0,5.98891825639911,11.564441222579587,5.5327887956226185,88.04907385847716,73.16915366248439,13.14659697328974,51.0,0.7,95.9,0.0
2016-04-05,769362.5,0,4.892210144036681,11.859570337039589,1.233709180571165,81.08339610345385,44.84828427039585,17.110877844694325,51.0,0.7,95.9,0.0
2016-04-06,749485.5,0,4.428896887306867,9.444675448459574,3.13490344383907,77.80052237607782,60.40576925843029,28.317412635302546,51.0,0.7,95.9,0.0
2016-04-07,795935.5,0,3.9207378422257295,10.33611374130244,3.81902052979416,81.26694422902966,65.20461929281606,21.34046312055133,51.0,0.7,95.9,0.0
2016-04-08,792358.0,0,3.6581400572989673,11.584617677410058,1.0687522343990996,82.91747750971273,54.75422007915243,11.919264567974786,51.0,0.7,95.9,0.0
2016-04-09,710136.5,0,3.20424554576996,9.430382639770116,4.630836508618327,81.22742997202667,60.45632830078221,14.45277185660309,51.0,0.7,95.9,0.0
2016-04-10,667823.5,0,1.2294101352343163,11.333608263797522,1.2068928000469132,74.32480866536238,39.09383835404143,19.71426754799317,51.0,0.7,95.9,0.0
2016-04-11,774287.0,0,5.738031596431748,13.125147126114031,5.961811892670655,86.81724785221076,82.80941551500348,20.198884570758104,51.0,0.7,95.9,0.0
2016-04-12,794969.0,0,5.345943437677415,12.068609990462466,3.890341516376947,84.49735403503587,72.96642090018193,12.16614625964664,51.0,0.7,95.9,0.0
2016-04-13,778351.0,0,3.6259559201925504,11.855020476561982,1.007145044342526,83.8458727021956,62.92345125407878,10.889834627420251,51.0,0.7,95.9,0.0
2016-04-14,789971.0,0,4.561719573877041,12.153808181355265,1.6784755893588756,83.2750538837483,61.39456345496743,12.522445691500726,51.0,0.7,95.9,0.0
2016-04-15,810600.0,0,4.612510554231786,10.62712647485708,7.114446997594594,80.9758944911213,62.66899178380409,12.80915504000527,51.0,0.7,95.9,0.0
2016-04-16,706621.5,0,3.5973721929861875,10.10443882590226,3.643074168035172,79.31498728267319,60.914122299757885,13.995655722680276,51.0,0.7,95.9,0.0
2016-04-17,669148.5,0,2.6403511362795355,11.080887183683464,0.4498925383117999,79.9970007110737,63.1791612809555,14.70471094313402,51.0,0.7,95.9,0.0
2016-04-18,771060.5,0,3.847398686136448,11.758205054647194,0.1095505563069802,78.94642920587674,60.60597808715275,17.48509036500062,51.0,0.7,95.9,0.0
2016-04-19,770819.0,0,4.487287667543051,12.44635633434626,0.0,80.26424693742871,61.04983616660466,11.850424775558144,51.0,0.7,95.9,0.0
2016-04-20,747131.5,0,3.5715379599512085,13.125684150260788,0.0,79.73475549711354,56.98611794271038,12.1900508416462,51.0,0.7,95.9,0.0
2016-04-21,758098.5,0,3.915738981246784,14.548132168364154,0.0143175177012354,73.7369706410408,42.96512113762448,16.24137254557252,51.0,0.7,95.9,0.0
2016-04-22,780631.5,0,3.9505156667336254,10.76320728105532,1.7378047849456946,78.61109778086981,66.70002217802462,17.335256110082668,51.0,0.7,95.9,0.0
2016-04-23,675863.0,0,2.012966614450778,9.495728517374468,0.3213186799575814,71.57737233866779,42.04148294086999,16.32214057154884,51.0,0.7,95.9,0.0
2016-04-24,672825.5,0,2.558271207613111,9.256451527738882,1.1376449823817476,75.48412937361341,71.54017418846747,15.492772256766449,51.0,0.7,95.9,0.0
2016-04-25,772529.0,0,2.3551029218932755,9.687116187400866,1.9804470270382573,78.82699951365707,77.2119587560046,20.661217150645093,51.0,0.7,95.9,0.0
2016-04-26,769843.0,0,0.8884497763633892,8.488688162467062,1.5699260423118353,68.08515808235325,41.64236191106219,22.99529986312077,51.0,0.7,95.9,0.0
2016-04-27,806466.0,0,0.0331321124273405,8.550598121285272,2.0599745327677854,71.82619854151213,42.43004708035649,13.87981457683862,51.0,0.7,95.9,0.0
2016-04-28,805179.5,0,-0.0662677900581964,8.67832567101433,4.150230977549299,76.5728083249469,61.67879045368813,18.35319212648162,51.0,0.7,95.9,0.0
2016-04-29,752711.0,0,2.1160963652381346,8.934776753102772,2.5231517155144627,75.60182358008393,54.58654656008265,24.34406446785404,51.0,0.7,95.9,0.0
2016-04-30,684538.0,0,1.5549016139061624,10.620046288020744,1.3117366468990477,74.2552845997469,32.797220890051825,14.316373101867208,51.0,0.7,95.9,0.0
2016-05-01,636344.5,0,2.321607297012679,12.688029786168928,0.9618495870142012,80.27585594696846,60.66738123385055,19.174257343520143,49.2,1.3,97.2,0.0
2016-05-02,645442.5,1,5.699992995604473,13.25115020841688,3.3559847150504947,84.31586160273355,71.42061318304074,25.798107534651933,49.2,1.3,97.2,0.0
2016-05-03,727193.0,0,4.4481259507721616,12.737255304100795,0.319187965274426,73.24407612238139,37.53400086954085,18.04052548395179,49.2,1.3,97.2,0.0
2016-05-04,715491.5,0,4.081341301481231,15.115999182707828,0.0,71.50068829942005,19.383320032460563,15.453007820827132,49.2,1.3,97.2,0.0
2016-05-05,707870.0,0,5.986568387733831,16.927060331111516,0.0166362845760198,68.4768095958805,24.950223612023244,14.893389919055128,49.2,1.3,97.2,0.0
2016-05-06,713804.0,0,7.543260317760442,18.416281322464297,0.0,69.70622616999529,48.69581033572169,12.032398494967778,49.2,1.3,97.2,0.0
2016-05-07,614409.0,0,8.992225028761357,18.942927776476,1.3040579023473546,76.9352261838873,50.07328371102771,16.08105167479738,49.2,1.3,97.2,0.0
2016-05-08,574660.5,0,9.989475104306791,22.110195384831755,0.1569324706196495,70.97505359484389,27.481278025265738,17.641005842876808,49.2,1.3,97.2,0.0
2016-05-09,683974.0,0,11.399006912560802,20.47494348845083,1.5634763863047991,75.45544795675728,31.67650873880557,19.94721748466778,49.2,1.3,97.2,0.0
2016-05-10,736363.5,0,11.517644699316882,17.029338751254276,8.73737441263272,88.8694188275693,81.63481039510077,17.922618102898657,49.2,1.3,97.2,0.0
2016-05-11,732329.0,0,10.945471503082423,18.02127327739816,6.411878512801171,88.25140694917175,75.07647472184651,16.602991092031672,49.2,1.3,97.2,0.0
2016-05-12,676114.5,0,9.731984027765312,18.545785173375847,0.3686705881651471,84.76057299520615,31.27490663469621,19.583783604194547,49.2,1.3,97.2,0.0
2016-05-13,672152.5,0,6.549135680950183,14.206317666640686,0.019302675697532,83.24658717820043,64.19529362708808,20.664122269023373,49.2,1.3,97.2,0.0
2016-05-14,605304.5,0,4.286415004072937,11.143603016801451,0.0195153277934168,72.86857799276092,46.05867887019439,12.329763376213306,49.2,1.3,97.2,0.0
2016-05-15,598370.0,0,3.590882108800668,13.088511448237302,0.0428554166751698,77.07163709412309,47.51926339391638,9.08852288147616,49.2,1.3,97.2,0.0
2016-05-16,698395.5,0,5.739977121843166,13.256605123467915,0.0720764977727313,81.42929723507403,47.48868811636529,9.276587320808568,49.2,1.3,97.2,0.0
2016-05-17,707053.5,0,5.3936609513585765,15.291832960872014,0.5771450615538534,83.39898519862733,51.45538827033291,13.135385130495054,49.2,1.3,97.2,0.0
2016-05-18,727984.5,0,8.393171089322117,13.290480396421126,7.873850366318514,89.91504562599933,89.33851012665323,15.310292462864718,49.2,1.3,97.2,0.0
2016-05-19,716202.0,0,6.970782588603298,14.98685869057697,2.269239691459912,80.1576755819703,62.48207749141954,12.898713951182282,49.2,1.3,97.2,0.0
2016-05-20,679708.0,0,8.604400469229958,15.375917348378657,1.796992692439236,82.15688608916598,62.713998313658735,13.289028989776224,49.2,1.3,97.2,0.0
2016-05-21,612916.5,0,9.20051875555219,16.372961149239664,5.260841033968029,81.56612727186447,64.83810844193476,15.139312939795516,49.2,1.3,97.2,0.0
2016-05-22,605629.0,0,8.556954955989406,15.35698745466352,2.287915370797148,85.20567688277782,63.18878902084513,9.868096475144752,49.2,1.3,97.2,0.0
2016-05-23,691366.5,0,6.816069076063986,15.757865930030054,0.5499820618014506,82.93048498569861,29.590679537625068,13.095163088390738,49.2,1.3,97.2,0.0
2016-05-24,682831.0,0,6.124433716596809,15.161015455403115,0.0,80.27209193725537,27.74870206614608,14.26378442910888,49.2,1.3,97.2,0.0
2016-05-25,734871.5,0,6.077612636458165,11.47075369816102,1.5288362388922396,85.25046702629325,84.55669710879206,12.78835094031628,49.2,1.3,97.2,0.0
2016-05-26,725206.0,0,6.643306121405261,11.79061117177421,0.439671926591722,92.8637662434975,64.68604862408961,7.796070205249996,49.2,1.3,97.2,0.0
2016-05-27,697646.0,0,7.898169873464781,14.786673327655237,0.1996268153954831,90.40555995639632,49.46634032965593,9.607739420627382,49.2,1.3,97.2,0.0
2016-05-28,602044.5,0,8.719235582255514,15.536618297509596,0.3200936499053745,91.18868793503168,40.372122127767554,10.31185320753984,49.2,1.3,97.2,0.0
2016-05-29,559873.0,0,7.201724501234176,17.38152648921624,0.1436836180619602,84.8163592098673,40.19353363056476,14.08648707343262,49.2,1.3,97.2,0.0
2016-05-30,586150.5,1,8.50165477691784,16.14467188632951,0.0,85.77416498016149,64.24692209218928,18.834196952660736,49.2,1.3,97.2,0.0
2016-05-31,671669.5,0,9.794940773363946,16.287223659846145,4.876968311979404,79.52969952833587,61.63274681842468,17.42582720097839,49.2,1.3,97.2,0.0
2016-06-01,703312.5,0,9.95077786286457,14.288511835492166,0.3013216301634904,86.54651473387969,85.95659793466531,20.32705990697524,50.1,-1.1,96.1,0.0
2016-06-02,682874.0,0,8.301772640701985,14.11022501290235,0.0,83.71960980568657,71.62333454283888,20.38027147610982,50.1,-1.1,96.1,0.0
2016-06-03,699346.0,0,6.937760013980515,15.883082669816176,0.0,85.6877961116661,77.7970372052345,11.698511023486333,50.1,-1.1,96.1,0.0
2016-06-04,626415.5,0,10.705900906643548,18.843794849338188,0.082420150505681,89.36303523847154,76.43603254993928,10.11114296060401,50.1,-1.1,96.1,0.0
2016-06-05,579785.5,0,9.801617569716326,20.7816877900877,0.0487581105306522,84.65142037093361,28.05179330966202,11.14490511518189,50.1,-1.1,96.1,0.0
2016-06-06,684445.5,0,9.481564394091205,21.49583269200649,0.3106299201345237,79.82430641731715,13.681864811662592,10.309089636961472,50.1,-1.1,96.1,0.0
2016-06-07,713304.0,0,11.11661122980097,22.04433010932389,6.918104292468151,82.97893645491898,41.29617570146608,6.609135044131072,50.1,-1.1,96.1,0.0
2016-06-08,712902.5,0,11.724656919851029,20.92836845345652,1.527691992970894,85.95250220735272,46.91945891766814,8.475329022182697,50.1,-1.1,96.1,0.0
2016-06-09,703272.5,0,9.736970687142572,20.23286672298049,0.6402186367202686,85.32956523080759,43.265801058816265,8.025540334253812,50.1,-1.1,96.1,0.0
2016-06-10,715742.0,0,12.356152689921466,16.557516644582893,5.719797694985283,89.6184819781421,72.51565070557837,6.645848803038242,50.1,-1.1,96.1,0.0
2016-06-11,636383.0,0,12.072119088124207,18.70886724817185,3.464633241060129,86.94884095848407,86.83107271257157,7.587725582105531,50.1,-1.1,96.1,0.0
2016-06-12,619858.5,0,11.661356255051215,17.77012989204318,6.329862427402007,92.46633734840816,78.75686735033337,10.699733488743425,50.1,-1.1,96.1,0.0
2016-06-13,724266.0,0,11.47586755232059,16.15628659712143,4.997200952573205,92.33261876614944,90.78950105652962,10.045172342552622,50.1,-1.1,96.1,0.0
2016-06-14,717561.0,0,10.687456833376404,16.6981216940421,8.892857658757897,90.87052941919885,90.99287254348258,11.854258168434477,50.1,-1.1,96.1,0.0
2016-06-15,716757.5,0,10.312650983295423,14.47431991591529,4.569511189391234,95.24669611668196,81.89236224914183,9.08907805435288,50.1,-1.1,96.1,0.0
2016-06-16,713915.5,0,9.967164460256464,16.749836369452453,6.5981520044188855,80.94107565324978,65.35420688789942,11.94865171071988,50.1,-1.1,96.1,0.0
2016-06-17,701066.5,0,9.711219713903482,16.48109931943953,4.544807102819732,88.08490220216474,81.02934717251085,11.265189073192152,50.1,-1.1,96.1,0.0
2016-06-18,620137.0,0,9.414475531516524,15.881307828523054,0.3924486961067239,85.28616866695073,69.05748927549901,11.121342208764055,50.1,-1.1,96.1,0.0
2016-06-19,591913.5,0,9.307636662856408,17.933162146193506,3.364297560245178,88.25999832128089,76.15134522504917,15.060736069459017,50.1,-1.1,96.1,0.0
2016-06-20,687780.0,0,12.117635995302782,17.68747802482316,8.138200998920851,90.89864784124468,77.85526026723291,18.086739342315845,50.1,-1.1,96.1,0.0
2016-06-21,694293.5,0,11.107677014198607,18.689604545782007,0.2278806721465893,84.22772218040963,55.5449817271026,10.998990663223744,50.1,-1.1,96.1,0.0
2016-06-22,713834.0,0,11.405372537335673,20.131846204988385,0.8902154802857769,88.18561328507933,67.07361486003872,11.98737784260438,50.1,-1.1,96.1,0.0
2016-06-23,727099.5,0,12.014814342641628,20.77646321484482,9.112243273075658,86.91170209515946,64.74335323126688,8.100919631952976,50.1,-1.1,96.1,0.0
2016-06-24,677054.5,0,11.25599840881279,18.435192821573366,3.201682101436679,84.59225196141516,43.56866608094881,13.48856725289267,50.1,-1.1,96.1,0.0
2016-06-25,606449.5,0,9.364802980092149,17.217629135359466,5.422708589915294,85.21856371043269,48.88798699143294,10.84372904674572,50.1,-1.1,96.1,0.0
2016-06-26,590434.0,0,10.49392453976296,17.456208835729928,3.740398456672573,88.80591751250095,74.0134820168676,15.795662542668724,50.1,-1.1,96.1,0.0
2016-06-27,656128.5,0,11.242053053793512,16.781672622605505,0.7047072611393554,83.56049919856683,65.54924998260427,17.181248738348238,50.1,-1.1,96.1,0.0
2016-06-28,714805.0,0,9.547336436453689,16.593546483738123,7.571534377843711,85.57312963891373,63.62902257917149,12.403776186727166,50.1,-1.1,96.1,0.0
2016-06-29,712318.5,0,9.22699849019778,15.586934445004768,5.690667064022941,90.15640646172238,74.90347915302567,20.813572035182904,50.1,-1.1,96.1,0.0
2016-06-30,694404.0,0,10.38343041546423,17.75604918222837,3.390013213381856,84.06309297632778,69.08672233076287,16.76905304690898,50.1,-1.1,96.1,0.0
2016-07-01,653299.0,0,9.601626833098562,16.449798353933243,2.703639826913057,84.05948517477734,66.91930447674,21.276745603550843,52.1,1.9,97.9,0.0
2016-07-02,553115.5,0,8.275813348933353,15.943839561907792,3.824956140313133,81.44359659021477,46.6063767445217,21.843634200038405,52.1,1.9,97.9,0.0
2016-07-03,562047.0,0,9.107986280236307,17.273268439048174,0.3372991883752728,81.80657899605836,30.90106385058208,13.64007566283895,52.1,1.9,97.9,0.0
2016-07-04,691988.0,0,9.258328714960504,18.498155483565764,2.338713510756711,84.44019160571602,55.27789799411815,13.509107880968427,52.1,1.9,97.9,0.0
2016-07-05,673753.5,0,11.122778755271892,16.777699802610663,0.5326545703204429,82.66853717425411,60.45557439854402,18.344531340474724,52.1,1.9,97.9,0.0
2016-07-06,685088.5,0,8.914132672656045,17.955856356966862,0.3322707054726366,78.7168390585994,48.26339559141686,10.357681947087954,52.1,1.9,97.9,0.0
2016-07-07,689968.0,0,13.199829503362231,18.415986286506147,0.8531386807001273,84.68231565623472,63.48405553394578,14.42884689762137,52.1,1.9,97.9,0.0
2016-07-08,655212.0,0,13.158687162366007,19.309222225650828,2.2956281353813504,84.74762860180832,64.30242951408243,19.559059778382032,52.1,1.9,97.9,0.0
2016-07-09,595076.0,0,13.092146127119422,20.522559670442423,7.745545639338111,88.48333119830916,75.38669477419845,19.64783414501133,52.1,1.9,97.9,0.0
2016-07-10,560737.5,0,14.114454312408704,19.47061208889208,1.295785225624519,84.96920122106991,70.95948124690658,22.115374949380257,52.1,1.9,97.9,0.0
2016-07-11,660834.5,0,12.279075033764936,17.8377069262561,3.39046771382431,85.44811649990939,74.43489661770371,22.66465560502856,52.1,1.9,97.9,0.0
2016-07-12,703090.0,0,10.402397083024246,16.703910124661643,3.9282582256621374,83.36968202257192,49.36598848709728,12.72397928530701,52.1,1.9,97.9,0.0
2016-07-13,683526.5,0,9.094260707719943,16.81731563717932,1.8197686785315,80.50155638037427,40.208940949534174,14.444725284472506,52.1,1.9,97.9,0.0
2016-07-14,678976.5,0,8.95889679940616,18.09505315103751,0.0297835257600706,80.00748834116982,30.48061371413313,12.847630670241047,52.1,1.9,97.9,0.0
2016-07-15,677525.0,0,10.606966217114993,18.929287953251084,0.9615710662466448,85.90486618623295,61.80044452555624,15.259835643503251,52.1,1.9,97.9,0.0
2016-07-16,586744.5,0,13.677067031235362,20.690753570920133,0.4474873290822994,86.37517643147224,72.35035417838164,17.185448302213203,52.1,1.9,97.9,0.0
2016-07-17,569882.0,0,13.75094803678995,21.796360554194905,0.4475246330975299,82.6790416468634,55.32954706671037,14.24710175078539,52.1,1.9,97.9,0.0
2016-07-18,685204.0,0,12.93161727589438,22.14383091321581,0.1472644562240954,80.28924241023493,63.95667991897891,11.890644235963364,52.1,1.9,97.9,0.0
2016-07-19,706504.5,0,14.055937551403472,24.06726809088761,0.0544382219690791,80.38879481737429,63.907008643036825,13.31951733475712,52.1,1.9,97.9,0.0
2016-07-20,713821.5,0,14.889911863251578,21.79347363064836,2.53056652897195,80.44715570829652,65.69535349791951,13.005038969518491,52.1,1.9,97.9,0.0
2016-07-21,705854.5,0,12.527264832414536,20.129403548828165,0.8358293287287295,79.86947076889638,63.412170919421726,12.098768661688986,52.1,1.9,97.9,0.0
2016-07-22,693525.5,0,13.77309082429718,20.664318109340613,1.0174627848075122,80.38688090240956,63.979909110053896,10.309084442828766,52.1,1.9,97.9,0.0
2016-07-23,605547.0,0,13.38779155066437,21.14236195716396,0.2355654575668248,78.5117826441713,68.01045591207864,11.169475114756525,52.1,1.9,97.9,0.0
2016-07-24,597361.5,0,13.207421973062306,20.93347745156302,1.1836694039643587,79.14222686361178,60.2493579252876,11.789243040292456,52.1,1.9,97.9,0.0
2016-07-25,656691.5,0,13.183700199946449,20.60352976047488,0.4606761494523479,77.50288555586071,56.4669271590811,11.744648091669497,52.1,1.9,97.9,0.0
2016-07-26,684290.5,0,12.944677277163102,20.53020775424388,1.3248381889356244,81.41460999501118,60.23776406786279,10.846273787591077,52.1,1.9,97.9,0.0
2016-07-27,671828.5,0,12.688413552666292,20.52999743797099,2.305226576059684,80.21685213613472,62.53421865430041,12.755772955792214,52.1,1.9,97.9,0.0
2016-07-28,691101.5,0,11.586270533420832,19.03517810896196,2.342225824785245,85.48659339026021,71.66006640437423,11.113708385776658,52.1,1.9,97.9,0.0
2016-07-29,675618.5,0,13.402323904148645,19.527035583681595,2.229992766325005,87.23269955796394,71.92738436508274,13.208409319294464,52.1,1.9,97.9,0.0
2016-07-30,586279.5,0,12.03617662718962,19.08640093995976,0.156704309888473,81.22275085755439,42.017863897864046,11.1552949634247,52.1,1.9,97.9,0.0
2016-07-31,553252.0,0,10.848162331215274,18.73639787265536,0.1836781064417326,77.278771684121,39.74253223558668,13.20262608280763,52.1,1.9,97.9,0.0
2016-08-01,682288.5,0,10.6178061415671,17.953730681207123,5.889374605522525,82.88448405604106,56.37563311560185,12.819036524034756,48.2,-0.3,97.6,0.0
2016-08-02,699633.5,0,13.137736182439086,18.93635560040609,3.396518125433203,92.95518844989624,94.34786356101378,14.731612585807689,48.2,-0.3,97.6,0.0
2016-08-03,632988.5,0,14.908625216954928,19.12679978235047,1.3650805127451109,83.16455382768855,83.91865760744355,24.054481319440026,48.2,-0.3,97.6,0.0
2016-08-04,644876.0,0,13.275534924979512,19.62217280897959,1.8749108453245065,80.43078335635144,61.34439388036505,20.742839934164213,48.2,-0.3,97.6,0.0
2016-08-05,654387.0,0,11.573988269005175,20.11738713795051,0.1493456914146703,80.59116755559074,35.03899937707289,11.500228265228522,48.2,-0.3,97.6,0.0
2016-08-06,564068.5,0,12.012291223526212,21.9446011631415,0.0684767671054161,78.85843107010936,36.54782529961848,13.916421287436789,48.2,-0.3,97.6,0.0
2016-08-07,501157.0,0,14.969652096376548,20.180324858885555,0.6601164217207935,80.19983528145069,71.48588472922525,25.171170568802403,48.2,-0.3,97.6,0.0
2016-08-08,610718.0,0,11.120877441457514,17.694730478605212,0.1788750903902029,72.49180055440144,41.43138038963495,21.489643836783507,48.2,-0.3,97.6,0.0
2016-08-09,653242.0,0,9.68654403370568,16.874794217067784,0.8933471950085184,75.34281601656615,36.12170117250938,16.084312514429854,48.2,-0.3,97.6,0.0
2016-08-10,679214.5,0,9.586537631706609,17.05441952770151,1.9077667159484333,78.3047474956904,61.19910052681414,12.365964252933733,48.2,-0.3,97.6,0.0
2016-08-11,659834.0,0,12.965980443875214,18.90764205061655,1.4301058785534322,85.75847929870726,82.4518206541583,20.4955688515791,48.2,-0.3,97.6,0.0
2016-08-12,619668.5,0,14.015014577994236,21.151769238391392,0.557315533296665,80.10454114109625,40.327574387356655,20.10102313042572,48.2,-0.3,97.6,0.0
2016-08-13,573406.0,0,12.88297941721954,19.59125224454149,0.4241841569609123,79.80309379448052,58.68542505155407,17.50204392195499,48.2,-0.3,97.6,0.0
2016-08-14,594221.0,0,12.180152914652224,19.4249247127368,0.0604087192338303,76.97568197733071,40.2904529351337,8.887753562806223,48.2,-0.3,97.6,0.0
2016-08-15,659630.0,0,11.813899895601006,21.323990666297195,0.0,76.15121286686866,11.788690495216605,10.441971887017964,48.2,-0.3,97.6,0.0
2016-08-16,666947.0,0,11.812769172865409,21.482623443942337,0.0,76.91536612550156,27.02260981380049,12.282595257320407,48.2,-0.3,97.6,0.0
2016-08-17,677048.5,0,11.68137207594916,22.38621792822828,0.0286350354024709,77.8449870103654,17.7615634917259,11.57948807181254,48.2,-0.3,97.6,0.0
2016-08-18,695556.0,0,13.28954514518861,22.312286164625363,0.3422083598981975,76.7347984639628,42.07146227621279,10.501059956519269,48.2,-0.3,97.6,0.0
2016-08-19,685555.5,0,13.528659487781065,17.540117437189107,6.529284226691376,90.12255754361412,73.6498800186079,17.011131087861614,48.2,-0.3,97.6,0.0
2016-08-20,559434.5,0,13.212220721626696,18.15800980443261,4.167956749901466,80.43345533808088,75.75962068631888,27.669211381899927,48.2,-0.3,97.6,0.0
2016-08-21,555588.5,0,14.227400820341035,19.220150149160737,5.338051168169667,80.44379728658507,76.52759774866004,22.28434856908713,48.2,-0.3,97.6,0.0
2016-08-22,677715.5,0,15.040623941964387,20.85231084505404,3.627170412916954,86.9554152091336,69.261981926754,17.58878424777525,48.2,-0.3,97.6,0.0
2016-08-23,694943.0,0,14.356695184811544,24.889032164651425,0.1456906632114517,77.75034382699764,28.88322412541255,11.40533952846864,48.2,-0.3,97.6,0.0
2016-08-24,712263.0,0,15.790001982990782,24.83237946723074,0.168864785722663,77.26826215568433,33.515859377554804,9.240115642293542,48.2,-0.3,97.6,0.0
2016-08-25,742979.0,0,15.493958025014942,23.27647461734917,7.2035753259272175,81.26109829413618,68.06535266993174,7.888312516028049,48.2,-0.3,97.6,0.0
2016-08-26,658215.5,0,13.464732576543076,21.622151125780626,0.3235448591117627,75.79106963850558,20.76761133700295,11.65365091285192,48.2,-0.3,97.6,0.0
2016-08-27,615150.5,0,12.254688995618242,21.52088840445832,9.350028344904672,81.65600861881803,50.34537325099107,11.895605985017786,48.2,-0.3,97.6,0.0
2016-08-28,591982.5,0,13.623941887551512,19.447625930979136,4.075905543252189,88.67860612344603,73.27060987293369,12.481116807377465,48.2,-0.3,97.6,0.0
2016-08-29,583907.5,1,12.18737744612916,20.10167007655844,0.065673001930865,80.72467614428895,34.22987236694353,10.009728733499562,48.2,-0.3,97.6,0.0
2016-08-30,658576.5,0,12.459681989378645,22.162565673507512,0.0,74.39129141260494,22.731771698381817,11.468677458865542,48.2,-0.3,97.6,0.0
2016-08-31,678999.0,0,13.273932873118833,20.10108616691201,0.5488422185991011,77.53539455677021,52.39191165044581,16.11227437486615,48.2,-0.3,97.6,0.0
2016-09-01,675770.5,0,12.173160398014405,20.313574186598817,0.7313835322389061,79.10481441701916,43.83317226399521,12.587480981483315,53.3,0.5,98.1,0.0
2016-09-02,688004.0,0,12.754930507421893,18.558163298737743,1.2036871288653876,86.01703083888746,68.94947086232929,15.985794369756846,53.3,0.5,98.1,0.0
2016-09-03,618502.5,0,11.804630059115992,18.370845938581624,8.589352418277544,88.01124549708649,71.56440624670373,17.453660268437694,53.3,0.5,98.1,0.0
2016-09-04,594037.0,0,13.490257374500532,18.61355930802105,0.8085236347790766,83.37271648714842,74.97570166278634,17.375753763932877,53.3,0.5,98.1,0.0
2016-09-05,714449.0,0,13.433365439630164,21.389377897188872,1.402444759937636,88.97730772550096,82.07640839676732,11.792604335680876,53.3,0.5,98.1,0.0
2016-09-06,736222.0,0,17.203229186157472,22.62202161054258,0.1097889977327764,87.71552864653319,79.05130582955033,10.24316344564872,53.3,0.5,98.1,0.0
2016-09-07,740195.5,0,15.838672835165395,23.7247883713634,0.1077187516673473,83.10371495128334,46.332144686285446,10.543865941340352,53.3,0.5,98.1,0.0
2016-09-08,677449.0,0,14.319215660144147,19.6653395247805,1.300750784221835,78.24591286298381,29.509824210264394,17.954455539330464,53.3,0.5,98.1,0.0
2016-09-09,662495.0,0,14.253500261489236,19.889855834234265,1.6899332237381577,82.26813473039316,74.85148766722341,23.052820641495675,53.3,0.5,98.1,0.0
2016-09-10,630849.5,0,11.570386737295395,17.485652806589677,4.368493817076538,84.41907444427697,61.60827098939807,13.802267159017177,53.3,0.5,98.1,0.0
2016-09-11,554900.0,0,9.903445068450678,18.424549152354423,0.0,78.70055245594577,19.926963517395365,13.989422502187685,53.3,0.5,98.1,0.0
2016-09-12,680922.0,0,12.775256577861954,21.629002847614103,0.4396207951190642,82.3940348674445,62.11686864671513,18.4718604940782,53.3,0.5,98.1,0.0
2016-09-13,738735.0,0,16.502667356185224,26.01978369848804,1.7955765398175452,77.35640824739758,26.58090528631166,11.125606330473712,53.3,0.5,98.1,0.0
2016-09-14,720976.0,0,15.908943349899646,24.49646067494466,0.3976394510914318,80.31061271649084,24.52964494384067,14.04012410657844,53.3,0.5,98.1,0.0
2016-09-15,740351.5,0,15.212980325117057,24.481821857107136,0.8703457697262096,80.7529394027276,25.415282973276465,9.013459934119956,53.3,0.5,98.1,0.0
2016-09-16,692079.5,0,12.259138784521312,16.72098603571252,10.340619926500258,84.27500825836366,63.27583188184473,19.759327893980192,53.3,0.5,98.1,0.0
2016-09-17,618867.5,0,10.708798326026304,17.382208549530144,0.444480524030824,82.82195199994393,45.94527733779615,16.081505393046477,53.3,0.5,98.1,0.0
2016-09-18,611020.0,0,10.259083262623465,19.00134827698632,0.0444697546574466,83.33792342016612,49.56759312373051,8.865334456659296,53.3,0.5,98.1,0.0
2016-09-19,735493.5,0,12.27055886900926,17.254198810869397,1.0146513267843411,85.15076463473015,78.57090181699982,8.661471478740692,53.3,0.5,98.1,0.0
2016-09-20,745413.0,0,10.999274972836837,17.30358385629132,0.1556484303023612,83.0003600701878,53.20376991381305,6.355989044006659,53.3,0.5,98.1,0.0
2016-09-21,731530.5,0,10.656202538228202,19.030465263361585,0.3281573196455745,83.30562785508259,54.2191561489065,12.354660821290118,53.3,0.5,98.1,0.0
2016-09-22,712136.5,0,10.741608417593026,17.455391804801913,0.8554478476497563,80.9640816195564,47.70608728073076,12.435092381184676,53.3,0.5,98.1,0.0
2016-09-23,670022.5,0,8.851265318388656,17.661772446459864,0.1913172726242282,77.58535544402889,20.383241828492075,14.555569643914849,53.3,0.5,98.1,0.0
2016-09-24,575565.0,0,11.333160538778472,19.46968035676131,1.623807173570581,76.07072953468685,53.18245957059214,24.51355140003083,53.3,0.5,98.1,0.0
2016-09-25,570955.0,0,10.583711301252569,16.83858348993592,4.942372815667422,76.29356970673619,36.56843584871145,19.75417170302888,53.3,0.5,98.1,0.0
2016-09-26,729111.0,0,9.720516904105123,15.340614165315785,3.611781396350068,83.19960644763367,67.44572985739923,14.610617846081066,53.3,0.5,98.1,0.0
2016-09-27,709466.5,0,11.58670647175412,18.18508792468028,0.3378239602083948,86.75580183086724,67.20955204385741,19.73604049173745,53.3,0.5,98.1,0.0
2016-09-28,690884.0,0,12.089660842189586,21.152650335411888,0.4553609842322113,84.02139546245485,59.30879500055199,23.31962004949978,53.3,0.5,98.1,0.0
2016-09-29,667674.5,0,11.044342234089296,17.749782476483794,1.1695206602314332,75.39141885326336,57.014679879146975,26.392792732099053,53.3,0.5,98.1,0.0
2016-09-30,697274.5,0,8.933250338878741,15.788731909972956,0.8121934785543172,77.66494211215934,33.186506522232484,15.382761909070592,53.3,0.5,98.1,0.0
2016-10-01,666645.5,0,7.74267389095739,14.039788270554196,5.658165755962065,85.17289634244543,54.442198415746496,10.3060007876641,55.4,1.7,99.7,0.0
2016-10-02,623744.0,0,6.741890560422946,15.348406962572,0.361033564178212,80.89004228515776,21.076374004847203,11.338933248694582,55.4,1.7,99.7,0.0
2016-10-03,714627.5,0,6.3891947502255295,15.819379936116473,0.0,77.92117533265193,18.91752682323893,11.093916957558587,55.4,1.7,99.7,0.0
2016-10-04,715356.0,0,9.53792271634577,16.81127788818981,0.0631755200095203,83.19343486520704,42.33862928436039,18.38979162983648,55.4,1.7,99.7,0.0
2016-10-05,693642.5,0,9.051247234201169,15.117765172461189,0.0,73.68679140043407,26.19804527267537,21.90572696774032,55.4,1.7,99.7,0.0
2016-10-06,740971.0,0,8.302976281069826,12.78817822772012,0.040787867563262,77.01751524554786,60.85178081300901,16.8144905361058,55.4,1.7,99.7,0.0
2016-10-07,775869.5,0,9.600911856121172,14.251867044832313,0.23737450483626,84.29071088990185,87.67990187514953,12.11021304180951,55.4,1.7,99.7,0.0
2016-10-08,690831.0,0,8.636442305540891,14.938412215714974,0.2543058007828203,82.91683634166846,64.10146340232535,11.697319477149382,55.4,1.7,99.7,0.0
2016-10-09,660346.5,0,6.722035849842479,13.701614763655282,0.3886635057039568,79.98187731753596,30.98185254551843,11.91934123521762,55.4,1.7,99.7,0.0
2016-10-10,763598.5,0,5.809615934763168,12.483128196850377,0.2788828032162561,80.85423367302757,32.3825399597845,11.559754685722393,55.4,1.7,99.7,0.0
2016-10-11,773267.0,0,5.9546188471656265,13.524308633275544,0.3337481427133755,84.1378398345844,59.45086049260294,12.99250578853819,55.4,1.7,99.7,0.0
2016-10-12,771287.5,0,7.89116056041557,13.993899045484374,0.466317274160954,84.16711286008248,62.81616008095717,16.20200051252874,55.4,1.7,99.7,0.0
2016-10-13,773506.0,0,6.859745078113609,12.248967228157534,1.6509058582809475,82.59901068061211,68.26288295510622,16.18737252860707,55.4,1.7,99.7,0.0
2016-10-14,767802.0,0,7.578472157850492,12.845476257711598,0.7733427151458944,84.07138682298321,76.91284790854097,13.404996746444446,55.4,1.7,99.7,0.0
2016-10-15,694062.0,0,8.445106254129183,14.304534843594524,1.6824171923087987,85.45729622280211,68.71587739105291,12.92871260316654,55.4,1.7,99.7,0.0
2016-10-16,652985.5,0,8.51514636758625,14.675509452215085,6.643767950492355,87.75282732932571,51.99374815439249,19.285084445533403,55.4,1.7,99.7,0.0
2016-10-17,742191.5,0,9.08062792269852,15.07753211203394,0.8604857921722392,84.0903390453221,46.38770809109415,18.82100075139737,55.4,1.7,99.7,0.0
2016-10-18,760884.0,0,8.04226239885579,11.809009788696535,4.041798899347912,82.01942479621174,57.094416547068434,21.299389993678524,55.4,1.7,99.7,0.0
2016-10-19,786517.0,0,6.847765072266675,12.912146393280304,0.5389075930598026,83.40575355309412,44.42918706721196,17.270790223056345,55.4,1.7,99.7,0.0
2016-10-20,802136.0,0,6.845438684769377,13.058169507109383,0.2211249879828054,86.13040856740534,52.11447358294839,14.112233252087671,55.4,1.7,99.7,0.0
2016-10-21,793182.0,0,5.610074444522851,12.292762065201916,0.3876412865565518,86.91476420543047,60.91634239194176,10.273402380056105,55.4,1.7,99.7,0.0
2016-10-22,704863.0,0,5.171380085977956,12.13575586555888,0.1371823956889067,87.31116481591624,49.37062587946809,11.812016284866154,55.4,1.7,99.7,0.0
2016-10-23,672244.5,0,5.392251804669138,11.116907741015748,0.3698133327055297,82.9335793825756,57.258575267224295,17.214768689595925,55.4,1.7,99.7,0.0
2016-10-24,813091.0,0,6.940643387690803,11.562543028318288,1.417809305685221,84.28242070065346,67.63100120565348,13.661769250070504,55.4,1.7,99.7,0.0
2016-10-25,819845.0,0,5.519660115011007,12.89821085793795,0.1600922905178617,87.74376064797205,57.45541520913361,8.339088934370505,55.4,1.7,99.7,0.0
2016-10-26,785159.0,0,8.668471571435983,14.698058488515988,0.1956121488243803,88.96316503954057,54.90824300255047,14.730482400926068,55.4,1.7,99.7,0.0
2016-10-27,769591.0,0,8.70420585214634,13.953899966905077,0.0748632805920893,87.6501979825128,63.42022929360533,18.32670928765021,55.4,1.7,99.7,0.0
2016-10-28,780550.0,0,10.027650350779144,15.193008116493148,0.0320392330976774,88.37751293062433,64.78139432158972,13.151526235963855,55.4,1.7,99.7,0.0
2016-10-29,724162.0,0,9.56377488296912,15.161645267044808,0.0,90.43981944149736,71.69839487776146,6.4610829145858375,55.4,1.7,99.7,0.0
2016-10-30,732482.0,0,9.465499848294444,14.531636524919913,0.1202585543984899,90.20054414226,65.25277634076855,7.604369120026633,55.4,1.7,99.7,0.0
2016-10-31,789138.0,0,8.395548111929687,16.376808910500852,0.332725691520397,86.38160005227326,36.26119118920191,7.51955385043209,55.4,1.7,99.7,0.0
2016-11-01,826302.0,0,5.657559113533045,11.537860294549738,0.1077233126690859,86.04449126574313,44.7830927107816,11.566690205205738,54.3,-0.7,99.1,0.0
2016-11-02,828087.0,0,3.45307030409219,9.55897369101094,0.0,81.33426326237267,22.28170936571588,11.721117348919584,54.3,-0.7,99.1,0.0
2016-11-03,855993.5,0,3.174460514018749,9.45449383453374,0.560807164534634,83.30760114912657,75.57773778739536,12.058770428308796,54.3,-0.7,99.1,0.0
2016-11-04,842339.5,0,4.617669004169813,10.198652356144652,2.895973520618801,86.29372944936785,55.89423623997409,12.042764723737298,54.3,-0.7,99.1,0.0
2016-11-05,722749.0,0,2.629060152113711,7.601279379428382,0.3463706673864279,80.71415759527268,44.2078161585596,19.780068403961653,54.3,-0.7,99.1,0.0
2016-11-06,731771.0,0,2.260860009456395,7.115891120159898,0.9830520044557668,79.80156943946886,53.44103091916602,21.845939273150893,54.3,-0.7,99.1,0.0
2016-11-07,862678.0,0,1.9393702258544128,7.485578505904346,0.4382222533733587,80.94160056799839,46.15792175005268,17.908860658692248,54.3,-0.7,99.1,0.0
2016-11-08,926011.0,0,0.0231710106417636,6.331320248339783,4.128054852315747,83.65845196650478,64.40535016261016,10.67493450167921,54.3,-0.7,99.1,0.0
2016-11-09,911375.5,0,3.235657539704688,6.493324755740531,10.68647092398273,91.85470658498006,82.20879234816351,14.04851796333938,54.3,-0.7,99.1,0.0
2016-11-10,875814.0,0,2.868913075789588,8.972810928160166,2.1652225000485603,87.29166187720504,48.77041435532884,16.345596229883338,54.3,-0.7,99.1,0.0
2016-11-11,858398.0,0,2.00223364610413,8.541701186647256,0.4978734913349572,85.90931207185287,46.86308542793138,12.224097351938942,54.3,-0.7,99.1,0.0
2016-11-12,784540.5,0,6.0500189601211085,10.103004845726268,10.24216131918923,92.15621570796704,81.96669403779951,17.759213346450004,54.3,-0.7,99.1,0.0
2016-11-13,759547.0,0,5.18011469628523,9.571105248741793,1.0520937149396044,89.76885812862713,48.95068976238287,11.84912722588564,54.3,-0.7,99.1,0.0
2016-11-14,845838.5,0,7.663070426415552,12.827825350023076,1.5104515677552175,93.90216153371613,79.7011409604019,16.0302417927171,54.3,-0.7,99.1,0.0
2016-11-15,839933.0,0,9.928675952259711,14.284024150934489,0.1428936811439336,93.68352651921312,85.78272950567347,15.501665733771748,54.3,-0.7,99.1,0.0
2016-11-16,802763.0,0,6.481709860541533,11.392747982648032,1.160241551143828,84.95181406160525,72.55185651518813,21.500110920857644,54.3,-0.7,99.1,0.0
2016-11-17,846003.0,0,4.2699398605489085,8.564649264498515,3.5106475064228984,81.90176737895335,63.346582638712846,22.667271726780506,54.3,-0.7,99.1,0.0
2016-11-18,876332.5,0,2.161418154360527,6.329769154301762,0.4928744520958355,78.89372443349531,34.93719408402423,17.753708288040905,54.3,-0.7,99.1,0.0
2016-11-19,819508.5,0,1.7450002784546883,6.504555730769599,1.271490885434275,85.33244273422588,44.5279442188258,14.7948809025325,54.3,-0.7,99.1,0.0
2016-11-20,807397.0,0,2.145196032715291,6.6632811115026005,10.464066146265791,90.10004703302536,82.08445781184037,17.26113986256509,54.3,-0.7,99.1,0.0
2016-11-21,900655.0,0,2.623332698768087,8.42585303333662,19.397314965322863,91.55613543556584,83.86062494575359,22.22982775579782,54.3,-0.7,99.1,0.0
2016-11-22,898622.0,0,5.326878173799492,8.54878970253663,3.922719319333804,88.9717368644994,86.43751220160169,17.43123584522001,54.3,-0.7,99.1,0.0
2016-11-23,918479.5,0,4.066771574829073,7.985050271828327,0.0175580802387161,91.10407214779416,66.37742057341258,13.874387983641371,54.3,-0.7,99.1,0.0
2016-11-24,897133.5,0,4.12744574497878,7.6037953220349985,0.0,86.65584772364214,49.02946991078877,19.93867994405827,54.3,-0.7,99.1,0.0
2016-11-25,881041.5,0,3.382667861460617,7.538278007316781,0.0,84.71807606128118,13.165654937720811,16.35667383969222,54.3,-0.7,99.1,0.0
2016-11-26,831202.0,0,2.680868921235803,7.068810871239847,0.0,88.45895610164912,32.09775310117384,9.772122180016224,54.3,-0.7,99.1,0.0
2016-11-27,801634.0,0,3.272807021803555,7.214598666269659,0.0,87.67565289018755,70.68258227813554,13.247762343041916,54.3,-0.7,99.1,0.0
2016-11-28,903487.0,0,1.768169153047794,6.740609592020238,0.0,81.206870718836,23.202372907256272,11.646594345488872,54.3,-0.7,99.1,0.0
2016-11-29,944692.0,0,-0.2964306596192018,5.589010684300245,0.0,77.22904898933857,7.487974184361345,8.534668684407938,54.3,-0.7,99.1,0.0
2016-11-30,945910.5,0,-0.4634908868480625,6.240358137601612,0.0,79.1016244511738,31.291477424024897,11.499866673682332,54.3,-0.7,99.1,0.0
2016-12-01,941594.0,0,2.2510524419308258,7.616333328333853,0.0114087926278475,88.7182478672092,34.44813100659956,12.422287184396506,53.4,-0.5,98.6,0.0
2016-12-02,947398.0,0,2.391849612831192,7.1735926482061245,0.0292729916901252,92.7485135252757,74.98767847224391,7.930651751166498,53.4,-0.5,98.6,0.0
2016-12-03,843426.0,0,2.082754443657368,6.319365245019227,0.0083181422880099,86.95703852927733,45.33337202296286,10.89060145352118,53.4,-0.5,98.6,0.0
2016-12-04,810481.0,0,1.019040507227651,5.303825875214435,0.0,84.64658497146239,20.80859359728789,13.826595938766031,53.4,-0.5,98.6,0.0
2016-12-05,966984.5,0,-0.0685395776930379,5.371348724480827,0.0183240519201817,90.11340405262833,42.48201181176512,9.05533910433236,53.4,-0.5,98.6,0.0
2016-12-06,954559.0,0,3.067862173657867,8.89635068226931,0.5152941637126702,95.6212317181896,81.60121666565448,11.088813968049385,53.4,-0.5,98.6,0.0
2016-12-07,855848.0,0,8.27691571908065,12.400827870990774,0.0560901544077348,92.6025585805966,63.9072967790968,21.110740584358982,53.4,-0.5,98.6,0.0
2016-12-08,876490.5,0,8.238834919766939,12.538791166114144,2.990346069695057,93.1723966760993,73.32857210648697,17.848403074656098,53.4,-0.5,98.6,0.0
2016-12-09,834304.5,0,8.85624429413765,12.652694915823089,1.4322465020435993,92.36589390163331,78.88487002005611,19.246272164808783,53.4,-0.5,98.6,0.0
2016-12-10,781927.0,0,7.721238319963001,11.15951874608596,4.975998933143583,93.8355396667002,83.36795743220766,15.023120590673084,53.4,-0.5,98.6,0.0
2016-12-11,765800.5,0,5.570311022822466,8.873012783221611,0.0439840417802511,91.43619591924347,51.84094443839316,15.180264742178004,53.4,-0.5,98.6,0.0
2016-12-12,922397.5,0,4.013209770550878,8.719025619429523,1.2552135215752591,94.565854979446,67.48038767715681,11.94493381814364,53.4,-0.5,98.6,0.0
2016-12-13,908163.0,0,6.077014527466697,10.362480465143497,1.2501380717264854,96.04756616157158,79.5472488277242,12.432907126571363,53.4,-0.5,98.6,0.0
2016-12-14,862232.5,0,6.32319095426729,10.72531039706778,0.4574978258405459,92.3518509952696,46.83634034686725,15.047112274282664,53.4,-0.5,98.6,0.0
2016-12-15,889032.0,0,6.132805890158784,9.27140486721584,0.7736070657662029,93.8354760616254,84.73076494330466,15.49544081159768,53.4,-0.5,98.6,0.0
2016-12-16,882280.5,0,6.585965324338858,9.242700168966058,0.2877243972900519,94.26584748329824,78.77027555826784,9.9640132813666,53.4,-0.5,98.6,0.0
2016-12-17,804251.5,0,4.485442275175193,8.34790142593388,0.0748632805920893,92.86665238331396,46.97759059059194,7.728292751277388,53.4,-0.5,98.6,0.0
2016-12-18,791032.5,0,3.820436035454351,7.40477258427342,0.086490829190116,92.345181375426,62.54812156495715,7.691334407115261,53.4,-0.5,98.6,0.0
2016-12-19,912009.0,0,4.447189316486559,7.258797677528079,0.2932229983779553,91.10603076610816,82.82021585340277,6.224711949996668,53.4,-0.5,98.6,0.0
2016-12-20,876996.0,0,3.269226942783893,6.067164438742305,0.798121589544758,89.70079332232464,66.25248058254934,15.58695313158871,53.4,-0.5,98.6,0.0
2016-12-21,861264.0,0,4.144853757810562,8.86000861119587,1.720653683445334,90.12027315482892,66.49523824042208,19.730162792724723,53.4,-0.5,98.6,0.0
2016-12-22,837140.5,0,3.34257883832884,7.48561065420501,0.6751151053615989,87.85108101888108,32.11612365748574,17.04418026320545,53.4,-0.5,98.6,0.0
2016-12-23,787739.5,0,4.663247626250618,10.378215629163758,4.043331849266146,87.8890872870006,69.69645914129245,27.1322042159638,53.4,-0.5,98.6,0.0
2016-12-24,704658.5,0,4.982858117316833,9.510053843178746,1.4491190689458728,82.80876949090614,64.87974082937453,26.675758048324,53.4,-0.5,98.6,0.0
2016-12-25,612753.0,1,8.42646827681912,12.13009608961102,1.2689795576147953,86.95356906377017,85.244604571599,29.974034653532293,53.4,-0.5,98.6,0.0
2016-12-26,633374.5,0,3.3205825776126363,9.166011765417476,0.584583774168699,77.51544435405765,33.63798514736216,23.67493419433408,53.4,-0.5,98.6,0.0
2016-12-27,759737.5,1,0.7502246692904926,5.962065220357853,0.0,88.81461408884832,33.65838087757607,9.901107309183546,53.4,-0.5,98.6,0.0
2016-12-28,815718.0,0,0.5645429999195986,5.202024808161316,0.0,90.2348025670203,25.667340234010123,11.089588093597165,53.4,-0.5,98.6,0.0
2016-12-29,818064.5,0,1.2725085743144544,6.022095087542958,0.0,89.7694387035789,17.84625032179035,11.697159381070836,53.4,-0.5,98.6,0.0
2016-12-30,803288.5,0,2.4804340555370192,7.389085243155486,0.0,92.97010868830262,46.176007689406354,12.469501604833336,53.4,-0.5,98.6,0.0
2016-12-31,735112.0,0,5.514212453305055,8.58619491115144,0.5011637915349283,92.71665079433964,71.55513053992671,17.131397650137483,53.4,-0.5,98.6,0.0
2017-01-01,706162.5,0,2.596996986050711,8.034184308482061,7.893276706939533,88.1175907387323,71.99354778073457,19.387198912416228,56.1,-1.2,97.4,0.0
2017-01-02,775588.5,1,-0.3085261350317143,3.794811673041824,0.073235989549282,86.24129749189161,14.751301990809642,14.354004301356571,56.1,-1.2,97.4,0.0
2017-01-03,872898.5,0,0.3632694969301139,5.754245988346948,0.0,89.88400247695587,57.19085588611412,19.676882777829547,56.1,-1.2,97.4,0.0
2017-01-04,907315.5,0,0.9807980751097406,6.803224954015022,0.0135305143924807,86.9090998346729,40.28080266684599,16.215561932010832,56.1,-1.2,97.4,0.0
2017-01-05,951498.5,0,-0.3750352524864835,4.395356728116842,0.0,85.1096824719105,14.061461188825715,8.779276913413993,56.1,-1.2,97.4,0.0
2017-01-06,933030.5,0,0.3308647321216723,6.263368099394923,4.123714913172542,91.13614753082612,80.54673559209056,15.743396152014377,56.1,-1.2,97.4,0.0
2017-01-07,838669.0,0,5.7391965113131285,9.148423433197552,0.3280807077248617,96.66034324550066,92.59609901578254,9.915215618591086,56.1,-1.2,97.4,0.0
2017-01-08,796847.5,0,5.730564876991873,8.709073276980169,0.1420967644179903,95.36118992293996,78.35600233668356,7.544482337367095,56.1,-1.2,97.4,0.0
2017-01-09,860377.5,0,4.100678458228969,8.557142743864222,4.093692445014112,91.71048024151918,78.60914409544517,20.756604431941373,56.1,-1.2,97.4,0.0
2017-01-10,880815.5,0,4.6247611313644725,8.222312276052971,0.4535373273119915,89.65132858231034,70.83127465368965,20.258463531902056,56.1,-1.2,97.4,0.0
2017-01-11,845499.0,0,4.391617259912434,9.744467787648611,0.172562564096827,79.72977996363001,67.6616007942044,29.05999507571632,56.1,-1.2,97.4,0.0
2017-01-12,923115.0,0,0.7192899669763804,5.180954317080349,7.0270784460335145,83.1379357416324,73.38617800409581,20.21000968075693,56.1,-1.2,97.4,0.0
2017-01-13,904758.5,0,-0.0043676509169088,4.236985224567252,1.4438680005527296,80.82503096809536,41.37066770914037,26.49036662032721,56.1,-1.2,97.4,0.0
2017-01-14,844994.0,0,-0.5057789643895179,4.758909674093682,0.9186453658870016,85.59880835531261,50.50781335864546,17.32720419014681,56.1,-1.2,97.4,0.0
2017-01-15,819736.0,0,2.333225357866523,7.629934226297974,6.497437917205648,94.82411534084945,96.83801030663454,15.431119207742933,56.1,-1.2,97.4,0.0
2017-01-16,931538.5,0,4.236109536821053,7.222656133785122,2.184635212986487,94.74406015580183,89.37231019225298,8.534545346807016,56.1,-1.2,97.4,0.0
2017-01-17,939532.0,0,2.7721367328081583,6.093925978138172,0.1615398307610185,90.17807398608686,72.88025117596393,9.047682906619452,56.1,-1.2,97.4,0.0
2017-01-18,943977.0,0,2.3427150536907355,6.03045123305637,0.0,84.94105220281631,60.58468925809098,8.041734671899238,56.1,-1.2,97.4,0.0
2017-01-19,948935.5,0,2.3942206268414585,6.758883073372626,0.0,85.80674262660591,50.227493008512965,7.308401045563547,56.1,-1.2,97.4,0.0
2017-01-20,932039.0,0,0.3293200154951121,5.722632990696786,0.0,84.89203855325025,21.110458933281272,9.664575787498135,56.1,-1.2,97.4,0.0
2017-01-21,868284.5,0,-0.4986312538279836,4.335530692222373,0.0,86.59064934096598,37.56284746903744,10.541977705061283,56.1,-1.2,97.4,0.0
2017-01-22,862162.5,0,-1.4055260101266531,4.898213777716691,0.0645171675613688,86.5654616391478,46.92797087179553,7.9065318739029316,56.1,-1.2,97.4,0.0
2017-01-23,967266.0,0,-0.8375567574252739,5.380560949121104,0.0,89.73613652172352,42.63367198873691,7.538455975514674,56.1,-1.2,97.4,0.0
2017-01-24,932023.0,0,0.602563959136375,7.14685883134104,0.0332725691520397,91.07776515647924,40.10255060499045,11.579761516775266,56.1,-1.2,97.4,0.0
2017-01-25,927784.0,0,0.6273626388554566,5.66264083475921,0.0,90.99866739761536,34.33507088853969,15.402047723814256,56.1,-1.2,97.4,0.0
2017-01-26,972221.5,0,-2.0451339244112927,1.7257717221088598,0.0047725059004118,85.26427945454353,37.90927655812302,17.86246723393562,56.1,-1.2,97.4,0.0
2017-01-27,965863.0,0,-1.0372103364347325,4.791162164757152,0.9630977217366032,87.57579043328042,59.1905442227844,16.69867969449402,56.1,-1.2,97.4,0.0
2017-01-28,838039.0,0,2.7601327386737786,6.839997077762498,4.156360316924464,92.37929713057667,75.31850154373312,16.18231258278341,56.1,-1.2,97.4,0.0
2017-01-29,835771.0,0,1.6968212706926256,6.845022308953652,7.855033122277383,93.05243964110448,68.36369808971479,14.459385570367406,56.1,-1.2,97.4,0.0
2017-01-30,922808.5,0,3.520031925782789,7.350441034115556,0.6272465699668731,93.17255125533276,83.93529758016115,12.59206944450933,56.1,-1.2,97.4,0.0
2017-01-31,915954.0,0,4.470470356685088,8.966706377706512,6.571931383232577,94.4357046126849,97.50800504980344,20.544556776357734,56.1,-1.2,97.4,0.0
2017-02-01,890187.5,0,7.053913991063388,9.409247191295789,4.6141515144492775,94.76072857331128,95.1387250961314,17.862220420428468,55.9,0.6,98.0,0.0
2017-02-02,837007.5,0,8.277031634296668,10.258046372356247,2.8975947323749245,90.7319296584117,96.35115038667706,28.927776414531376,55.9,0.6,98.0,0.0
2017-02-03,835407.5,0,5.275213611012692,8.820678745904011,3.2379149773953806,86.82487552829555,71.23888649227986,25.017327811119944,55.9,0.6,98.0,0.0
2017-02-04,787021.0,0,2.5671812658882067,7.179667094204233,2.98852883167789,88.84757050743173,48.79092195917031,13.929382892161938,55.9,0.6,98.0,0.0
2017-02-05,818117.5,0,1.7103912497366052,6.039646845692337,0.7655898328017902,92.39557308372156,78.59703747877167,10.3039470767667,55.9,0.6,98.0,0.0
2017-02-06,918789.5,0,0.4360756089920825,6.303751574529104,4.384645781048804,88.96382925846963,66.46277803055207,14.936929582804805,55.9,0.6,98.0,0.0
2017-02-07,906640.0,0,3.1094384245095203,8.37299329754033,2.1527704658663724,90.55984180269968,67.08704986846858,12.015491731309544,55.9,0.6,98.0,0.0
2017-02-08,939685.0,0,0.2091030279888146,5.204865860447116,0.2368965677908696,89.87359154483711,75.51286393044263,10.559826466177652,55.9,0.6,98.0,0.0
2017-02-09,963482.0,0,-0.7786801567410991,2.9968789101984243,0.0385250451858811,82.54072438235308,61.602997991929854,14.162466032216162,55.9,0.6,98.0,0.0
2017-02-10,964228.0,0,-0.7767819624797982,2.950148420037034,0.1215130004531496,84.24148053128417,77.03090671853997,15.1841378133107,55.9,0.6,98.0,0.0
2017-02-11,865121.0,0,-0.7207273894178367,3.7480078964340335,2.0385211941513943,86.53633852123718,91.65814293097594,19.75228245251088,55.9,0.6,98.0,0.0
2017-02-12,814907.0,0,1.6784150162438047,3.979128622461913,1.7863587537671295,88.73578135369057,92.99256140263958,24.994262050818165,55.9,0.6,98.0,0.0
2017-02-13,860017.0,0,3.1732802779826064,6.984942485891015,0.0,86.49715436827175,30.91409050490412,27.86022825539348,55.9,0.6,98.0,0.0
2017-02-14,904208.5,0,2.895123745140566,8.56929876626747,0.0143175177012354,90.30534986141194,62.91979072747117,17.23122115104931,55.9,0.6,98.0,0.0
2017-02-15,892427.0,0,5.728306781582601,9.90953801662565,1.7706202535154751,93.9998061266916,80.52421954928943,14.02480524153762,55.9,0.6,98.0,0.0
2017-02-16,841360.5,0,5.048822204284194,9.790474034376922,0.5250233075179815,89.19562485293535,63.76960723628128,18.167341647797723,55.9,0.6,98.0,0.0
2017-02-17,856649.5,0,5.108338835835656,10.66413393277108,0.1040462324527444,90.72747793323433,58.68085009634655,10.492633751683329,55.9,0.6,98.0,0.0
2017-02-18,739474.0,0,5.321413039522863,10.449211140326655,0.3472291345849574,91.0362003234992,55.45934535425706,15.06990266871465,55.9,0.6,98.0,0.0
2017-02-19,724682.5,0,5.947300852034465,10.542147098330034,0.0653621054272478,90.97511401889656,72.88925182421629,16.038539281412334,55.9,0.6,98.0,0.0
2017-02-20,780312.0,0,7.655539717719479,13.825495212915182,0.0,90.5504102873087,85.68836291755602,22.51160667371676,55.9,0.6,98.0,0.0
2017-02-21,806769.0,0,7.245629859587533,11.684972347543908,1.2939374836031372,89.20377232647232,83.55533624602265,22.25484918390033,55.9,0.6,98.0,0.0
2017-02-22,798344.0,0,8.128456633847945,10.945430841321643,3.498412092162232,86.86336220758876,89.90616408935236,26.47794980021337,55.9,0.6,98.0,0.0
2017-02-23,821407.0,0,3.824415109922601,9.525657893766278,8.910938525380192,84.06817614207607,89.18141120098429,33.44622886295333,55.9,0.6,98.0,0.0
2017-02-24,832550.0,0,1.95889679940616,7.453231798591081,0.8004260264528267,80.65998979860042,53.613076422719054,16.739558825120376,55.9,0.6,98.0,0.0
2017-02-25,735616.5,0,4.867177313429827,9.29134892302578,3.438841546127956,89.8000620960102,93.80109334649426,26.73744862418796,55.9,0.6,98.0,0.0
2017-02-26,702911.5,0,6.590468975476071,9.849461141002816,2.0444660957136667,89.08600607830319,87.13179947316127,26.0648227454575,55.9,0.6,98.0,0.0
2017-02-27,856527.5,0,2.05007611094815,7.894473802392817,7.051565334874648,87.82579346062995,77.11545270769831,19.26871991552189,55.9,0.6,98.0,0.0
2017-02-28,872053.5,0,0.5714129012175538,6.468062200015785,2.8429709661504825,84.60544324515642,63.12444916068962,17.710092310495295,55.9,0.6,98.0,0.0
2017-03-01,874435.0,0,1.966580181795874,7.961180527399327,2.3859669194600857,85.82896888905061,54.70521099366156,15.774996056761974,54.6,-0.5,97.4,0.0
2017-03-02,817630.5,0,3.3308649933650334,8.196999576970162,2.3476147159553182,78.29915061792353,46.34074020755386,23.90069675755805,54.6,-0.5,97.4,0.0
2017-03-03,872252.0,0,4.033119188564598,8.370617488946024,7.640692128018344,92.67513920890347,83.67951750932916,17.64959260480899,54.6,-0.5,97.4,0.0
2017-03-04,745563.5,0,4.966232728125694,9.108672597280266,1.566114547776063,88.482695009256,71.55634439952014,16.333271213760014,54.6,-0.5,97.4,0.0
2017-03-05,744465.5,0,3.918443603029096,7.884605134655278,5.923470218810063,87.07971744348353,76.66063617614466,20.45411921155401,54.6,-0.5,97.4,0.0
2017-03-06,847182.0,0,2.7737315927927813,8.670515093842303,0.9152456354532688,85.42199429985428,48.12245575090685,13.847119078903855,54.6,-0.5,97.4,0.0
2017-03-07,846352.0,0,2.47396935805929,8.763323518983725,1.0811328492565566,84.36882137936986,56.12051228470781,13.492786579049536,54.6,-0.5,97.4,0.0
2017-03-08,817189.0,0,5.65259286187246,11.339841622595424,4.784964875983781,89.67082721818971,71.97608876397837,19.38359919404272,54.6,-0.5,97.4,0.0
2017-03-09,780286.0,0,5.645070282455093,11.870457592641811,0.2537423526384595,84.54644788631377,52.5304322391273,16.318659350090446,54.6,-0.5,97.4,0.0
2017-03-10,824530.0,0,5.113398658721263,11.283775616294603,0.1669070540993816,89.36148379098663,75.66513191314476,13.067683544667943,54.6,-0.5,97.4,0.0
2017-03-11,730555.0,0,7.2361367675996275,12.624644017502444,0.8471221677224177,91.46616525050226,84.96228981281206,11.964252057798587,54.6,-0.5,97.4,0.0
2017-03-12,711017.0,0,6.19806844649822,12.12575845094612,1.5792704361153642,88.99168672913231,78.81426157935074,10.675774137841586,54.6,-0.5,97.4,0.0
2017-03-13,772345.0,0,4.24936871310168,12.910522934831276,0.0,85.82497592258247,39.666346387428455,14.404562283367785,54.6,-0.5,97.4,0.0
2017-03-14,769505.0,0,6.556502451753576,12.709879919642772,0.0674989470355824,89.16418392245657,61.23732703845428,17.738899354673578,54.6,-0.5,97.4,0.0
2017-03-15,773921.5,0,5.3552443467551365,14.042761711755016,0.0,85.73813318936467,30.247239579709223,10.087848381852474,54.6,-0.5,97.4,0.0
2017-03-16,778873.5,0,5.123308818051437,11.168953089052144,0.401591881810307,88.24441913491444,54.62812872732807,16.857348523722987,54.6,-0.5,97.4,0.0
2017-03-17,760464.5,0,3.3930460305884624,10.21160049915308,2.9159600469156195,83.86751294967974,74.03705989099329,25.691148647718308,54.6,-0.5,97.4,0.0
2017-03-18,693099.5,0,10.01866354842493,11.949980701799248,1.324656360482891,89.7811524102374,97.62143080099796,24.596346628387035,54.6,-0.5,97.4,0.0
2017-03-19,648497.5,0,9.51556759945504,11.87532348074999,1.6286252433866089,86.89395864585211,93.14708370040589,27.040152628206563,54.6,-0.5,97.4,0.0
2017-03-20,764672.5,0,5.084407576278759,10.322545452656678,5.756177080831032,87.85849959270624,74.98642768513302,23.69377873830644,54.6,-0.5,97.4,0.0
2017-03-21,765470.5,0,2.1694871934201587,8.165322513227519,0.960628913579221,74.53987068515097,37.99801488853576,22.39179917749525,54.6,-0.5,97.4,0.0
2017-03-22,839709.0,0,3.178724143976196,7.842291316959132,9.768319125177737,85.55864769003088,76.83110648980143,18.617686215497127,54.6,-0.5,97.4,0.0
2017-03-23,804941.5,0,2.868272399497528,9.849876533314122,2.224153004458471,85.1399168422427,54.430063507953726,21.540926446409213,54.6,-0.5,97.4,0.0
2017-03-24,788424.0,0,3.3866712622959567,11.04988372826363,0.0,82.75657223753893,27.153811500682675,17.540983428196434,54.6,-0.5,97.4,0.0
2017-03-25,673280.0,0,2.6683949656621726,12.5823394969965,0.0,72.47912232188673,8.796517530720376,14.88517655072215,54.6,-0.5,97.4,0.0
2017-03-26,614373.0,0,3.831672865408158,12.663004162805388,0.0,79.85630445694697,15.212614000455854,16.602241677032392,54.6,-0.5,97.4,0.0
2017-03-27,780618.0,0,3.771506152803639,12.602950322700094,0.0,85.9859991845519,21.575740228453324,11.231735047474988,54.6,-0.5,97.4,0.0
2017-03-28,793714.0,0,4.15572137405894,14.04354030917445,2.039558732916836,86.11332173023507,44.502255728851765,12.845782388828964,54.6,-0.5,97.4,0.0
2017-03-29,784460.0,0,9.021271925079583,13.473043465486002,2.7990915769239373,90.17159150869333,97.232226799684,19.772718890587345,54.6,-0.5,97.4,0.0
2017-03-30,726183.5,0,10.457903982430675,16.274251129001602,1.3285146052864838,85.03925923738083,73.54163876485123,20.164343142601503,54.6,-0.5,97.4,0.0
2017-03-31,698660.5,0,8.331927377910835,13.6228170043734,1.5929192753096872,85.8182074912794,70.69365850489133,19.945419300511983,54.6,-0.5,97.4,0.0
2017-04-01,660372.0,0,6.721238319963001,12.626739189257968,3.7612907536569766,87.31839271282236,60.764876103645626,14.062179269988928,54.2,1.8,99.1,0.0
2017-04-02,636198.5,0,4.619281951415373,12.789301297561966,0.0276522686127596,83.5689618084335,34.61073442208912,8.887932145694377,54.2,1.8,99.1,0.0
2017-04-03,708834.5,0,5.209563492463529,13.732109747290998,0.1621506162023993,82.71161475996715,21.366878251250466,15.356077958952952,54.2,1.8,99.1,0.0
2017-04-04,746354.0,0,5.631826934448693,12.53171180910966,0.8615026558307427,86.48243997426661,61.55369832698522,14.18836225676399,54.2,1.8,99.1,0.0
2017-04-05,725371.5,0,4.76366514846368,10.985335011724604,0.0,82.97674168797388,54.6366360712785,15.3557682165303,54.2,1.8,99.1,0.0
2017-04-06,729648.5,0,4.476059735230776,12.690571007912538,0.0,84.03249956541399,45.68158077866012,10.210360392285487,54.2,1.8,99.1,0.0
2017-04-07,722623.5,0,4.432904806115627,13.437812416325288,0.0,82.59981993570831,29.411542752076485,8.384978436050945,54.2,1.8,99.1,0.0
2017-04-08,618246.0,0,4.558493602549637,16.81924759330322,0.0,81.59074222066447,3.850413449890081,9.508466559251591,54.2,1.8,99.1,0.0
2017-04-09,566488.5,0,7.0707693205140085,17.897060280706913,0.0582269960160694,82.56134224626017,23.429332088011844,17.05085374023042,54.2,1.8,99.1,0.0
2017-04-10,688591.5,0,5.939935203040799,11.187694549467691,0.1669388013146504,77.61990624621197,54.55601656983656,15.843707194506932,54.2,1.8,99.1,0.0
2017-04-11,681609.0,0,4.171563079268735,11.952399308202992,0.0249544268640297,81.5159953470406,54.46003695763727,17.033811130024446,54.2,1.8,99.1,0.0
2017-04-12,687375.0,0,5.202864075509536,11.229798020156432,0.5638621689862209,84.96931695187885,68.34150732563266,20.31482784738667,54.2,1.8,99.1,0.0
2017-04-13,720346.5,0,4.821141346427384,10.3927359039844,0.1204984511034796,81.98280030569776,60.03490175958776,13.312377215620312,54.2,1.8,99.1,0.0
2017-04-14,658745.0,1,4.719859354565391,12.26769704019263,1.8133262635757417,86.93820074689785,78.52300484449688,15.654020833451147,54.2,1.8,99.1,0.0
2017-04-15,579030.0,0,5.215314058162976,10.704755139363806,0.3992482630082597,79.0643683203146,68.90108831525447,19.04645879706591,54.2,1.8,99.1,0.0
2017-04-16,606625.5,0,3.7845198986302,10.62129805863604,2.1024075481259445,84.5410846215807,76.31333780745885,14.873819856167396,54.2,1.8,99.1,0.0
2017-04-17,648585.0,1,4.347569447091027,10.373606650850276,0.5544149528692388,82.33536829105535,73.16850249035612,9.971839102857103,54.2,1.8,99.1,0.0
2017-04-18,709313.0,0,2.191352740252303,10.192229227095842,0.136607294553918,73.81261328741515,44.67374940959,12.677605976289184,54.2,1.8,99.1,0.0
2017-04-19,730371.5,0,2.249631662228193,11.14236556846924,0.008779040119358,76.2413090941703,63.20692751621614,9.057130204182894,54.2,1.8,99.1,0.0
2017-04-20,740879.5,0,5.306673074402847,12.946513771889428,0.1316653093281214,83.78901282342235,75.33450784762763,12.64096923807175,54.2,1.8,99.1,0.0
2017-04-21,717248.5,0,6.679358827038208,13.1179067202611,0.2812628347326553,85.80743999270732,59.68142833547533,14.748391370953524,54.2,1.8,99.1,0.0
2017-04-22,632913.0,0,5.308564937354457,11.61830301107254,0.1873667443717115,80.01939672023406,51.270104443866366,10.850102047803723,54.2,1.8,99.1,0.0
2017-04-23,610335.0,0,4.056318935976075,11.892793193116749,0.1804244340977047,80.41572913083535,53.80784418228861,10.80646420265207,54.2,1.8,99.1,0.0
2017-04-24,716239.0,0,2.3636037501269334,10.946595740835768,1.3350956236758034,79.49853617661182,62.1708929439459,18.73805732121918,54.2,1.8,99.1,0.0
2017-04-25,724432.5,0,0.3567500459173625,8.405506739586963,1.1210301919874386,70.32809619791945,34.46677522301577,18.44094706004713,54.2,1.8,99.1,0.0
2017-04-26,762142.5,0,0.387855908734724,8.423458230813242,1.4932307772832116,75.57878260716694,43.18711197677258,15.477777348860574,54.2,1.8,99.1,0.0
2017-04-27,775383.0,0,0.8436852961663736,9.903308053991442,1.3996678413602457,81.9432227970669,73.05310833190521,15.245774557675034,54.2,1.8,99.1,0.0
2017-04-28,759805.5,0,4.8335347468422745,11.281355995651928,0.2187013564861747,83.92231650512197,80.49580971795798,7.710245399104863,54.2,1.8,99.1,0.0
2017-04-29,645933.5,0,4.480207096525303,12.154290405865227,0.1094608560938794,80.62616881816454,58.03579734793116,13.277125558968589,54.2,1.8,99.1,0.0
2017-04-30,577504.0,0,7.939963309752995,14.151266959611654,1.6619692410837337,78.5637825973319,62.18776096675042,24.286594770239844,54.2,1.8,99.1,0.0
2017-05-01,635532.0,1,7.378767743956427,13.24248771664451,3.0770810861281865,85.49871890865924,72.72372664760962,15.970480990826609,57.3,-1.4,97.8,0.0
2017-05-02,721678.5,0,5.707021271848244,14.67426027866614,0.3095493038755729,84.23793307695013,50.99402269043043,12.750645209632737,57.3,-1.4,97.8,0.0
2017-05-03,718244.0,0,4.968023843343483,12.26885038352984,0.3036047634438292,82.80166696007882,63.17141215744234,19.962715485817988,57.3,-1.4,97.8,0.0
2017-05-04,686452.5,0,6.8537586096591445,12.955164307936217,0.0,79.27370178031511,57.16434467932716,21.89394178797169,57.3,-1.4,97.8,0.0
2017-05-05,659184.0,0,5.777680747212564,12.920765595491025,0.0,77.15086840981351,37.75684098012116,22.570115812562744,57.3,-1.4,97.8,0.0
2017-05-06,637062.5,0,5.974001337320132,12.709969787358968,0.0162806570620903,83.61227528153428,68.83847962264902,17.934150952315033,57.3,-1.4,97.8,0.0
2017-05-07,603894.5,0,5.653806583160585,14.295911584428076,0.0142851388917232,83.28700642830782,52.81927353323225,12.33150245790048,57.3,-1.4,97.8,0.0
2017-05-08,699868.5,0,3.957447421239122,11.1805587024282,0.0195153277934168,82.47021739627532,57.55130853418748,16.960740332335977,57.3,-1.4,97.8,0.0
2017-05-09,738186.0,0,3.8600038780808585,11.379176420776629,0.0,79.20422183409313,56.40924737570287,8.699155772101372,57.3,-1.4,97.8,0.0
2017-05-10,699342.0,0,4.171403843756554,15.022010967180703,0.0,77.99556865180477,24.089513408730426,8.951532287589478,57.3,-1.4,97.8,0.0
2017-05-11,699766.0,0,5.451103049380036,17.441149247041313,1.3161877082109588,82.02446737703552,38.93466861371856,14.206816871969115,57.3,-1.4,97.8,0.0
2017-05-12,718634.0,0,8.332404500491629,15.240923760212771,3.4055664813334547,91.08319387035787,86.06131891876475,14.324157032216409,57.3,-1.4,97.8,0.0
2017-05-13,595568.0,0,9.566042152630542,15.547622666973847,1.9224825560124208,83.58867563200609,66.81303917556266,18.48951751793481,57.3,-1.4,97.8,0.0
2017-05-14,561535.0,0,8.590424272126821,15.716731395600146,3.4776995797854435,79.71720945558359,37.94435021584234,16.263007752596515,57.3,-1.4,97.8,0.0
2017-05-15,698273.0,0,8.038365877289628,15.249329004110802,5.970323210593621,90.7981827727399,83.90183066131574,22.02946368704988,57.3,-1.4,97.8,0.0
2017-05-16,692766.0,0,12.366295217537656,18.511142705507552,3.570476520491684,88.27898289169477,77.92110427445773,20.492761115505463,57.3,-1.4,97.8,0.0
2017-05-17,752788.5,0,8.961763299868776,15.425426376826277,11.944509681863368,90.1304240268654,80.65018697955712,9.033540650942234,57.3,-1.4,97.8,0.0
2017-05-18,711776.5,0,6.859452623854556,14.766926833295264,4.187254649455667,84.20841183952453,54.58650886420238,8.356826820730994,57.3,-1.4,97.8,0.0
2017-05-19,709035.5,0,7.424261769290025,13.598542317367531,7.036845543889007,85.41366782851323,74.28159538677417,10.085509239532255,57.3,-1.4,97.8,0.0
2017-05-20,609928.5,0,6.23185240721312,13.84094497624714,3.615887579543993,85.31332368495009,49.94494336120994,14.921994684035685,57.3,-1.4,97.8,0.0
2017-05-21,569627.0,0,6.85235511812011,16.449835711733872,0.2077723557315809,83.59653028246984,43.99540179413335,14.255627120527729,57.3,-1.4,97.8,0.0
2017-05-22,659402.5,0,9.53501272654717,19.460581419536183,0.91140919832342,83.56437036415973,56.144268664885374,16.04659704090567,57.3,-1.4,97.8,0.0
2017-05-23,697431.5,0,9.750645977995564,18.35954026331856,0.1548726543112285,85.60554450000971,51.473500626000565,11.910449433243285,57.3,-1.4,97.8,0.0
2017-05-24,683653.5,0,11.36344860230499,20.95025941773096,0.0,84.6166516610529,43.81014375392326,8.625305024674896,57.3,-1.4,97.8,0.0
2017-05-25,675483.5,0,12.305950967018426,23.091405917106805,0.0,82.41993376589497,24.85592957272388,9.387539589126275,57.3,-1.4,97.8,0.0
2017-05-26,631981.0,0,12.74825643107392,22.711860128952186,0.0,81.00053942143877,12.020623887871643,17.049005935203287,57.3,-1.4,97.8,0.0
2017-05-27,574021.0,0,12.689465472110395,21.51724936127535,1.7205293485094624,85.88968777791683,40.23379611928826,18.90595941286261,57.3,-1.4,97.8,0.0
2017-05-28,548998.5,0,11.690392886042082,20.15469501036245,1.2340094905717578,82.83303231438997,56.025832896083664,11.58746226416486,57.3,-1.4,97.8,0.0
2017-05-29,621224.5,1,12.699605172151385,18.13328673161566,9.282031232903927,90.08104929287262,85.37724902872792,11.554087226146269,57.3,-1.4,97.8,0.0
2017-05-30,657509.5,0,11.659527059771744,18.45975698159052,0.7721340281710088,87.49998669195584,72.06451208099946,15.513820895608628,57.3,-1.4,97.8,0.0
2017-05-31,668549.5,0,9.540967292577074,18.945064455191417,0.1545356565223923,83.4435161887286,45.93539775930648,8.207742503299043,57.3,-1.4,97.8,0.0
2017-06-01,641116.0,0,11.36699213798862,20.590392861454472,0.3003064830275413,82.73267142051724,43.2339457195306,11.928699679303795,56.7,0.8,98.6,0.0
2017-06-02,677419.5,0,11.889405112600192,18.78265709516069,2.6021750753425854,85.23683808308596,61.5322536124732,8.277329835909665,56.7,0.8,98.6,0.0
2017-06-03,561434.5,0,10.34315982819653,17.640877864364413,0.8022347125917333,80.74713574315683,43.59423842519797,12.824584994943558,56.7,0.8,98.6,0.0
2017-06-04,548247.5,0,8.32886880210883,16.29320995926079,1.710720517795406,80.731168656501,39.911785785238536,15.528966756075414,56.7,0.8,98.6,0.0
2017-06-05,665626.0,0,8.68580809579038,14.998341166126435,14.266934518460252,89.00253172477908,82.03902465620989,24.414488731989884,56.7,0.8,98.6,0.0
2017-06-06,658206.0,0,9.586340085623895,13.54501395223955,18.42726412398401,87.08073028399427,85.08154560915682,31.702299328832,56.7,0.8,98.6,0.0
2017-06-07,623624.5,0,9.948834611807118,16.233298327747438,2.469147769141516,77.66806861123521,69.07954150376351,27.126735470381888,56.7,0.8,98.6,0.0
2017-06-08,673088.5,0,10.892154115019366,16.32452712185546,5.108284291295322,90.62994665840851,87.0409581644267,21.894041936382507,56.7,0.8,98.6,0.0
2017-06-09,641798.0,0,10.61586776192997,17.317411482758306,0.974787716718272,84.00939878313457,53.00929339448928,17.425063663470358,56.7,0.8,98.6,0.0
2017-06-10,561471.0,0,10.52351732713496,18.30679850195066,3.876400030832864,88.54882544677533,64.20501115785763,20.435369529656224,56.7,0.8,98.6,0.0
2017-06-11,510190.5,0,11.988717052909342,17.839498072208404,0.8134900693100151,83.16545713039474,59.855496354395,23.711759719298005,56.7,0.8,98.6,0.0
2017-06-12,623251.5,0,10.775798488796289,16.36261079484614,0.367558936194905,82.22819215721613,70.39840649848085,21.78021471561109,56.7,0.8,98.6,0.0
2017-06-13,677156.0,0,10.419669587387933,19.23251696422183,0.4873644638708422,84.38046027822357,60.39436952018999,9.326314625767964,56.7,0.8,98.6,0.0
2017-06-14,663265.5,0,11.24893912144534,21.76275529930621,0.0562296137974851,81.00753722441284,36.207490080743256,12.208565220111977,56.7,0.8,98.6,0.0
2017-06-15,628879.0,0,12.06374125941183,18.933499503576144,0.6463072590125272,80.82709243945732,37.185607814336,18.18021983905442,56.7,0.8,98.6,0.0
2017-06-16,632813.5,0,10.919888248081122,18.868787433100184,0.039453869831715,84.00898226901354,67.32986584507987,16.58549977330223,56.7,0.8,98.6,0.0
2017-06-17,561976.5,0,13.520232606785836,24.210673177424933,0.0,82.31381188732286,32.215869369345,10.55800696763705,56.7,0.8,98.6,0.0
2017-06-18,558924.0,0,14.260080659041392,25.60262581234392,0.0081369408193427,77.91281030486424,20.22150826119124,6.782878690999877,56.7,0.8,98.6,0.0
2017-06-19,684405.0,0,15.433742782614296,26.425292712428963,0.0488216449160566,77.409734702142,21.57879400967129,7.358056570067682,56.7,0.8,98.6,0.0
2017-06-20,693935.5,0,14.537377270942436,22.99515372051116,0.0430991259965051,83.82870295867635,51.72204525460348,12.704691319147429,56.7,0.8,98.6,0.0
2017-06-21,695093.5,0,14.022987971249217,26.53286670453978,3.099243196423781,84.7517242215501,46.17004689963756,13.000192059972132,56.7,0.8,98.6,0.0
2017-06-22,693634.5,0,13.961462516556685,20.4080459021182,1.1299642984822806,85.73767143404042,57.79771712949975,16.911857027839815,56.7,0.8,98.6,0.0
2017-06-23,629825.0,0,12.046812259333397,18.36304350605556,1.3907993376835373,86.0333269538729,76.40143395558839,20.855450836581152,56.7,0.8,98.6,0.0
2017-06-24,554438.5,0,13.942933016710478,18.27494818775788,0.5466668697193496,86.27903624680945,83.04335153779522,19.47547338219056,56.7,0.8,98.6,0.0
2017-06-25,542706.0,0,11.156470942730785,17.43422399288533,0.4383717107002084,84.70749058786272,68.82538999330971,17.674012466287312,56.7,0.8,98.6,0.0
2017-06-26,658865.0,0,9.135047450400029,18.16053536694181,0.1922915029029362,75.55731814573028,58.47500713962739,8.196114407626684,56.7,0.8,98.6,0.0
2017-06-27,695667.5,0,11.615632443130702,17.045967598078136,12.825556188652374,88.1896131360784,93.80216152449576,14.66068184763107,56.7,0.8,98.6,0.0
2017-06-28,694928.0,0,10.814416296889496,14.11453319253648,11.49636194493162,92.60119750268558,96.58162244543948,16.578903347701512,56.7,0.8,98.6,0.0
2017-06-29,690204.5,0,10.16858797840421,15.075303752266056,3.231246768265952,90.23090185019308,89.11512005269617,14.63877831294078,56.7,0.8,98.6,0.0
2017-06-30,678030.5,0,11.060925486263026,18.02386285989808,0.9162908347960912,88.04934519812574,83.1299316753334,10.908177061652696,56.7,0.8,98.6,0.0
2017-07-01,558442.5,0,11.991782974259968,19.018141553455063,0.0257893698662606,82.695054066926,63.79481963328071,16.733106452182383,54.3,-0.1,98.5,0.0
2017-07-02,521943.5,0,11.733013572483909,19.0367118380001,0.1743119356989729,78.2407097557983,42.098840580449554,14.905289600252171,54.3,-0.1,98.5,0.0
2017-07-03,650215.0,0,11.902206698083075,18.99756533481317,0.6843195096050271,81.87643909747241,65.97830493751182,15.655962332641357,54.3,-0.1,98.5,0.0
2017-07-04,692836.0,0,12.03036926411003,19.219721802252177,2.147292572156646,83.78165826958791,67.86274836252662,10.174025313313772,54.3,-0.1,98.5,0.0
2017-07-05,678343.5,0,12.498256907458872,22.32603551028758,0.1670203937632051,80.9284659279647,49.15607601960518,7.576650861340876,54.3,-0.1,98.5,0.0
2017-07-06,693575.5,0,13.85077788437873,24.07085404019927,3.3782112756199827,83.11956234237805,42.56926674090486,11.126948291517596,54.3,-0.1,98.5,0.0
2017-07-07,679177.5,0,14.151091404073036,22.11295789506942,0.0778712243572737,83.48798477240109,51.21771494611994,12.537684062851833,54.3,-0.1,98.5,0.0
2017-07-08,576103.5,0,12.556523842974668,20.500192812967704,0.0,78.68635928854766,45.00381770290741,9.548368762645715,54.3,-0.1,98.5,0.0
2017-07-09,570426.5,0,12.625270217838851,21.82177094292749,0.5531697748069934,80.89788442667471,46.76543920602672,10.774501707486609,54.3,-0.1,98.5,0.0
2017-07-10,684897.5,0,12.993437889483117,19.6303476669677,1.489742428491238,84.14323549349425,54.003569091431245,10.607439374943604,54.3,-0.1,98.5,0.0
2017-07-11,716350.0,0,11.57704615328064,16.763660615123005,11.761352437824694,89.93286591158935,75.62844102071531,11.434809408522902,54.3,-0.1,98.5,0.0
2017-07-12,665674.5,0,10.990297867221496,18.56065457689763,2.853037465801707,78.99977503873163,53.68431725676522,12.737562941209305,54.3,-0.1,98.5,0.0
2017-07-13,662279.5,0,11.749248495053834,19.744883979057256,0.560775972077326,76.512425395043,41.64154239063861,11.63305371790487,54.3,-0.1,98.5,0.0
2017-07-14,636019.5,0,12.058975519714467,17.53524388081992,1.3839087151768743,80.69725488857019,63.07134420958086,15.949139113995292,54.3,-0.1,98.5,0.0
2017-07-15,579241.0,0,12.2808171581689,19.72592238269189,1.3569825509719606,88.3909783047531,83.91273540485591,15.986980952469937,54.3,-0.1,98.5,0.0
2017-07-16,567009.0,0,12.984553725035276,20.19254044477512,0.4811889351327202,84.52164691687346,63.01413475645603,15.106550963108996,54.3,-0.1,98.5,0.0
2017-07-17,638245.0,0,11.57411174491141,22.34730665163708,0.0,75.21088830364913,22.70425531934512,11.344787020888896,54.3,-0.1,98.5,0.0
2017-07-18,661521.5,0,13.12606070951484,23.14506949872501,0.807843547620915,75.54219820982526,35.686317412773604,16.518186210702545,54.3,-0.1,98.5,0.0
2017-07-19,692441.0,0,15.10954653315922,21.93767252818908,5.911576513939085,86.0195775006399,72.44264441963281,17.26192402293139,54.3,-0.1,98.5,0.0
2017-07-20,662189.0,0,12.887239651013292,18.092479089466693,3.916982412051962,75.87402613085182,55.6185378381196,16.26964365667926,54.3,-0.1,98.5,0.0
2017-07-21,641496.5,0,12.141787390809496,19.001717967076697,8.170665571554988,75.79280827454231,68.60902535265394,21.97864559885461,54.3,-0.1,98.5,0.0
2017-07-22,582916.5,0,12.76993777060202,18.729102144678908,8.605072376397468,78.33221469950621,66.54065753478717,12.410696615564596,54.3,-0.1,98.5,0.0
2017-07-23,571686.0,0,12.248324200675224,19.20706124208248,6.280752738629521,78.79008956098576,62.28467772035478,11.95103852226986,54.3,-0.1,98.5,0.0
2017-07-24,643088.0,0,13.36113138905984,18.569043393198427,1.254641249552198,81.55592822347876,72.26777668868323,15.577144657395008,54.3,-0.1,98.5,0.0
2017-07-25,665997.5,0,12.319046190039115,20.720338213646173,0.347033698426565,76.77676830098873,47.44667468243257,8.071213987449008,54.3,-0.1,98.5,0.0
2017-07-26,654982.0,0,13.081336414693654,18.803131213750177,6.870518413169713,85.10372135942931,64.99860088812908,17.87966649795468,54.3,-0.1,98.5,0.0
2017-07-27,632695.5,0,11.975840797926969,18.21953015719597,3.292091183030418,74.82026233935377,57.48138903832693,18.29841156045516,54.3,-0.1,98.5,0.0
2017-07-28,622874.5,0,12.586926131318986,18.005719370168688,3.429380788384518,80.74321532550677,72.64974750675484,21.98584454384942,54.3,-0.1,98.5,0.0
2017-07-29,568696.0,0,13.14448623450335,19.04513400124757,5.139939157035904,79.21715981934499,61.214775328250745,15.785764200758823,54.3,-0.1,98.5,0.0
2017-07-30,541779.5,0,13.200213269859598,18.94979735506157,5.204884092160265,76.74555409901284,56.19183897561622,16.645018863614737,54.3,-0.1,98.5,0.0
2017-07-31,620643.5,0,12.721028003690108,19.27461007737967,1.3735555209143444,74.34353671016297,40.65725937519439,17.528208796881504,54.3,-0.1,98.5,0.0
2017-08-01,636811.5,0,12.157907934889057,19.62885164917709,3.0083408074546685,74.66818172961054,37.06875527250572,14.71790493151244,55.1,0.9,99.4,0.0
2017-08-02,661489.0,0,12.693921069836437,18.262466440985182,5.472881422376053,85.90887256831606,74.92314755098795,18.97551734791149,55.1,0.9,99.4,0.0
2017-08-03,619984.0,0,14.558364502227514,18.91561369200428,2.000211716229962,78.37464858157763,69.06266897835282,25.57030416902605,55.1,0.9,99.4,0.0
2017-08-04,603833.0,0,13.294425017500233,19.65528760250882,0.5346991899488799,73.63390501781495,42.63274397548222,18.55025366423012,55.1,0.9,99.4,0.0
2017-08-05,558408.0,0,11.817575958504966,18.25667475250726,3.842434081845762,70.91278568651927,38.67787149174754,12.65325729594312,55.1,0.9,99.4,0.0
2017-08-06,537891.0,0,10.563182306190004,18.526476261645616,3.296194434151797,74.69401210546413,44.40047513098435,14.078233427520273,55.1,0.9,99.4,0.0
2017-08-07,652085.0,0,13.026637771511762,19.3113456270566,2.0996246393919584,76.86844302214679,66.31860893012177,11.887870599831968,55.1,0.9,99.4,0.0
2017-08-08,681956.0,0,12.20846556345337,17.39367834709297,10.516661975555488,79.3952687505732,73.83881442906709,9.404410362669712,55.1,0.9,99.4,0.0
2017-08-09,660395.5,0,11.888000868065587,17.379448175341135,9.267633063230235,80.72241167146822,67.15716872374811,16.867274526694647,55.1,0.9,99.4,0.0
2017-08-10,643287.0,0,11.115313726230236,18.8476358490065,0.1878876175318514,73.51489067180482,34.713094565302114,11.30684005501232,55.1,0.9,99.4,0.0
2017-08-11,628890.0,0,10.893018062181577,18.72624411157464,0.3209626713356899,80.15976156410642,55.22477134444316,14.86450754458533,55.1,0.9,99.4,0.0
2017-08-12,572441.5,0,13.247961994438777,18.861408460695102,0.4471089534185261,76.43470898350147,52.360625084058896,15.53499805081718,55.1,0.9,99.4,0.0
2017-08-13,553805.0,0,10.925380305791194,19.523432453777136,0.1106156454899315,65.84055726036485,31.19345204579984,7.979839742257915,55.1,0.9,99.4,0.0
2017-08-14,657257.0,0,13.194240001878493,19.94617510828998,5.089982577219235,74.80665143730565,61.95688995864118,13.167947763129844,55.1,0.9,99.4,0.0
2017-08-15,645213.0,0,13.46687475673633,20.28997994634492,2.8765025350441062,71.87334906489629,38.00925216414,12.91688779124332,55.1,0.9,99.4,0.0
2017-08-16,640543.0,0,11.48243127639941,19.95845065721453,1.6751029052966384,71.64393502637881,43.97674824979242,14.948281728651622,55.1,0.9,99.4,0.0
2017-08-17,648454.5,0,14.901970242106824,21.426836184307746,4.992092793518903,76.9387951523805,53.23737063536107,18.5686964159132,55.1,0.9,99.4,0.0
2017-08-18,613985.0,0,12.9660224118528,17.7339745331366,3.0733871234438195,72.7466923978059,51.69005549792493,20.9826613549642,55.1,0.9,99.4,0.0
2017-08-19,526276.5,0,12.168969608852915,17.71598384003891,1.5364385129019795,72.00494097252358,46.88845813615095,21.844120174158963,55.1,0.9,99.4,0.0
2017-08-20,569608.0,0,11.42065263078826,18.38013183384972,2.72302652154895,76.06661996147614,43.79467599553391,11.980970664767849,55.1,0.9,99.4,0.0
2017-08-21,693055.5,0,13.289552613675284,19.34000242556777,1.3910123017347296,84.17845503257982,79.81789671925056,8.51600624242548,55.1,0.9,99.4,0.0
2017-08-22,696011.0,0,15.452717610187532,21.946014750968075,1.22169135129573,84.17876428325026,76.15100173613118,10.15723666238924,55.1,0.9,99.4,0.0
2017-08-23,682962.0,0,14.651172927368936,21.11511499686877,5.169980889587122,79.04470365659566,50.52064615502636,13.37772762656534,55.1,0.9,99.4,0.0
2017-08-24,667346.5,0,12.87601095033819,19.371966580396936,0.3049555207053497,75.15323195533709,39.6483750878085,12.919344139629104,55.1,0.9,99.4,0.0
2017-08-25,653100.5,0,12.37763010595539,20.94196240542068,0.9063876475902052,74.56848633014916,39.91702615802113,7.356068339050362,55.1,0.9,99.4,0.0
2017-08-26,584373.5,0,13.80439360313974,21.33624926513779,0.4216052623879143,73.37716642972406,38.454089721788726,7.550031192457308,55.1,0.9,99.4,0.0
2017-08-27,546460.0,0,12.86296659293662,23.15549120329061,0.0166362845760198,70.8386974381431,28.181861615273235,6.930517364508129,55.1,0.9,99.4,0.0
2017-08-28,553464.0,1,14.82358670722475,23.657009795581065,0.1406836130215001,73.02322043173876,28.667721695419008,11.3981805076063,55.1,0.9,99.4,0.0
2017-08-29,680122.0,0,13.684324156663402,20.10382717835779,0.9563811457039666,73.87905706329515,60.23649456343345,10.685049629477003,55.1,0.9,99.4,0.0
2017-08-30,694512.5,0,11.137178412496011,16.624814686253487,2.3660013663949817,74.83110624392532,60.90759378206378,10.856413257123217,55.1,0.9,99.4,0.0
2017-08-31,682486.5,0,9.580075162481076,18.186602936399964,3.101059813603784,72.0590612382714,37.392516121481485,7.757274551896947,55.1,0.9,99.4,0.0
2017-09-01,657323.5,0,10.122857497094358,18.445658138413,0.1384241837343613,71.53768154262177,26.70980554212116,9.0993293514108,56.9,-0.1,99.3,0.0
2017-09-02,581907.0,0,10.44022885594586,18.97332202774515,0.032293259995048,71.35713931389256,25.06569552879221,7.349406771649207,56.9,-0.1,99.3,0.0
2017-09-03,579709.5,0,11.917690223277631,16.10763994837585,5.4754175468006725,80.43043545703081,68.19524967673439,17.4808235079193,56.9,-0.1,99.3,0.0
2017-09-04,701341.5,0,14.035175004776145,20.73850460058779,0.9402579108177864,87.02436189618668,90.96568380972238,13.571364586563018,56.9,-0.1,99.3,0.0
2017-09-05,706630.5,0,13.65821328227634,18.057421951548147,6.191928013500565,85.96235638376736,77.25532725925103,15.917368386824087,56.9,-0.1,99.3,0.0
2017-09-06,672208.0,0,11.777928421286084,16.864640609659634,0.2998797189464012,72.96735287818879,55.71588419874756,15.995191354922405,56.9,-0.1,99.3,0.0
2017-09-07,690220.0,0,11.305439805964411,17.641358413843413,2.634479882294191,80.84569004698446,78.0127411614302,15.816367415982292,56.9,-0.1,99.3,0.0
2017-09-08,669891.5,0,11.97437184187511,16.475766128427484,6.282039392917145,80.48633801719116,72.24109656501247,17.736339338775228,56.9,-0.1,99.3,0.0
2017-09-09,601628.5,0,10.056358475927132,16.641734481345257,2.1559007990727523,78.34554305917574,48.13998442743692,13.916874560035446,56.9,-0.1,99.3,0.0
2017-09-10,581405.0,0,10.13953989880723,15.237044849522595,1.971918058284439,82.71750655075411,57.97502216880427,20.365953526588672,56.9,-0.1,99.3,0.0
2017-09-11,640701.0,0,10.861109844166185,15.889453304316676,3.067705278578856,77.0900203437889,67.39275505158604,24.91597294772748,56.9,-0.1,99.3,0.0
2017-09-12,664816.5,0,10.377030660012604,16.489766851672044,5.232465270307584,75.5314970978014,54.12896442947277,21.461295044195,56.9,-0.1,99.3,0.0
2017-09-13,661629.5,0,9.882840988972704,15.212837255958746,3.4670018885128897,72.32989822388937,60.62519021590135,25.662111663280545,56.9,-0.1,99.3,0.0
2017-09-14,681255.0,0,8.649316178598502,15.471796427985716,1.198412588524618,75.83471963915714,47.9462005564668,18.69598765849481,56.9,-0.1,99.3,0.0
2017-09-15,696107.5,0,8.147105076259702,14.828850007954092,3.136247164433825,78.55613857048617,53.24053506082606,12.276186266147606,56.9,-0.1,99.3,0.0
2017-09-16,639772.0,0,8.370987640054103,14.546690934843078,2.992452384248292,80.00421597609494,58.36430747827254,10.280113814204704,56.9,-0.1,99.3,0.0
2017-09-17,628974.5,0,8.382554574045466,15.828198497746175,1.295658561012557,81.35330068078176,54.77798641731224,10.286127098521815,56.9,-0.1,99.3,0.0
2017-09-18,726854.0,0,9.39759672089792,15.527619493328029,2.587599805720996,79.84899824850157,58.35451537020705,10.535678605139942,56.9,-0.1,99.3,0.0
2017-09-19,727711.5,0,7.809344026526098,15.968942298164608,0.9261090410733572,75.6116036094858,26.949734841062,7.706369423560684,56.9,-0.1,99.3,0.0
2017-09-20,723290.5,0,10.166109593372555,16.984950461497153,1.2406330270864494,82.97071827663471,72.13223130843707,14.675821515093473,56.9,-0.1,99.3,0.0
2017-09-21,726673.0,0,10.594044183075413,16.163431311067942,3.1169424126199354,83.4342515771108,61.50298771738214,16.370106450830065,56.9,-0.1,99.3,0.0
2017-09-22,692547.0,0,7.470889852053889,16.007437752161312,1.3291189933389704,78.61766099782916,37.46429431775405,12.77557787646152,56.9,-0.1,99.3,0.0
2017-09-23,618172.5,0,12.373790827419809,17.492202131549124,0.1646716284669452,79.19793613441948,61.41679122340327,13.89937231518661,56.9,-0.1,99.3,0.0
2017-09-24,611772.5,0,11.880972330578455,18.526298093673383,2.844179324266078,75.1489913608972,41.307285305903065,12.996679427841388,56.9,-0.1,99.3,0.0
2017-09-25,744642.5,0,13.812558856592515,16.53195430441773,5.536479103973382,88.52696378785907,79.77740611897109,7.630593496970437,56.9,-0.1,99.3,0.0
2017-09-26,737042.5,0,12.505478350117246,18.146318318827053,0.1041572132426902,83.75944072037764,59.7883935690859,7.921973661628747,56.9,-0.1,99.3,0.0
2017-09-27,715906.5,0,12.389719065651132,18.21358757762616,6.997404156879774,84.77750171867397,73.81411228645354,16.559001505745265,56.9,-0.1,99.3,0.0
2017-09-28,713526.0,0,13.22417458777027,18.080703836945787,2.06706890665535,82.0282810229872,55.4719681417102,12.47210899798357,56.9,-0.1,99.3,0.0
2017-09-29,703404.0,0,11.68450277028607,17.35779150025977,3.676926652883672,80.0356341476668,54.68202736650218,15.737544561970491,56.9,-0.1,99.3,0.0
2017-09-30,646887.0,0,10.261391993143008,15.077504005321742,4.463313886787331,79.96973440340253,62.86179130515708,13.514429331396483,56.9,-0.1,99.3,0.0
2017-10-01,611445.5,0,12.69404794190636,16.851121957252474,2.4124987767663804,87.79270491437488,93.35125075022948,21.36818164048045,55.9,0.2,99.6,0.0
2017-10-02,658675.0,0,10.995211716537309,15.03592008620908,0.8876322705871447,73.33199301146348,60.00465987466711,25.27629331445661,55.9,0.2,99.6,0.0
2017-10-03,692085.0,0,9.44623457957276,13.976434296741475,0.0674989470355824,70.65745074363998,42.762480102476246,19.033307913842066,55.9,0.2,99.6,0.0
2017-10-04,718547.0,0,9.28263330664758,14.268534402001038,2.85957296637718,77.46465119155248,72.69898836120872,21.64190760885734,55.9,0.2,99.6,0.0
2017-10-05,683544.0,0,9.65179015322753,15.52287182552435,1.1907442506790484,72.69816403083385,45.68861174417378,24.697098895549125,55.9,0.2,99.6,0.0
2017-10-06,718675.0,0,9.06337418175506,12.082090455237148,0.0944808267657777,77.03181077424172,33.31573791168573,15.215789644018118,55.9,0.2,99.6,0.0
2017-10-07,635926.0,0,10.570894932468898,15.031587718513167,1.0683098986769162,82.92670225866708,78.23679534674555,20.28452255716558,55.9,0.2,99.6,0.0
2017-10-08,653178.0,0,9.72209575140844,15.493497483703946,0.0627062516335393,83.30013336934599,57.4416842427102,9.299505601549413,55.9,0.2,99.6,0.0
2017-10-09,750278.5,0,11.177410612356898,15.384227238449908,0.5827037916431139,84.86769897032005,74.77220640794927,10.57601059996474,55.9,0.2,99.6,0.0
2017-10-10,715460.0,0,11.93229114546055,16.254323362483586,1.5773384215958883,82.46223091011778,81.75323048930082,19.27505047221735,55.9,0.2,99.6,0.0
2017-10-11,705964.0,0,11.138658801786733,15.61402747149128,4.120026839220878,81.03592614090816,77.92480996543227,25.9730208756189,55.9,0.2,99.6,0.0
2017-10-12,708111.0,0,9.728898036777656,15.228393775621829,0.0748632805920893,77.0001957481137,42.09617142629532,17.394108952988244,55.9,0.2,99.6,0.0
2017-10-13,688861.5,0,12.972968673048465,17.766069401849823,0.9647820099338864,86.71498512203692,75.72311423170233,22.669186440842577,55.9,0.2,99.6,0.0
2017-10-14,633752.5,0,13.517794084417629,18.632609250744206,0.2044044585697534,85.26485737095992,52.24413889762432,16.534223341313652,55.9,0.2,99.6,0.0
2017-10-15,607614.0,0,13.061359058038809,17.171403398106115,0.0166362845760198,84.75776324602191,39.50020865660919,15.654352228338254,55.9,0.2,99.6,0.0
2017-10-16,710423.5,0,12.812769172865409,20.38579157906306,0.7344391329400464,76.01275909501858,41.02854069888807,24.50611552267482,55.9,0.2,99.6,0.0
2017-10-17,712164.0,0,10.997264290257723,14.75429059949266,0.8808556331690799,69.44621418722335,46.11231356137031,19.388741938644568,55.9,0.2,99.6,0.0
2017-10-18,786394.5,0,9.56539895610841,13.862905723233498,4.354335805351198,85.1104084364763,82.99125898154675,9.74609859164626,55.9,0.2,99.6,0.0
2017-10-19,774172.5,0,11.854198143930462,15.45470209159426,9.373663368320685,89.85692873637632,84.18810499352239,15.125994322966624,55.9,0.2,99.6,0.0
2017-10-20,734272.0,0,10.868445772885718,14.22065258161304,2.6078950079528624,81.9964658537101,71.55426991209191,19.198910710461465,55.9,0.2,99.6,0.0
2017-10-21,618723.5,0,11.161758738867038,14.33691369920845,5.740140116186295,77.84138048429725,80.54798760858196,29.3837178446304,55.9,0.2,99.6,0.0
2017-10-22,606265.5,0,8.686429071259568,11.928285869819913,1.2636695404255966,74.61092772680902,65.70300534669883,25.88023700735341,55.9,0.2,99.6,0.0
2017-10-23,765951.5,0,8.93177093309244,15.05694301563108,0.3108521429577764,90.77892941364205,69.90013211845131,13.681594440151176,55.9,0.2,99.6,0.0
2017-10-24,743628.5,0,12.630886212472852,16.574411636922626,2.9846448421094305,89.27787047136171,90.47442072511814,19.19015931911005,55.9,0.2,99.6,0.0
2017-10-25,718146.0,0,10.899546072756214,15.95894934005624,1.281839192909228,79.63701724070951,52.56212222673268,16.154089663393155,55.9,0.2,99.6,0.0
2017-10-26,772250.5,0,9.725828365816437,14.40255515062493,0.0993713916144938,85.37446498896385,63.68301422098213,8.393974704635182,55.9,0.2,99.6,0.0
2017-10-27,731369.0,0,7.487443737400386,12.889629505280066,0.0,79.23249956848744,16.507081600623934,10.675531396657412,55.9,0.2,99.6,0.0
2017-10-28,627605.5,0,7.64250230631786,14.938035794766233,0.0,84.36818857111315,59.478975349445264,23.726379727613534,55.9,0.2,99.6,0.0
2017-10-29,666081.0,0,7.290645363919993,13.771891302354092,0.2562831517825157,70.12069245042339,45.62852145293599,17.53798704368161,55.9,0.2,99.6,0.0
2017-10-30,801233.0,0,4.526419279858395,10.345078952661227,0.2636563522460413,72.47092204645632,27.79759177878822,8.154455019917194,55.9,0.2,99.6,0.0
2017-10-31,788964.0,0,6.935568043876099,13.126138268058554,1.9721340558320708,82.95615173100465,73.89442287530467,13.88738325802558,55.9,0.2,99.6,0.0
2017-11-01,782809.0,0,8.380369565308259,13.366103003892956,0.6932674097493319,82.32837803340423,63.5167196519427,11.909921475777884,56.3,0.2,99.8,0.0
2017-11-02,823513.5,0,7.0098453556093805,12.040629535645763,0.0040684704096713,82.44763837845693,43.18460201202875,6.450744285409048,56.3,0.2,99.8,0.0
2017-11-03,801229.5,0,7.358437739498693,12.12986614935154,0.8728616293496406,83.00118891853609,59.88224280314496,8.928987415815095,56.3,0.2,99.8,0.0
2017-11-04,705603.0,0,6.0973233865794425,11.468897087695892,8.813899015057208,83.41998833502291,68.28018891398737,14.76674403977882,56.3,0.2,99.8,0.0
2017-11-05,691836.5,0,4.3957767306051085,9.105820265428171,0.3370452967097597,75.30198821257662,28.29294135498387,14.459654943007148,56.3,0.2,99.8,0.0
2017-11-06,815527.5,0,2.833961802901289,10.272482726588969,0.0,79.24736599076145,29.79077475621999,12.280003385099269,56.3,0.2,99.8,0.0
2017-11-07,829504.0,0,6.285005857383499,10.864808327897425,5.927888993516001,83.44135964015048,78.92965622955387,17.74318340771495,56.3,0.2,99.8,0.0
2017-11-08,839760.5,0,4.197026546505375,9.38634873431587,1.7616870613723967,78.11312539816562,45.42863621253432,12.52719870710968,56.3,0.2,99.8,0.0
2017-11-09,821074.5,0,5.598850599900814,12.012268695128135,0.1957087412520355,84.47916350613424,68.99850304480674,14.374267412146624,56.3,0.2,99.8,0.0
2017-11-10,769637.0,0,7.217689236699762,10.450706051674798,1.3321657517207024,74.12696545674314,67.3596839932689,20.545510821744987,56.3,0.2,99.8,0.0
2017-11-11,762755.5,0,6.428189163674559,9.379774391462789,3.646200249121669,83.12240788190276,73.1946808116321,9.961049291028546,56.3,0.2,99.8,0.0
2017-11-12,701455.5,0,3.8575569651905823,7.351476633533222,1.6331487812905003,71.0614696100823,39.1569524757142,19.8849339785778,56.3,0.2,99.8,0.0
2017-11-13,876345.0,0,1.9914750144390745,7.440730904216751,1.0673295906482498,72.89145290710383,39.86376567490901,13.45498063848615,56.3,0.2,99.8,0.0
2017-11-14,869612.0,0,5.968063260356486,11.204264570433546,0.3853821799818002,88.83993092172312,77.01381150621489,13.890764300338644,56.3,0.2,99.8,0.0
2017-11-15,865457.5,0,8.318130593527705,11.40919202284484,0.1811790585969473,90.68058734699436,77.60886645522142,6.609998361235763,56.3,0.2,99.8,0.0
2017-11-16,815690.5,0,5.233161328655458,11.437990584297516,0.5211903418513831,81.46261063502668,45.30354055136241,13.500540819859118,56.3,0.2,99.8,0.0
2017-11-17,828148.0,0,3.026842555572302,8.294639713441235,0.0415907114400496,75.90158335605638,24.587997659382424,11.34127017812986,56.3,0.2,99.8,0.0
2017-11-18,754398.0,0,3.789851276305977,8.598819097024924,0.5659580230479343,81.75584490528729,50.15052187817872,15.778197655620518,56.3,0.2,99.8,0.0
2017-11-19,770874.0,0,2.660341862447564,7.215113484730725,0.2683513380208793,78.46391686719912,43.815110466601546,9.973336288559214,56.3,0.2,99.8,0.0
2017-11-20,844534.0,0,5.283651510330853,11.973705563733668,3.5420833564866667,90.01887069904298,92.1066469469933,17.206755633451838,56.3,0.2,99.8,0.0
2017-11-21,819633.0,0,10.787027635121827,12.964543636124018,3.387052122845111,88.54080919424187,93.87677559428867,19.90312977844842,56.3,0.2,99.8,0.0
2017-11-22,793254.5,0,11.850224816816157,14.160587615614018,6.810014017396719,78.95715699545794,80.88505387391326,29.667892364170047,56.3,0.2,99.8,0.0
2017-11-23,803057.0,0,6.143057463827322,12.712238977927456,3.1733627509749605,71.61620299863121,55.562838970944576,23.91968713679489,56.3,0.2,99.8,0.0
2017-11-24,853762.0,0,2.226205401455439,7.336369621490949,0.4187191901873797,74.65183683895287,43.81388385218519,9.92092180365367,56.3,0.2,99.8,0.0
2017-11-25,775323.0,0,1.7375172389883773,6.023707712076131,0.3509586033155409,74.0955379111448,45.72339388503669,16.357778100012073,56.3,0.2,99.8,0.0
2017-11-26,763754.5,0,3.240463480145136,7.195509214329954,1.4260222698593514,76.6790731804738,53.32594230787672,19.054294699476703,56.3,0.2,99.8,0.0
2017-11-27,847133.5,0,4.709333598305816,9.218893138310964,4.553421493542433,79.68099957365084,68.93841061752029,23.06793003546271,56.3,0.2,99.8,0.0
2017-11-28,879256.5,0,2.1430263912346152,5.642615240286111,0.2634115856574567,79.66529761827194,34.61004507769562,15.02357901130268,56.3,0.2,99.8,0.0
2017-11-29,895349.0,0,1.6377637359300472,5.557073499006291,0.8098861034267999,77.4897100542919,49.54830932209745,18.187976292748942,56.3,0.2,99.8,0.0
2017-11-30,901310.5,0,0.4051239719612725,3.727043700666497,0.4188191741685515,69.5106245216173,40.41057063479555,20.52112871761597,56.3,0.2,99.8,0.0
2017-12-01,910891.0,0,1.862881704211538,5.527332079529118,0.4431477848775869,76.18111551960136,45.4992317140097,17.323710598046908,58.2,0.2,100.0,0.0
2017-12-02,835039.5,0,2.615604351785761,6.299770717459096,0.1046997634548936,87.84496655654695,85.91266022823696,9.409489809541911,58.2,0.2,100.0,0.0
2017-12-03,791988.0,0,4.636168445662242,8.556411984714375,0.0139255911906525,90.38559947298916,74.53491929362745,11.713846884712874,58.2,0.2,100.0,0.0
2017-12-04,884525.0,0,4.195130058009549,8.438836582504095,0.0,90.14088859070948,55.79603120315292,11.670863239039027,58.2,0.2,100.0,0.0
2017-12-05,873705.0,0,5.619322474870847,8.012268695128137,0.0,84.99087298679719,75.1335318547246,14.055620140719812,58.2,0.2,100.0,0.0
2017-12-06,831991.5,0,6.613064758971343,10.717101393035655,0.724989459598745,82.45200260247563,67.07825212947147,21.70293831472584,58.2,0.2,100.0,0.0
2017-12-07,819246.5,0,3.8755050602531687,12.89930227123134,6.587265896750723,74.57592623372638,61.50057780884559,28.004995157470123,58.2,0.2,100.0,0.0
2017-12-08,868359.0,0,1.140743800418432,3.8135951014349576,0.1996605357664904,66.14430820483643,39.72945036671192,22.962697275619,58.2,0.2,100.0,0.0
2017-12-09,864643.0,0,-0.4681015401925062,3.325376055208037,0.4879483304889566,73.82505641627218,34.948061024113315,14.229945161637724,58.2,0.2,100.0,0.0
2017-12-10,871517.0,0,-1.1787215161753284,2.351224041937612,11.108731280222784,86.50905469489358,73.8427160218279,13.551478419208433,58.2,0.2,100.0,0.0
2017-12-11,965231.5,0,-1.7267590683410174,2.126528734679767,3.4211801979253464,83.87126194558319,42.38526990680558,16.50249072493865,58.2,0.2,100.0,0.0
2017-12-12,977987.5,0,-2.3439148368771865,4.533770898546847,1.8630730204084545,88.36604869600838,42.25856291195005,13.204701092722583,58.2,0.2,100.0,0.0
2017-12-13,932538.5,0,2.6713867400000346,6.758245409062845,6.145409722100991,86.33540262150643,82.53034085005271,20.24044883514966,58.2,0.2,100.0,0.0
2017-12-14,928935.0,0,2.2026939446124736,5.040696782760348,1.5876179913323756,77.50547676728982,59.05017542952712,19.933708575101257,58.2,0.2,100.0,0.0
2017-12-15,909457.5,0,1.3752821120954075,4.94148629707882,1.3844806091654251,81.7819380151258,48.484040135954736,17.971521031381414,58.2,0.2,100.0,0.0
2017-12-16,870077.5,0,0.5522997222337648,4.432999975535328,0.6278011665714717,81.89632735477389,35.43628446537561,12.345972251283412,58.2,0.2,100.0,0.0
2017-12-17,836894.0,0,-0.2012290762508516,8.723509339235015,2.0664056819877805,90.00716873296847,69.25438821230615,14.911118692632495,58.2,0.2,100.0,0.0
2017-12-18,925461.5,0,2.056493508010275,6.626303373862731,0.0,85.40214046520742,12.011454414939038,8.775855793295893,58.2,0.2,100.0,0.0
2017-12-19,928061.5,0,2.735260726406528,7.506266505970241,0.0,88.39634413581803,48.15516700027956,9.785130393630432,58.2,0.2,100.0,0.0
2017-12-20,892671.5,0,6.4740839055894766,10.074160797194258,0.008779040119358,95.45839850074589,80.5186370091729,9.893470212970506,58.2,0.2,100.0,0.0
2017-12-21,875404.0,0,7.866543890482849,10.688382126626683,0.7277519944240217,93.63133582766446,85.59381384326726,9.44198670105326,58.2,0.2,100.0,0.0
2017-12-22,817892.0,0,7.05957064745817,10.090409995945503,0.2160375532106624,94.45009950605947,64.90314531474478,7.363169732700711,58.2,0.2,100.0,0.0
2017-12-23,710518.0,0,7.609355810138406,9.868395767832965,0.2079535572002481,91.86744378165808,57.980963580462586,16.811366034773275,58.2,0.2,100.0,0.0
2017-12-24,666066.5,0,9.128542352404878,10.880108306579965,0.8686683568394987,86.5500262134662,81.53118022497172,22.87540040923619,58.2,0.2,100.0,0.0
2017-12-25,633327.5,1,6.439781730249818,10.692254721374429,6.285900867918061,81.18183000482655,88.45948253775612,27.485184166734488,58.2,0.2,100.0,0.0
2017-12-26,669413.0,1,3.0679642276084933,6.654264127856558,10.372254287710447,79.17666064413639,58.62600065427631,19.390101833276823,58.2,0.2,100.0,0.0
2017-12-27,768727.0,0,0.7317569304482887,4.830302167594562,7.805630253911336,79.20936977282769,56.11381176131135,22.188174945274127,58.2,0.2,100.0,0.0
2017-12-28,805798.5,0,-0.269285538133048,4.409122132562135,0.0342263778835427,78.85630922079649,9.07055934232076,15.068362977180977,58.2,0.2,100.0,0.0
2017-12-29,809626.0,0,-0.7626691043643254,6.436802664633108,7.296216166525984,82.50349672702023,65.6174964145117,19.254760222852266,58.2,0.2,100.0,0.0
2017-12-30,731995.0,0,4.0866054166751695,10.3201208837574,5.827021731636559,84.4614892402158,76.5216062858472,21.91617896116854,58.2,0.2,100.0,0.0
2017-12-31,675508.0,0,6.061037344523319,11.422150431180633,4.985515023767614,80.17149621633557,70.76933921596012,25.513955251532483,58.2,0.2,100.0,0.0
2018-01-01,697729.0,1,4.732015730415538,7.064392416172845,1.2860997909069607,76.73506848202732,42.463733920010114,20.542826454006786,56.3,-1.0,99.0,0.0
2018-01-02,836722.0,0,3.674749848724727,10.0074136102013,7.20980365041188,84.33141859878158,72.07799394419449,21.713877311880807,56.3,-1.0,99.0,0.0
2018-01-03,827993.0,0,6.522143924684215,9.823194688510627,3.289856193828068,69.90723432656625,57.67654480575665,32.60955968753081,56.3,-1.0,99.0,0.0
2018-01-04,873939.5,0,5.410384168504796,9.937136118732589,4.931031881770967,82.38535236750413,74.69826339551459,21.04335355090582,56.3,-1.0,99.0,0.0
2018-01-05,887422.0,0,2.766480921612485,6.4058640129340665,1.2990335040615044,82.66341712709016,66.75891492969542,13.013551830314016,56.3,-1.0,99.0,0.0
2018-01-06,807810.0,0,1.3718689368489354,5.366593265478085,0.3846965606112874,81.42280759653895,47.159520728462056,15.432859964461068,56.3,-1.0,99.0,0.0
2018-01-07,801115.0,0,1.3873926781538344,4.502541436885203,0.0,73.60561876996053,9.889147096363024,18.39479359500124,56.3,-1.0,99.0,0.0
2018-01-08,932723.5,0,1.0544828100639057,4.170582556098477,0.0,77.8700046581228,48.55645043359021,15.71787147699497,56.3,-1.0,99.0,0.0
2018-01-09,940938.0,0,1.805697315082114,5.4625489047571865,0.208870277058112,91.77158812175,84.52890230580152,12.510509328662344,56.3,-1.0,99.0,0.0
2018-01-10,921560.5,0,3.6661853693145146,7.42258561651835,1.793852657883808,92.99013787871374,63.5674166461565,8.687678413848332,56.3,-1.0,99.0,0.0
2018-01-11,934356.0,0,3.0830129209122297,6.506870024236008,0.0292729916901252,92.02286938213057,60.93594492584253,7.955078374237692,56.3,-1.0,99.0,0.0
2018-01-12,906486.5,0,3.4068810026040737,6.449911825755473,0.0084250292408157,90.55701006297132,61.62223444704554,9.218364781296891,56.3,-1.0,99.0,0.0
2018-01-13,807784.0,0,4.23496536773599,6.179885447552291,0.1313673797155655,85.37985694436487,93.43004480600251,16.968860344585526,56.3,-1.0,99.0,0.0
2018-01-14,790509.0,0,2.510214861292684,6.059398918366429,1.1358907147716708,83.90342991633574,74.97727288793041,14.686794243376529,56.3,-1.0,99.0,0.0
2018-01-15,851313.5,0,4.702025776298478,9.32955883802887,10.446899379384124,82.99893601725952,77.23396111752164,25.37382998318945,56.3,-1.0,99.0,0.0
2018-01-16,869181.5,0,2.277319017361066,5.42258561651835,1.928731912124372,70.70685596626973,71.89055044959674,25.217454701630576,56.3,-1.0,99.0,0.0
2018-01-17,884083.0,0,1.94931090455606,6.027201135136211,3.0240703839404546,69.16370490970323,59.3196055120751,26.554063483734925,56.3,-1.0,99.0,0.0
2018-01-18,897021.0,0,2.382383136931599,8.546955958549223,4.476957762357794,78.4837143040145,68.4453426179019,23.948899169651806,56.3,-1.0,99.0,0.0
2018-01-19,890122.0,0,1.369056790372672,4.979659899254725,0.8976749279398607,77.46894801478403,39.91380136997248,17.932959344509058,56.3,-1.0,99.0,0.0
2018-01-20,864116.0,0,0.1794894026169577,4.095360142721244,3.2147933386754013,88.47205547382907,64.13678000100317,9.242059415837716,56.3,-1.0,99.0,0.0
2018-01-21,838412.0,0,0.0453875302458343,7.283047346640312,8.990304084813488,90.01145246329746,88.49746855183155,14.141830849410969,56.3,-1.0,99.0,0.0
2018-01-22,866578.5,0,4.73434551407653,8.163195992268673,0.1970075479661251,87.25881699416954,50.26728679591226,16.050052153395217,56.3,-1.0,99.0,0.0
2018-01-23,829414.0,0,4.944074880707061,11.442651334898253,3.1391709555655165,89.77164336703721,76.82374442137854,23.10772148703901,56.3,-1.0,99.0,0.0
2018-01-24,822816.5,0,6.252738690990042,12.384235275525077,7.64741387974298,79.34187850634692,70.59835157897946,30.62929648515191,56.3,-1.0,99.0,0.0
2018-01-25,861086.5,0,4.176597623017347,8.410316921390214,0.4916707640894999,78.6626977550774,36.14323360332169,18.01428580122048,56.3,-1.0,99.0,0.0
2018-01-26,891523.5,0,2.1110293504764712,7.295034206283659,0.0643665546168279,86.80839242453263,33.66676288618223,8.313889645640899,56.3,-1.0,99.0,0.0
2018-01-27,757227.5,0,3.632988238024789,10.787325683062258,1.85582362471045,87.08762617132302,74.30407949641624,22.31564659944742,56.3,-1.0,99.0,0.0
2018-01-28,707739.0,0,7.39386948502971,12.177201786707888,0.5342687238956413,86.8389534259024,75.00344587676837,23.240976208659315,56.3,-1.0,99.0,0.0
2018-01-29,819317.0,0,4.456935845269184,11.318841236938754,3.3345718922059486,78.97745903150877,59.2203238145268,23.16185562941947,56.3,-1.0,99.0,0.0
2018-01-30,864012.0,0,2.3717128669916003,7.346042372074965,0.4920156821623525,82.14214767613888,53.12094660947916,13.687329023903828,56.3,-1.0,99.0,0.0
2018-01-31,836442.0,0,3.178480342451321,7.9662945813332335,4.080797606408416,73.42849744620784,66.16937842397843,25.844945318998427,56.3,-1.0,99.0,0.0
2018-02-01,847886.0,0,2.580713318543066,6.577097925567894,1.0958634726213268,70.38096263383959,40.09751112835249,22.886022979211912,55.3,0.4,99.4,0.0
2018-02-02,874006.0,0,1.8802652370036648,6.456807006190423,0.2244262696242939,77.15860491680905,39.74770032079455,15.938447299161636,55.3,0.4,99.4,0.0
2018-02-03,839313.5,0,1.75707271834966,4.782898914309473,3.7093220590328855,87.02475591264415,89.66080467811253,8.611383842350143,55.3,0.4,99.4,0.0
2018-02-04,807474.0,0,0.7912715642564006,4.7658109245949625,0.0654867784427633,77.85583904421566,45.84619120395448,14.285624082113769,55.3,0.4,99.4,0.0
2018-02-05,933623.5,0,-0.569023630906528,3.599448078834764,0.0292729916901252,74.14735946582432,40.3747504818557,11.215956470955025,55.3,0.4,99.4,0.0
2018-02-06,946271.0,0,-1.6555637213741818,2.56037632198361,0.8713318435495264,74.05101923021601,60.589923115156815,10.967660776540663,55.3,0.4,99.4,0.0
2018-02-07,928558.0,0,-1.3889025879443504,3.61250251715662,0.4275787024822914,71.15128676800532,39.52531578790137,11.240860877399044,55.3,0.4,99.4,0.0
2018-02-08,905394.0,0,-0.0840044316709076,6.63759721633827,3.040773098093009,83.73019429560061,78.01086265262452,17.306581669961,55.3,0.4,99.4,0.0
2018-02-09,877106.0,0,0.9826511972076344,5.526132880298415,4.83248282432472,78.91333262254649,58.689444034787535,20.27549885802843,55.3,0.4,99.4,0.0
2018-02-10,803217.0,0,-0.3665855664825628,8.791887622203497,5.5365119637780245,85.68329155386076,75.10194490457425,21.547469409324457,55.3,0.4,99.4,0.0
2018-02-11,734706.5,0,0.9991624845190258,7.782694160983445,1.5521654692705271,70.41082580809025,52.468348584208506,26.117798673080426,55.3,0.4,99.4,0.0
2018-02-12,868207.5,0,0.4841734008033755,5.596886372538196,0.1035140674325051,70.48448503339858,25.31861401668368,18.79883328407616,55.3,0.4,99.4,0.0
2018-02-13,896015.5,0,0.5016097047544325,5.131062551741553,5.070462242773639,78.99373164995897,63.287797596143086,21.405558081591035,55.3,0.4,99.4,0.0
2018-02-14,901937.0,0,-1.0955533091358465,7.10373634250443,4.950430272425806,81.96089137710042,72.1332634194875,23.66265452698478,55.3,0.4,99.4,0.0
2018-02-15,829361.5,0,3.180504809459542,7.405864012934066,0.6021634699904526,73.71319489812001,39.90708973604954,20.59013575188544,55.3,0.4,99.4,0.0
2018-02-16,844719.0,0,1.464637238083553,8.21057359760261,0.2150305522574008,74.95599779719598,30.16091487670912,13.761134530127077,55.3,0.4,99.4,0.0
2018-02-17,777376.5,0,2.0569041672065698,8.307598121777025,1.6392651553113295,81.10265069193224,56.6602737240321,11.18813270068592,55.3,0.4,99.4,0.0
2018-02-18,786699.0,0,2.5986334605660217,8.474449016237411,1.228406764027047,87.60066135447245,76.80764058150682,10.793230751158877,55.3,0.4,99.4,0.0
2018-02-19,882471.5,0,6.316305670345547,9.960298431507152,3.6541466267396654,93.55301909424652,93.8488817185953,10.716801593227984,55.3,0.4,99.4,0.0
2018-02-20,830743.5,0,4.906316486435384,8.62652003681257,1.3401474263902269,80.34111784251586,55.85888620214605,17.398630875793472,55.3,0.4,99.4,0.0
2018-02-21,889871.0,0,2.571210422245493,7.161804948207428,0.0273357784277649,81.13714995233691,52.46353277798936,8.976015646571787,55.3,0.4,99.4,0.0
2018-02-22,893658.5,0,0.8388825213807714,4.57670343272547,0.0,76.29442487919492,44.1400829622858,12.033219383077183,55.3,0.4,99.4,0.0
2018-02-23,877623.5,0,-0.5489632756991548,4.921384957398277,0.0040684704096713,70.6262074053457,23.218827105209648,15.968392426991391,55.3,0.4,99.4,0.0
2018-02-24,768353.0,0,-0.5962061101933103,5.10214301924546,0.0,63.405980051088136,14.303943911111856,17.88811533875949,55.3,0.4,99.4,0.0
2018-02-25,764106.5,0,-0.7232676276570293,4.180747612112742,0.0,63.26426759102149,8.505698240190958,17.771037098032522,55.3,0.4,99.4,0.0
2018-02-26,929342.5,0,-1.89545076035956,1.663642457172685,0.1938137095721288,62.40716356034992,60.11025880549946,17.036790164906645,55.3,0.4,99.4,0.0
2018-02-27,958343.5,0,-3.207461958663801,0.7718966962611342,1.321495741487339,71.40902611794333,73.73053180665582,14.143787592919653,55.3,0.4,99.4,0.0
2018-02-28,946629.0,0,-4.934257816216955,-1.5251350228627896,0.4786086882411474,69.95445314203845,74.99228067359726,21.923152007492337,55.3,0.4,99.4,0.0
2018-03-01,967133.5,0,-4.981772558948181,-1.4123263131197767,3.68475992595687,77.86897506730244,97.09407560911502,31.81803141325405,55.2,-1.4,97.9,0.0
2018-03-02,952545.0,0,-2.129193724307484,0.0169890706842166,4.138741891006073,82.0278297788664,93.22260460737397,30.88677568280409,55.2,-1.4,97.9,0.0
2018-03-03,882109.0,0,-1.2226815973291951,2.302352063109512,1.2018470166868735,91.99918542783304,92.60010721120192,18.95990884081957,55.2,-1.4,97.9,0.0
2018-03-04,846688.0,0,0.9169569285304552,5.395049091008335,2.666473445442182,95.66879180969484,92.11996293602132,13.765332787775236,55.2,-1.4,97.9,0.0
2018-03-05,918069.0,0,2.5105546620691115,7.466125065126433,3.8095087358550552,91.5337436216665,81.37506666315883,13.717369920476292,55.2,-1.4,97.9,0.0
2018-03-06,899719.5,0,2.5107840798418724,7.688731931487116,3.01854135875807,85.84236388114448,69.81000661652597,10.769256401814664,55.2,-1.4,97.9,0.0
2018-03-07,884819.0,0,0.8700069478440231,7.844898003215568,1.6887480809370043,82.13683174255591,48.69547053494527,10.801972707014771,55.2,-1.4,97.9,0.0
2018-03-08,868722.5,0,2.089589568853792,7.163195992268672,4.024421103152648,81.69718756461931,55.38984782789361,17.660923682147107,55.2,-1.4,97.9,0.0
2018-03-09,879736.5,0,0.8240243666907707,8.604601457578136,4.516044680544242,86.48516289845145,67.98446524037217,12.105933322334476,55.2,-1.4,97.9,0.0
2018-03-10,756637.5,0,5.882993462892009,11.386563952743597,7.057825836857762,92.23070562569444,81.3179698827589,15.842725764668538,55.2,-1.4,97.9,0.0
2018-03-11,744537.0,0,4.397170878852172,11.348998048727235,2.0168375188003016,87.14572182339752,66.02880828892606,10.64876553906246,55.2,-1.4,97.9,0.0
2018-03-12,868796.5,0,5.062162243068691,8.409385189259444,7.967642912104948,89.84724390712866,93.52566991096089,14.20134042739168,55.2,-1.4,97.9,0.0
2018-03-13,857411.5,0,3.644028382462248,9.84483888537969,0.5978723218867352,81.41835851452969,58.8808642065615,10.190744980623734,55.2,-1.4,97.9,0.0
2018-03-14,798697.0,0,2.935311041877864,10.60462921084343,0.2848068836826536,76.37128465838835,50.446158327245854,22.84893117042681,55.2,-1.4,97.9,0.0
2018-03-15,812952.0,0,6.747911051983372,10.301109343808312,7.379099350911671,84.2034807788814,83.43267698653754,20.81677252759897,55.2,-1.4,97.9,0.0
2018-03-16,785540.5,0,4.568280977500123,10.4429188327327,3.2785141596360443,83.49832790418405,71.90601253746844,17.076319374250232,55.2,-1.4,97.9,0.0
2018-03-17,771093.5,0,-1.152601313863552,4.223551261110834,2.366467945501069,73.12826700190234,95.81157727308155,30.371137916455726,55.2,-1.4,97.9,0.0
2018-03-18,814805.5,0,-1.6904828459618169,0.6292437447274943,2.6484881554718864,74.35653183087462,94.08756301189868,27.44010305958389,55.2,-1.4,97.9,0.0
2018-03-19,892602.5,0,-1.4226964605397128,3.7952703549147806,0.0286350354024709,71.43403615890874,34.169955940846144,21.6464031153486,55.2,-1.4,97.9,0.0
2018-03-20,906591.0,0,0.0145829885945451,6.894073931010607,0.2418088665504984,78.14348430474475,55.19736204444997,13.508748471572666,55.2,-1.4,97.9,0.0
2018-03-21,845239.0,0,-0.3383762778488496,8.049645305278542,0.0642694227984683,76.4063707789527,46.95519650233865,14.552590424625574,55.2,-1.4,97.9,0.0
2018-03-22,828182.0,0,3.9326941824976047,9.62911713390093,0.332483394449937,80.4457688287618,76.79636602493822,17.94652474411059,55.2,-1.4,97.9,0.0
2018-03-23,782470.0,0,5.446266727873425,10.177128607832286,1.927833050555324,77.99436428917588,84.15068324973956,19.11506837261245,55.2,-1.4,97.9,0.0
2018-03-24,772579.5,0,4.798107611488216,9.586149838988034,1.9469511255470435,82.35006658017565,83.73796903633041,8.375716052685348,55.2,-1.4,97.9,0.0
2018-03-25,677489.0,0,3.528348700384968,10.822708868062636,0.3701548453943348,75.32182578866605,46.21255706477041,9.141995724706296,55.2,-1.4,97.9,0.0
2018-03-26,801975.5,0,1.9269124673691675,11.061112428938731,0.1854674236905069,71.65943270481664,38.02156794454216,9.32738088286241,55.2,-1.4,97.9,0.0
2018-03-27,809790.0,0,5.254968864094196,10.449271502910312,7.059651199543457,84.72864409286348,86.61668596076949,16.81483365620964,55.2,-1.4,97.9,0.0
2018-03-28,845218.0,0,2.305439805964413,7.519786971713676,5.50633047678573,80.55447011671001,67.55362560912731,11.728347888993824,55.2,-1.4,97.9,0.0
2018-03-29,841935.5,0,0.8477144371564035,7.9462056891304815,5.165625915120126,81.14886524182283,73.52650725740205,14.30337848827503,55.2,-1.4,97.9,0.0
2018-03-30,763773.5,1,2.562958958483574,7.758217502124984,6.839228055680612,86.60717885384362,89.63747469320194,14.020849310157708,55.2,-1.4,97.9,0.0
2018-03-31,729612.5,0,3.392859087912756,7.010314978968988,4.472336525583778,84.11212114795127,93.90232622460438,17.72431250889764,55.2,-1.4,97.9,0.0
2018-04-01,720202.5,0,1.7164379578366735,7.07004011345707,2.026364467927798,77.2606258278341,76.21443678758935,10.90518977455374,55.1,1.5,99.4,0.0
2018-04-02,731456.5,1,3.180337091221756,8.692836664012024,15.583517976555225,91.31639768947764,97.66057455344595,19.706652980178205,55.1,1.5,99.4,0.0
2018-04-03,777353.0,0,6.5552587182134445,11.737899760737962,2.965198791445184,85.82496558041882,74.61033461217593,18.231611940382912,55.1,1.5,99.4,0.0
2018-04-04,793901.0,0,4.253896383260853,9.9581760136058,7.559743721184858,85.5404679950451,83.22943247922531,20.110977439883907,55.1,1.5,99.4,0.0
2018-04-05,754959.5,0,1.5487423713865125,9.9182610400215,0.1107213829719487,67.95152469616475,41.61603987520312,14.369387785711108,55.1,1.5,99.4,0.0
2018-04-06,720869.0,0,4.226398567870041,12.969481135647634,0.0748632805920893,76.25864036292296,53.45775158534765,19.506875664019155,55.1,1.5,99.4,0.0
2018-04-07,712142.0,0,6.580494519544569,12.04792199039657,5.10573376160443,88.96627902966962,77.7624408084013,10.586025533249948,55.1,1.5,99.4,0.0
2018-04-08,707066.0,0,6.164422483746975,11.251797154549603,2.2209430903774177,85.86064684409415,76.79240022777962,5.815892905835107,55.1,1.5,99.4,0.0
2018-04-09,804183.5,0,5.601807951584044,11.387836930172908,4.140996565664041,87.00933951162612,74.07795583339829,11.116712315614436,55.1,1.5,99.4,0.0
2018-04-10,799890.0,0,7.082308808585207,11.334301111925509,6.074101041617236,89.77772649553526,89.96641587508904,15.01307724333055,55.1,1.5,99.4,0.0
2018-04-11,806464.0,0,6.621973449560607,10.943274016132914,1.7225807681489145,87.77787342187496,86.42205509272111,14.46223418334342,55.1,1.5,99.4,0.0
2018-04-12,813129.5,0,6.352840723426509,9.66192209280397,0.6331829811199116,89.33896181642447,94.46831048877957,14.021991742742784,55.1,1.5,99.4,0.0
2018-04-13,819636.5,0,5.951437425514907,10.97261954434732,2.331564841278369,87.35929786021403,88.39799075272265,7.850763669666437,55.1,1.5,99.4,0.0
2018-04-14,672990.0,0,5.850939916731599,14.961065411280648,0.0,81.13581137208948,38.3602295923448,8.160238855727032,55.1,1.5,99.4,0.0
2018-04-15,660320.0,0,7.174969200944459,13.440768953543923,2.3137574411329576,86.61797837777831,66.55410236289396,15.241113684136248,55.1,1.5,99.4,0.0
2018-04-16,704257.5,0,7.631364333925321,12.802184959561986,0.1104552635804134,77.11392371177517,61.63585602933696,17.932885535575938,55.1,1.5,99.4,0.0
2018-04-17,692833.5,0,9.233322976826916,14.399422750522548,0.6269755438103272,78.02798532623702,73.46000642289854,24.64883432290269,55.1,1.5,99.4,0.0
2018-04-18,671199.5,0,11.170820625636663,19.456841889862748,0.0083181422880099,77.38854208747337,32.83204518329941,17.033817615006704,55.1,1.5,99.4,0.0
2018-04-19,685862.0,0,11.64710881050304,22.64965292129088,0.0,70.9982561237288,5.658743222117834,9.438739338504764,55.1,1.5,99.4,0.0
2018-04-20,673025.5,0,10.337526837376808,19.45368471774284,0.0,73.61985551889816,11.287612912454092,8.870285187390785,55.1,1.5,99.4,0.0
2018-04-21,603002.5,0,8.73402933277339,19.831041624611608,0.1617421391565318,72.60599460695353,20.14615793077063,11.480616833686206,55.1,1.5,99.4,0.0
2018-04-22,571613.0,0,9.668693966372508,16.957140890573086,1.92069111654552,77.99115766522443,42.59413809238008,16.54157497536936,55.1,1.5,99.4,0.0
2018-04-23,648109.5,0,7.882655951836806,13.638943203603365,0.2468414540473542,76.67071084195601,58.58904429249028,20.381592998702512,55.1,1.5,99.4,0.0
2018-04-24,717460.0,0,8.270348552736367,12.15298346679898,7.719174744823631,84.2063869883349,85.22650606182948,18.350818822750128,55.1,1.5,99.4,0.0
2018-04-25,676271.0,0,6.642412961088385,12.246888514733756,3.2125419802713933,76.18633769755223,56.12728786178517,20.47467408507657,55.1,1.5,99.4,0.0
2018-04-26,663643.5,0,5.976266639972717,12.2458196452057,0.968919225765652,72.25130753838926,44.874553535095984,20.5143653728748,55.1,1.5,99.4,0.0
2018-04-27,768193.0,0,5.595275561341293,9.963169572881242,8.04607069546548,83.47225885946926,83.67960934405419,10.47379005291008,55.1,1.5,99.4,0.0
2018-04-28,694176.0,0,4.738441902181142,10.196781945883162,2.342415149385716,82.98124679900046,75.56214653773252,11.37416432858981,55.1,1.5,99.4,0.0
2018-04-29,669635.0,0,4.0211023320365005,9.12564843675661,0.3232038258813614,79.55551298484002,69.36259994556303,17.583790888274144,55.1,1.5,99.4,0.0
2018-04-30,739126.5,0,3.9269506550016486,9.038753654640947,5.07187816949666,73.66122110003002,59.16515093780834,21.92078062466792,55.1,1.5,99.4,0.0
2018-05-01,705289.0,0,3.0234321156974926,12.567834220618236,0.8185568873707951,70.16969548121519,41.09380259443548,18.775919674981296,53.9,1.9,101.2,0.0
2018-05-02,709720.0,0,6.496085975128649,11.954121240031876,8.945963057053829,77.95550905696925,62.489511632275565,22.063515668085945,53.9,1.9,101.2,0.0
2018-05-03,709689.5,0,4.972108183518974,13.705987285992512,0.0582269960160694,73.85989652242672,51.3057344423739,11.6333349386994,53.9,1.9,101.2,0.0
2018-05-04,699408.5,0,7.907687660633933,16.79103621472262,0.0,79.74126543579449,53.24824465975541,8.15904342147418,53.9,1.9,101.2,0.0
2018-05-05,574665.0,0,9.5170509085245,19.89468570149313,0.0,73.96421915650235,17.265203764289396,7.927684856416961,53.9,1.9,101.2,0.0
2018-05-06,542253.5,0,9.852549037530284,21.87251746580908,0.0,71.86847389496518,9.639433234679643,7.528353356663697,53.9,1.9,101.2,0.0
2018-05-07,573921.0,1,11.831058298084944,23.595152239107627,0.0,68.57849897371314,6.485375058795124,7.075316952739416,53.9,1.9,101.2,0.0
2018-05-08,661955.5,0,10.933823476078343,20.18303573514128,0.2859391139461172,75.2878543013197,18.347307527570702,11.576083379291676,53.9,1.9,101.2,0.0
2018-05-09,666757.0,0,8.150646306854854,15.92146660363223,2.1840138118442947,76.0447480833343,46.97685986217661,11.828200495489526,53.9,1.9,101.2,0.0
2018-05-10,651444.0,0,7.751724190815593,14.071138872299082,0.8883687863112905,70.0606575888799,33.510799385629376,13.786278542834935,53.9,1.9,101.2,0.0
2018-05-11,640223.5,0,6.8161742495676885,14.645371065767186,1.4961313254393989,74.08108937067765,53.09361139502971,17.528413104557092,53.9,1.9,101.2,0.0
2018-05-12,627616.5,0,8.226336207543037,15.182441898247124,3.1677817429739057,77.48685332740445,60.71690223339101,6.140280600572055,53.9,1.9,101.2,0.0
2018-05-13,581629.0,0,8.355127755379831,15.651172850532651,1.524154352166869,72.0858695402289,43.26595433183292,9.319595984376049,53.9,1.9,101.2,0.0
2018-05-14,644163.5,0,7.770879583653075,18.059261335318705,0.0,65.72357408148679,10.698123322971297,12.59760514522795,53.9,1.9,101.2,0.0
2018-05-15,657098.0,0,8.663860118994199,19.52025704072372,0.0081369408193427,73.63815392594064,25.779843012410105,12.47874653099551,53.9,1.9,101.2,0.0
2018-05-16,674519.5,0,7.6149530106176675,14.34799353726953,0.2085730989044006,76.44065259267747,57.22637657732594,17.46898036285904,53.9,1.9,101.2,0.0
2018-05-17,660226.0,0,5.4224023619842106,15.15930829150776,0.0,69.315638547005,27.72133358158624,11.532822247066637,53.9,1.9,101.2,0.0
2018-05-18,661341.5,0,5.757449707886894,16.513699248405924,0.0,69.00748181008579,35.40600304050391,5.705575919902417,53.9,1.9,101.2,0.0
2018-05-19,562852.0,0,7.922413457143426,19.04660225040564,0.0,69.32625941121525,12.919628602914765,6.792092559936603,53.9,1.9,101.2,0.0
2018-05-20,535608.5,0,9.31504392638076,19.12986172358166,0.0,73.63997775804759,23.51364684606115,9.409300100760028,53.9,1.9,101.2,0.0
2018-05-21,655353.0,0,9.834971739000547,20.308103212764703,0.2226613617257945,72.89516090316685,19.718877048793374,9.80184236194487,53.9,1.9,101.2,0.0
2018-05-22,624346.0,0,9.683065962534874,18.493162431409782,0.1413421399187477,77.08135500907406,23.79123373007081,16.22889722231306,53.9,1.9,101.2,0.0
2018-05-23,643794.0,0,8.502027509725014,18.048329868119435,0.0413461676766847,78.4598352931298,24.63865875568496,14.802654214107436,53.9,1.9,101.2,0.0
2018-05-24,680473.5,0,8.97934875841173,19.49289301266828,3.231092596264798,79.10779211495003,49.871194099145605,12.819407151527788,53.9,1.9,101.2,0.0
2018-05-25,677721.0,0,11.153500790122862,17.123915978357,7.243471860340406,84.77921774947635,74.0297824193176,11.669211320430902,53.9,1.9,101.2,0.0
2018-05-26,546327.5,0,12.176198550732478,20.741864635861177,2.345254380651616,78.69736371948093,46.66462585401992,18.2498233072844,53.9,1.9,101.2,0.0
2018-05-27,533506.0,0,12.687446552681784,22.185731997136035,4.817966103950516,78.22195885988725,37.34609108627817,16.350014131729107,53.9,1.9,101.2,0.0
2018-05-28,576280.0,1,12.93664181555899,22.96887666461196,0.6819135443065052,80.4678969559063,30.164833957407865,10.032483583467192,53.9,1.9,101.2,0.0
2018-05-29,656410.0,0,12.80874410419836,19.59313107605956,5.13187307770988,83.95300837404837,59.250313722542096,16.606214374089184,53.9,1.9,101.2,0.0
2018-05-30,694508.5,0,12.48299964974949,18.50036414251077,4.144569480468708,86.91358655109342,81.69693428149716,8.730365010453422,53.9,1.9,101.2,0.0
2018-05-31,694000.0,0,13.390569228384232,21.48890860576201,6.231215434429884,84.4728541869873,67.55355213827383,8.432020989090724,53.9,1.9,101.2,0.0
2018-06-01,678131.0,0,14.513072879029696,21.26694186247215,2.253459436835535,84.0694437409656,64.01246668686129,7.531688942631941,54.4,-0.4,100.8,0.0
2018-06-02,597817.5,0,14.06169964254532,20.617686123293588,4.078775857867876,83.40457073535887,60.34672415577825,7.852885672651864,54.4,-0.4,100.8,0.0
2018-06-03,565168.5,0,13.277946216569148,22.381245299156227,1.1959917738461094,78.23697585054077,42.14057101098599,6.157842101562076,54.4,-0.4,100.8,0.0
2018-06-04,680017.5,0,12.948446127562,18.160701809697304,0.0702942571455898,85.44636706069132,83.09919605582765,11.814750734493392,54.4,-0.4,100.8,0.0
2018-06-05,671705.5,0,10.867803191053849,17.00905912066345,0.0,78.61013554473482,60.04777881366746,12.402727648079498,54.4,-0.4,100.8,0.0
2018-06-06,652136.5,0,8.80754931537028,19.299184072441,0.0,75.40179201266557,22.37185911717201,10.1923221836306,54.4,-0.4,100.8,0.0
2018-06-07,670499.5,0,10.56113512637663,20.47675210697381,0.4183960475170324,76.17146963098176,37.60291636106316,9.01818959149898,54.4,-0.4,100.8,0.0
2018-06-08,671554.0,0,11.86876561159591,18.560765190410144,0.4787694743095123,79.9516847922433,64.25802636418824,8.573757852360743,54.4,-0.4,100.8,0.0
2018-06-09,588649.5,0,11.205145897962892,20.221597237606552,0.8550437487352748,77.33882970412007,45.32998265159676,7.804699949398698,54.4,-0.4,100.8,0.0
2018-06-10,563111.5,0,11.74756763990166,21.132990020626547,0.2667895883271794,76.4986557492349,29.51697204376397,7.588409886038884,54.4,-0.4,100.8,0.0
2018-06-11,641052.0,0,11.511402473611962,20.52663105602066,0.1944068841375244,74.6101303198676,24.441412457411182,10.657148346765954,54.4,-0.4,100.8,0.0
2018-06-12,674119.5,0,11.618051771795503,17.376412435282337,0.1195575109125962,77.01591967866943,51.65475532684434,10.54255961696437,54.4,-0.4,100.8,0.0
2018-06-13,642928.0,0,10.353660781704065,19.00964069448689,1.2345970945066609,74.16135175244506,47.01510704277679,13.20859861316042,54.4,-0.4,100.8,0.0
2018-06-14,596666.5,0,12.45859666151884,18.24829361983473,0.820679097814186,74.34720550435459,61.21832046212906,24.13038370318427,54.4,-0.4,100.8,0.0
2018-06-15,638105.5,0,10.73192395715953,17.385737363382017,0.3036462550364646,71.47139509671413,49.195496843688446,11.197923779145231,54.4,-0.4,100.8,0.0
2018-06-16,573081.0,0,11.093130599674607,16.727380889009314,3.953235397602561,79.26907382343981,66.70869982191194,15.437351183487747,54.4,-0.4,100.8,0.0
2018-06-17,561718.5,0,10.946642149950494,16.831880154331515,0.4708763918738931,81.52557610922702,78.00984872103857,16.35745120773113,54.4,-0.4,100.8,0.0
2018-06-18,618368.5,0,13.42475324488842,19.14054978880472,0.09719731975376,81.28565693730823,76.94251049399215,18.77195166493775,54.4,-0.4,100.8,0.0
2018-06-19,670795.5,0,13.71665755593251,20.07593187350953,1.085139547905148,80.55231296880889,70.97158437521284,14.96181427305869,54.4,-0.4,100.8,0.0
2018-06-20,649259.5,0,11.802507134095173,19.323979432832672,1.8254068020149048,80.17029962953848,63.907778435018265,18.282667222182745,54.4,-0.4,100.8,0.0
2018-06-21,601203.0,0,9.76062764117038,16.654120582313297,0.0,64.09146777031434,13.553310088616207,18.432799356001308,54.4,-0.4,100.8,0.0
2018-06-22,610108.0,0,9.078505812142296,19.03226105022536,0.0,65.5541673202873,9.300315210092526,11.398832816911556,54.4,-0.4,100.8,0.0
2018-06-23,558060.5,0,9.847053783430852,19.701717724274044,0.0,66.8609808360476,25.94663269908773,10.96744414432534,54.4,-0.4,100.8,0.0
2018-06-24,540695.5,0,10.369358188375028,22.667284696745018,0.0,63.867206357544674,12.885694335063729,6.620713534299348,54.4,-0.4,100.8,0.0
2018-06-25,650012.5,0,13.141644321651183,26.262507041276944,0.0,62.9521455794304,2.044589969631842,6.514963574069808,54.4,-0.4,100.8,0.0
2018-06-26,664797.5,0,14.079958371331436,25.460320990639744,0.0,63.61379256760794,4.068457347503337,8.41720604712609,54.4,-0.4,100.8,0.0
2018-06-27,657299.5,0,12.850161181006856,23.674672582158884,0.0,69.0894511252397,3.632477753130064,11.006964010376954,54.4,-0.4,100.8,0.0
2018-06-28,657014.0,0,12.368718326547562,25.20101087657536,0.0,68.27430053473135,5.087202987812659,11.48881382052372,54.4,-0.4,100.8,0.0
2018-06-29,633589.5,0,12.96738942152483,23.825414749959982,0.0,68.02980822094132,1.923276728146348,13.510629700382756,54.4,-0.4,100.8,0.0
2018-06-30,548051.5,0,11.789014421617036,23.582444808805512,0.0,69.33967685487089,5.83143147654256,14.82190609794868,54.4,-0.4,100.8,0.0
2018-07-01,555844.0,0,13.604510544888496,25.47259947471029,0.05249756490453,67.40651549240746,17.350896473497382,12.896406603715826,54.4,1.0,101.8,0.0
2018-07-02,639774.5,0,14.264312109963662,23.64100880875732,0.0,62.2627722032884,11.822467586767834,16.44583244920384,54.4,1.0,101.8,0.0
2018-07-03,644509.0,0,12.724389944503304,22.6276958931806,0.0,65.19783703098211,10.489181251627391,15.058184905100427,54.4,1.0,101.8,0.0
2018-07-04,671468.5,0,12.10023237750637,23.99336131444382,0.1671671848710466,67.6153463662831,25.142106353586065,7.428992917292933,54.4,1.0,101.8,0.0
2018-07-05,671960.5,0,14.852587609344177,24.733558372462465,0.2442861144051679,67.04827078101808,21.30913114392137,8.2706167267301,54.4,1.0,101.8,0.0
2018-07-06,659633.5,0,14.36692957788728,25.294887740961656,0.0,66.82126216379824,24.17199277849588,7.728087659871717,54.4,1.0,101.8,0.0
2018-07-07,591117.5,0,15.437691107202228,25.79603089580779,0.0,67.32506657402875,19.15744989844088,8.58969715501677,54.4,1.0,101.8,0.0
2018-07-08,567875.5,0,16.454563909223527,25.955241989417985,0.0081369408193427,66.9337691528265,21.174287693851795,8.699024520363336,54.4,1.0,101.8,0.0
2018-07-09,680063.5,0,15.551253089125908,23.03701637092279,0.0557536237834972,72.62913728037424,54.32580629228915,9.03582513193097,54.4,1.0,101.8,0.0
2018-07-10,671445.5,0,13.748045454008995,20.780447806158165,0.0122054112290141,70.7232599286615,46.02462553683974,11.43221496996992,54.4,1.0,101.8,0.0
2018-07-11,680169.5,0,12.907613359948602,21.97851185762101,0.1585056013035367,73.12429069354027,39.31318041601745,8.557607956821206,54.4,1.0,101.8,0.0
2018-07-12,686173.0,0,13.637435783308405,22.033413425425408,1.1078736090481422,74.83802674959904,47.07427646653417,6.771538931161821,54.4,1.0,101.8,0.0
2018-07-13,673773.0,0,14.13514775248341,22.72349314214663,1.9197916249189533,73.80442217086963,42.58113093910657,6.445702918598536,54.4,1.0,101.8,0.0
2018-07-14,578145.5,0,14.455609113176523,24.43152123054106,0.0761648211411159,69.30939042027357,22.459202623178395,8.103951130648973,54.4,1.0,101.8,0.0
2018-07-15,556034.0,0,15.656151872383417,24.868701422565376,0.216271699488258,66.30260614532901,17.37434076006205,9.163001412066468,54.4,1.0,101.8,0.0
2018-07-16,679218.5,0,15.351914554242605,23.780418377861903,3.22008486290809,70.62610581241276,36.77990466584331,9.224044258067623,54.4,1.0,101.8,0.0
2018-07-17,680610.0,0,13.243329350550232,20.026101700134912,0.7860395343573745,70.27291803486474,42.53623277914499,11.630745817217178,54.4,1.0,101.8,0.0
2018-07-18,688273.0,0,13.306033535287767,22.11024815599069,0.2302399624768477,68.93952296101708,50.42907940421269,6.653592578746125,54.4,1.0,101.8,0.0
2018-07-19,672785.0,0,14.534232192853414,23.55186212423677,0.0246989108795012,64.65746955316197,48.163365708249806,7.492763097881556,54.4,1.0,101.8,0.0
2018-07-20,667026.0,0,14.506149591882547,21.74476900124389,3.602241306681511,69.03979821316918,60.17599806950376,8.409087648438478,54.4,1.0,101.8,0.0
2018-07-21,585817.0,0,14.644437074649709,22.7853000635098,0.1038217598631355,72.33288856907238,52.06873489552356,7.134530541992073,54.4,1.0,101.8,0.0
2018-07-22,561247.0,0,15.547156009494753,24.60274642994043,0.0556101120481995,73.91497877843342,60.92804280592336,9.65756490698876,54.4,1.0,101.8,0.0
2018-07-23,675943.0,0,17.65802303564048,25.97163574795142,0.4105869686525177,73.56178553014207,43.47923087618688,9.88105946292299,54.4,1.0,101.8,0.0
2018-07-24,681079.0,0,16.07546244992426,24.239521559523286,0.3540624940836062,71.57243353292736,38.954128063093776,10.20204437067888,54.4,1.0,101.8,0.0
2018-07-25,664467.5,0,15.044341189115851,25.65017663739348,0.0,63.012464673750685,25.07487523631767,7.178650166003252,54.4,1.0,101.8,0.0
2018-07-26,677014.0,0,16.626547175387604,27.97644509992282,1.166692656283155,66.08237537954051,31.14579449515366,10.538550099960933,54.4,1.0,101.8,0.0
2018-07-27,673095.5,0,18.09700855759488,27.286762027459936,5.576263843132028,68.47023660534599,36.16357945142091,10.607480113540667,54.4,1.0,101.8,0.0
2018-07-28,508998.0,0,14.587595774889609,19.67686627339604,6.353170475553892,69.03560750084397,51.86827840809483,24.670398210489125,54.4,1.0,101.8,0.0
2018-07-29,535665.5,0,14.183742167924036,19.44124149668227,10.00726295422844,85.1323439657947,85.02438802052279,24.435691535149587,54.4,1.0,101.8,0.0
2018-07-30,640864.5,0,14.308581810602128,21.76549918442896,1.393233566440272,76.83144088130355,56.68944944406184,16.015220068948576,54.4,1.0,101.8,0.0
2018-07-31,613955.5,0,14.3404708041796,21.830329890125345,0.8833876407056742,66.92276848687108,39.9590181853655,14.066865330461171,54.4,1.0,101.8,0.0
2018-08-01,619156.0,0,13.776965355319248,22.245774065922827,0.8780575123878529,68.4755258306371,31.16541479360299,12.294316770545224,54.0,0.1,101.9,0.0
2018-08-02,650422.5,0,15.37829776714992,25.19065434454471,0.3446012722490213,72.83283830277627,45.6018086738451,10.85039892783266,54.0,0.1,101.9,0.0
2018-08-03,669227.5,0,17.113456639380157,25.700729225497646,0.8757257355936888,74.82120058720132,44.3628417339773,8.601767597168392,54.0,0.1,101.9,0.0
2018-08-04,571253.5,0,16.227465823836162,24.14007182102481,0.0415907114400496,71.03561939510053,24.719736477982163,11.54858136863983,54.0,0.1,101.9,0.0
2018-08-05,548602.0,0,14.81228533479351,25.38962603228009,0.0083181422880099,67.67851313617676,19.80267274701881,8.057579373724057,54.0,0.1,101.9,0.0
2018-08-06,645560.5,0,16.577788130527757,25.89881643541609,0.0946620282344448,67.5550225081133,20.69646373610216,7.8856061116439795,54.0,0.1,101.9,0.0
2018-08-07,671389.5,0,15.89466440247558,24.956962276950417,2.3596684108707726,66.38238209195815,38.31957116625675,9.37906494669775,54.0,0.1,101.9,0.0
2018-08-08,643771.5,0,13.529546793173202,20.505163690172505,1.389573805122042,66.37081538847563,38.880001965164766,13.861876316820211,54.0,0.1,101.9,0.0
2018-08-09,659676.0,0,12.65323296957603,18.125119173074403,7.607282793356625,69.58155518295764,45.34940050180854,9.359300826094536,54.0,0.1,101.9,0.0
2018-08-10,636634.5,0,11.606156808346215,17.661358037652974,6.58406427945147,71.62399991431218,39.03554884402579,14.497734220962462,54.0,0.1,101.9,0.0
2018-08-11,568758.0,0,10.63572005985116,19.935851646595392,4.538234849913538,71.73482166852017,44.97547668615071,12.84618293637046,54.0,0.1,101.9,0.0
2018-08-12,577758.0,0,15.86430523465309,18.93799307379308,11.129734276776336,84.88114994532945,87.14909094071952,15.525721452739294,54.0,0.1,101.9,0.0
2018-08-13,663432.0,0,14.65826845072729,20.97093157415537,3.1552865283375904,80.96881302880267,63.4809920713562,11.530273894915997,54.0,0.1,101.9,0.0
2018-08-14,663321.5,0,14.19207415611018,20.84185705365681,0.3701805025658401,78.27749967482885,57.04771622283161,13.141963499569348,54.0,0.1,101.9,0.0
2018-08-15,639837.5,0,15.379712476786224,21.80813093529549,0.6992867211044558,79.69785694694657,66.92009406174785,18.09590534224847,54.0,0.1,101.9,0.0
2018-08-16,643135.0,0,13.881404181221509,18.33046443045628,4.454028109847116,76.66325424953818,55.9206886055358,17.531789890140097,54.0,0.1,101.9,0.0
2018-08-17,615561.0,0,12.056358475927132,18.660065420869817,1.150865242621934,74.18111034083591,55.27200117823829,15.582921439634095,54.0,0.1,101.9,0.0
2018-08-18,563786.5,0,14.89142440084296,21.04329371080889,0.3943239946925184,80.1190148531296,77.9703736966415,16.754445516805756,54.0,0.1,101.9,0.0
2018-08-19,566746.5,0,15.948065326945144,20.951138394070057,2.3732337474665544,82.33654646787912,78.85592141271066,17.25129386153094,54.0,0.1,101.9,0.0
2018-08-20,690847.0,0,15.74185022137455,21.2779613994186,0.3626308660198978,83.36673939272045,78.87736299230235,7.981554390007202,54.0,0.1,101.9,0.0
2018-08-21,677889.0,0,16.616813186286308,21.892286058283947,0.4514173451207977,79.44325983215514,68.14460334836538,8.359030823397275,54.0,0.1,101.9,0.0
2018-08-22,674308.5,0,14.635178778974348,22.402468556134377,1.1374072770475394,78.37819851003998,49.65728176528716,13.36673839384877,54.0,0.1,101.9,0.0
2018-08-23,661053.0,0,12.800854354920682,18.96087238317136,3.882039369866261,74.19872969954677,52.69544049195874,14.494072634014156,54.0,0.1,101.9,0.0
2018-08-24,610460.5,0,10.556959397126544,16.297639663159572,2.8731545108184253,70.07886314695843,42.77798494205561,19.848226720020143,54.0,0.1,101.9,0.0
2018-08-25,553864.0,0,9.276056981418405,17.26308806187915,0.5951553479036235,68.95196798004666,28.65828417143072,13.193810855872592,54.0,0.1,101.9,0.0
2018-08-26,577098.5,0,10.876795202908026,16.391243927782256,10.53137119694209,82.23901688345153,85.67927960883078,17.747577690087432,54.0,0.1,101.9,0.0
2018-08-27,571027.5,1,13.01814613289751,17.48636177496976,0.3093839399014872,77.45114066842403,59.8138451728005,17.42404827199503,54.0,0.1,101.9,0.0
2018-08-28,675940.5,0,12.2904350476471,19.206488427595264,0.0280450772038674,75.06047765367317,41.482554014677326,9.377949668054963,54.0,0.1,101.9,0.0
2018-08-29,677407.5,0,12.219198531800018,17.85168820992115,2.469106966001973,73.62835753041057,42.64641437954763,11.945773423571502,54.0,0.1,101.9,0.0
2018-08-30,674186.5,0,10.326199694056363,18.442055008508543,0.0848831037383248,64.99944030914986,31.483488712688608,6.531650724264948,54.0,0.1,101.9,0.0
2018-08-31,639643.5,0,10.848295611431174,19.55371921108685,0.0684071964616461,66.05734629854425,19.73672925217521,8.4029255168746,54.0,0.1,101.9,0.0
2018-09-01,576297.5,0,12.39067344911803,21.19801403104284,0.1335511744395069,72.37462151983888,38.73018349241927,10.964102795635895,52.8,-0.2,101.7,0.0
2018-09-02,556264.5,0,13.933416044005922,22.274669471826165,0.0342263778835427,68.39499940866797,47.295374775422914,10.341831006156983,52.8,-0.2,101.7,0.0
2018-09-03,675933.5,0,13.186762525359049,19.96697366039937,1.3230973461608535,73.98184217262028,59.26950352266695,7.734238988254253,52.8,-0.2,101.7,0.0
2018-09-04,697262.5,0,12.52978521615829,17.359363309359594,0.3115782565859759,76.41969718698067,62.00622864105015,10.539029389324895,52.8,-0.2,101.7,0.0
2018-09-05,689484.0,0,12.238946224805998,18.79231629182445,0.7961040039940114,73.90080296066793,41.34649144941259,10.852806792524088,52.8,-0.2,101.7,0.0
2018-09-06,697614.5,0,10.924353404240724,17.446463659265877,2.3385898058783567,74.55941032087078,43.60566229003103,11.640008016175695,52.8,-0.2,101.7,0.0
2018-09-07,645599.0,0,8.61526491982349,16.168660435018758,0.677850553860513,71.31790667723278,37.5150150851137,16.09064651339078,52.8,-0.2,101.7,0.0
2018-09-08,609111.0,0,10.123068796871667,17.10379349333147,3.370558086815902,80.97785924097063,70.52324305234039,13.965872012513127,52.8,-0.2,101.7,0.0
2018-09-09,552115.0,0,13.117223230792344,18.8931856267468,0.7400703657456229,76.79811398889967,55.0026763767648,17.9394571276901,52.8,-0.2,101.7,0.0
2018-09-10,648068.0,0,11.699124468999818,17.753065229824085,1.7355604831858853,75.12936506921781,62.47295176906628,17.9473225813352,52.8,-0.2,101.7,0.0
2018-09-11,669857.0,0,14.26218329928359,18.206502949652688,1.9967440425449257,80.06346970462165,78.80855207496074,19.89117303862788,52.8,-0.2,101.7,0.0
2018-09-12,685181.0,0,11.213456617865996,16.404345436010868,2.014182520962782,72.42376410068725,45.60418190074031,11.853893703211314,52.8,-0.2,101.7,0.0
2018-09-13,664312.5,0,9.834114307555108,17.48022101925972,0.3565210968459258,68.99234944207024,32.73379366052722,12.385556460038126,52.8,-0.2,101.7,0.0
2018-09-14,659479.0,0,10.560510724009236,16.297849979432463,1.5633390030314065,75.67009235598238,54.03540949374356,15.624768446178582,52.8,-0.2,101.7,0.0
2018-09-15,599055.0,0,10.013597885981842,18.024637830644966,0.4315924992666745,76.0507656858505,50.87870018949671,13.21253404462012,52.8,-0.2,101.7,0.0
2018-09-16,560733.5,0,13.089663669764787,19.38397220346051,1.4382060547482487,78.87251144184452,63.21148277060079,18.847517705538287,52.8,-0.2,101.7,0.0
2018-09-17,667738.0,0,14.05722990694327,20.81421868933776,0.1651940245222074,78.51814252159222,49.22337386150144,16.567498722673637,52.8,-0.2,101.7,0.0
2018-09-18,642017.5,0,15.892192041408489,19.563832033796164,1.7019929964035705,76.49687217934006,63.96258169848262,25.21843582412384,52.8,-0.2,101.7,0.0
2018-09-19,639516.0,0,13.59583127207199,19.3788891913848,1.825271265885748,73.91903504263122,67.93065453263993,27.860801300389543,52.8,-0.2,101.7,0.0
2018-09-20,691493.0,0,13.223830361223962,17.517590452901327,16.759983119990736,80.67967440901835,89.73955120296114,21.49330308790882,52.8,-0.2,101.7,0.0
2018-09-21,618928.0,0,9.58876511554087,16.021202710956164,4.314709046199874,69.06657353699416,48.65768449497909,28.044254102873087,52.8,-0.2,101.7,0.0
2018-09-22,647652.0,0,9.21707201084117,12.70921164375798,3.237125595235314,77.76479983595146,61.22749706546869,12.660490033535044,52.8,-0.2,101.7,0.0
2018-09-23,625410.0,0,8.110888924486284,13.012058378855246,5.140565122253287,73.23229948680739,46.1764220060097,15.221044800101495,52.8,-0.2,101.7,0.0
2018-09-24,696439.0,0,6.5856674915400175,14.045220503534592,0.0081369408193427,67.75331520898608,12.955818722555616,10.677136137787986,52.8,-0.2,101.7,0.0
2018-09-25,686910.0,0,6.140295061160452,15.419691639401057,0.0166362845760198,67.13046364365275,18.385458447675965,12.47451543352014,52.8,-0.2,101.7,0.0
2018-09-26,673825.0,0,10.3158284248267,19.451595124301434,0.2828168377923374,74.7970664798582,34.31893719008854,14.632222917915,52.8,-0.2,101.7,0.0
2018-09-27,672747.5,0,11.23211497215822,19.721594440765863,0.0207047549856912,71.76954990104716,21.45604414484168,12.483716501532175,52.8,-0.2,101.7,0.0
2018-09-28,685459.0,0,8.506218683067914,14.784644988098368,0.0,67.84561703714868,18.62277280814361,12.41081054840452,52.8,-0.2,101.7,0.0
2018-09-29,593545.0,0,6.6723013222725145,14.991413422474896,0.0166362845760198,68.71569144724889,13.735797197332047,10.114257596157842,52.8,-0.2,101.7,0.0
2018-09-30,605248.5,0,7.154145431167107,13.15866131464052,0.1979867357217901,73.30536433736759,47.510028917488654,15.452567610396526,52.8,-0.2,101.7,0.0
2018-10-01,701332.0,0,6.511835154086866,12.862084497044446,0.5121240124078917,70.81526633668454,48.411471617046,15.355659109008926,53.8,-0.6,101.1,0.0
2018-10-02,687455.0,0,10.194738653985688,16.254686859569585,0.6794238259231603,79.72599218077106,72.76339047412043,20.92488966002465,53.8,-0.6,101.1,0.0
2018-10-03,723690.0,0,10.128605096913295,16.350511385415956,0.0790146266162358,81.51169153170733,62.54468555396747,12.81151926168815,53.8,-0.6,101.1,0.0
2018-10-04,711985.5,0,11.57971315601896,17.23167093528074,0.2730864384821675,85.6436697106948,55.7064566327415,13.399175875546367,53.8,-0.6,101.1,0.0
2018-10-05,723899.0,0,10.328685931756103,17.240450540915138,1.7680224802678282,82.42392000150477,56.8730608673673,9.2684272614885,53.8,-0.6,101.1,0.0
2018-10-06,662202.0,0,7.546052517537728,12.252391052912785,7.7431115657906675,80.33951640534545,62.276086348245634,16.35706973095499,53.8,-0.6,101.1,0.0
2018-10-07,615154.5,0,5.419080483608792,13.581556212563829,0.5406792487206452,70.36925614979165,28.52345959235217,14.034345049985385,53.8,-0.6,101.1,0.0
2018-10-08,696931.5,0,9.746460552006608,15.642413591145903,0.8900412248170619,79.72200758945772,55.41112093625195,18.27674947609949,53.8,-0.6,101.1,0.0
2018-10-09,666592.0,0,11.003213216504482,17.986804444161415,0.7403146636328833,77.71269981121632,23.17010514153981,17.173940516792232,53.8,-0.6,101.1,0.0
2018-10-10,693352.5,0,11.245427979938476,20.222754899142853,0.0,77.14520883363998,8.945669233572218,14.686776801540365,53.8,-0.6,101.1,0.0
2018-10-11,698986.5,0,13.106731589842267,18.960558245713333,1.7058621442756725,79.89632297510578,51.42744726326372,19.748037171057728,53.8,-0.6,101.1,0.0
2018-10-12,672259.5,0,12.612176454707532,18.77548856196656,6.957916771061562,77.23599875426872,76.7536518287404,31.48874976979849,53.8,-0.6,101.1,0.0
2018-10-13,604784.0,0,16.37469840222331,20.86594267730556,9.647851926463863,75.62082640679857,73.73757059410306,27.32230309565392,53.8,-0.6,101.1,0.0
2018-10-14,653971.5,0,9.264417729117804,16.134907393223997,9.719162363425044,83.60969797747234,71.09886240195382,13.37070603507816,53.8,-0.6,101.1,0.0
2018-10-15,759183.0,0,9.328645592707709,12.640584011685016,3.8612511445532665,86.99037920611032,78.20221198134587,11.872840362603329,53.8,-0.6,101.1,0.0
2018-10-16,743818.0,0,10.362260236990142,17.027355606798867,0.0250613138168355,85.91350931526209,56.62456171047646,13.12891717515894,53.8,-0.6,101.1,0.0
2018-10-17,758449.5,0,10.071676572605124,14.773485317139606,0.0996796188256514,84.11210493549564,50.95439425471142,9.99580692111729,53.8,-0.6,101.1,0.0
2018-10-18,748232.0,0,8.049328201940012,13.868895280506525,0.0,75.07787062196081,18.29289108868776,9.81180366350478,53.8,-0.6,101.1,0.0
2018-10-19,724889.5,0,6.961381730889095,14.693082432545737,0.0,77.52939126116985,22.607536434535856,8.173566493135509,53.8,-0.6,101.1,0.0
2018-10-20,639334.0,0,7.701058269194503,16.432465871167313,0.0,81.14165512483252,38.573928782355146,8.337981431559525,53.8,-0.6,101.1,0.0
2018-10-21,609824.5,0,8.818337175557259,15.993185605232638,0.1573473834725524,81.63264703882801,33.31918046912669,12.731887536761551,53.8,-0.6,101.1,0.0
2018-10-22,700091.0,0,7.052554173267415,12.535251917895083,0.0,69.51776808301958,20.81233752199669,16.27066968229611,53.8,-0.6,101.1,0.0
2018-10-23,697546.0,0,8.660252594054372,14.726857049968665,0.0,76.59085269587166,39.15695771594868,23.18662611022281,53.8,-0.6,101.1,0.0
2018-10-24,711345.0,0,9.12870801143029,14.468031619175289,0.0,81.46960431957599,28.14887962557495,16.385224926845712,53.8,-0.6,101.1,0.0
2018-10-25,747334.0,0,7.634889628675448,13.00021143808262,0.1756347967797114,81.87350631803238,53.43500755392862,14.061392543290792,53.8,-0.6,101.1,0.0
2018-10-26,718525.0,0,5.067568751261652,10.118458835053769,1.0064891790541095,72.44065921596503,42.895963289099406,19.30219660794244,53.8,-0.6,101.1,0.0
2018-10-27,692421.0,0,3.242355327729489,7.178925977523482,0.7155202037624455,68.77418873794008,36.36834863645718,19.4907112464222,53.8,-0.6,101.1,0.0
2018-10-28,728338.0,0,3.7356335360499857,8.970379105915804,0.1943929045442575,70.90089822229118,19.25700759191648,17.362522909506037,53.8,-0.6,101.1,0.0
2018-10-29,822376.5,0,2.3601678313407946,7.756694683838981,0.0122054112290141,70.90816232445368,18.63419731840144,13.43712640662646,53.8,-0.6,101.1,0.0
2018-10-30,849937.0,0,2.900584930032266,8.3273373320574,1.3406992645722775,79.04247648010653,62.25334297761864,16.161196896600984,53.8,-0.6,101.1,0.0
2018-10-31,828583.0,0,1.9247457610344887,10.84603176866796,1.5217624863262151,77.07577955326279,44.59621351721096,13.677817445106315,53.8,-0.6,101.1,0.0
2018-11-01,827498.5,0,5.068208029133368,10.334443320517453,5.927360807078478,84.52789445964915,59.419362749376766,12.141055263973817,51.1,1.4,102.5,0.0
2018-11-02,800286.5,0,3.719213852954779,10.084502576658638,0.1663628457601985,75.43098124051379,24.850214889568434,11.399937937797771,51.1,1.4,102.5,0.0
2018-11-03,663222.5,0,6.27755187739929,12.510597920896249,1.740742099263134,77.04425164411204,62.76544655157534,24.757732111960177,51.1,1.4,102.5,0.0
2018-11-04,694608.5,0,8.727139915059642,12.38859018698632,1.2505923124623044,83.02269886705209,66.66068507475494,17.44032748299828,51.1,1.4,102.5,0.0
2018-11-05,800748.5,0,8.41149528262106,13.029117339822168,0.3128795220611104,87.84489038105633,63.0757328829047,11.610733576890006,51.1,1.4,102.5,0.0
2018-11-06,777005.0,0,9.858470978874571,13.929287492233389,1.174794149451856,87.1581122579319,81.05865717162816,18.82127113827605,51.1,1.4,102.5,0.0
2018-11-07,771549.0,0,8.759144992892951,13.24954914006062,7.230062433782492,82.24495094956121,86.21497797626263,23.937464363332104,51.1,1.4,102.5,0.0
2018-11-08,784132.0,0,6.697684265084929,12.203636449190071,1.98473326991369,76.72888612715384,47.73706570288971,20.111654244596075,51.1,1.4,102.5,0.0
2018-11-09,761989.5,0,8.007870893653914,11.536633357420996,7.307193987517854,81.48398144840203,73.45341133424914,25.401006423144416,51.1,1.4,102.5,0.0
2018-11-10,706803.5,0,8.925999667698445,12.24037378146876,5.550199428571639,85.14895939700361,64.9929481196502,18.447404473445257,51.1,1.4,102.5,0.0
2018-11-11,697415.5,0,8.152032479495777,11.682758509833446,1.8465437057684253,82.62285554545278,46.74597319483296,17.21128543965967,51.1,1.4,102.5,0.0
2018-11-12,766907.0,0,8.776299307686653,12.278312602699376,0.709225508096823,81.87476014786006,50.70967587321054,19.812860054820536,51.1,1.4,102.5,0.0
2018-11-13,766705.0,0,8.393230207157995,11.828964970400206,0.2052737350965272,79.33463034002943,46.08475006632508,19.28890002775941,51.1,1.4,102.5,0.0
2018-11-14,760929.5,0,9.151844706988216,13.084458995119114,1.9034618064664923,82.53863481964619,56.67518389688546,20.474998810574345,51.1,1.4,102.5,0.0
2018-11-15,792161.0,0,8.95196343133873,13.009512715974497,0.0353343816670842,90.26905476804173,50.74675406660637,13.555763855302896,51.1,1.4,102.5,0.0
2018-11-16,808937.0,0,8.82289551876047,12.364372527869442,0.0,90.84918154913748,57.89923559270525,10.012469068786054,51.1,1.4,102.5,0.0
2018-11-17,705482.0,0,6.940215148353036,10.487503193315908,0.0,80.98480600928576,14.908794441183854,14.873557952014329,51.1,1.4,102.5,0.0
2018-11-18,702317.0,0,5.882703851575414,9.936047640585196,0.0,74.43391405068834,6.669839410939864,16.814963801505204,51.1,1.4,102.5,0.0
2018-11-19,824535.0,0,5.52653511823813,8.154744523662993,0.3446868294497612,75.6944040012402,75.03243516124186,20.671509001893,51.1,1.4,102.5,0.0
2018-11-20,857444.5,0,4.1997072722037805,6.282157935934031,3.146641599802709,75.71906465226111,92.65074748487186,21.45788535731576,51.1,1.4,102.5,0.0
2018-11-21,884336.0,0,2.2801380791027688,5.984316777306816,2.4239328777290097,80.27865000618378,68.56442047678327,15.30376293093168,51.1,1.4,102.5,0.0
2018-11-22,917180.5,0,1.2782117781292712,6.125555218978488,0.052890115325728,87.02693778646103,58.92048803210355,8.820759132022928,51.1,1.4,102.5,0.0
2018-11-23,894887.0,0,3.680301685062707,7.347135122319674,0.1440336887759279,90.83837546338424,79.98879496489995,10.148634179753628,51.1,1.4,102.5,0.0
2018-11-24,794275.5,0,5.334011884790326,8.106271909097638,1.370212000831553,88.12365166154466,84.63896296589526,14.227319081903545,51.1,1.4,102.5,0.0
2018-11-25,772760.5,0,4.531070917676009,7.4378534469002275,0.3678785474697013,85.33684128869568,75.4047628721673,14.01055914930802,51.1,1.4,102.5,0.0
2018-11-26,883060.0,0,3.6006003003622493,7.063397847330117,0.3006023565011732,86.58871206777133,57.83062220607909,10.077991669840518,51.1,1.4,102.5,0.0
2018-11-27,882550.5,0,2.5314594019211283,7.982303728170198,7.515865459914941,88.92650343710207,69.91905810888328,17.825880746647048,51.1,1.4,102.5,0.0
2018-11-28,822320.0,0,7.039325992743213,13.468274129850611,3.2186733588814995,87.21226086090076,92.13444468512984,26.69913075420774,51.1,1.4,102.5,0.0
2018-11-29,794754.5,0,8.768963378967118,12.909974477445662,5.808419613819615,82.21248345561162,78.86609908524254,28.07800949585809,51.1,1.4,102.5,0.0
2018-11-30,780735.5,0,6.407606490784932,9.582976976899202,0.7312288024063404,76.41505687483111,41.324766605181246,20.36816024925936,51.1,1.4,102.5,0.0
2018-12-01,765490.0,0,6.199490071399962,11.346009363207935,4.8959788008081455,89.33674163203706,87.83495349806705,17.88817892846702,53.1,0.1,102.6,0.0
2018-12-02,715261.5,0,9.935087294622765,12.684011555931036,3.3081238694309367,88.20236815877401,88.77257144176093,19.49726914631079,53.1,0.1,102.6,0.0
2018-12-03,819139.0,0,5.345207960779811,11.09107837940109,3.271573707263353,82.00375729422198,56.77332013449914,17.36904142311614,53.1,0.1,102.6,0.0
2018-12-04,893206.5,0,2.752520030296853,6.943052896678681,0.3272625734278251,83.55863836210617,47.8681785823964,8.012355704534619,53.1,0.1,102.6,0.0
2018-12-05,893670.0,0,4.540350788979538,10.401070350931588,9.271672735401168,92.09357223926008,91.26505454822848,15.455547336805267,53.1,0.1,102.6,0.0
2018-12-06,830323.0,0,8.919011023609269,12.45323179859108,1.399185244962675,91.49383039994945,88.5930682393476,17.41345359358991,53.1,0.1,102.6,0.0
2018-12-07,767664.5,0,6.740043846471027,13.050047835196132,9.06015093043206,76.34507331287809,65.78578828124981,27.4737648045076,53.1,0.1,102.6,0.0
2018-12-08,706670.5,0,7.795224591224829,10.615422126857808,3.037630326629193,74.10835100670283,69.28086519621282,30.912990701088667,53.1,0.1,102.6,0.0
2018-12-09,727105.0,0,5.927595296045895,9.094816695061258,1.8653134526930688,76.90582308992992,55.75260307495115,21.67797253145924,53.1,0.1,102.6,0.0
2018-12-10,878313.0,0,4.523079729137966,7.633764361315919,0.3229657286821115,84.1116147814813,43.27322714722988,11.277329958847716,53.1,0.1,102.6,0.0
2018-12-11,888614.5,0,3.591884868391127,7.346280441613154,0.0753241784234375,87.18242039945524,46.08774506778681,9.266262860242302,53.1,0.1,102.6,0.0
2018-12-12,856141.5,0,3.211219099213221,6.768511735297654,0.1760636815422529,80.9063540593776,64.11546381822478,18.15479611154317,53.1,0.1,102.6,0.0
2018-12-13,865905.0,0,1.934647145661184,5.023332505140655,0.0,74.4209776482639,26.626337243296128,19.90721293534516,53.1,0.1,102.6,0.0
2018-12-14,905298.5,0,0.6989873316025295,3.792474835810084,0.0,76.20657202547079,34.59630166379442,12.41232758860207,53.1,0.1,102.6,0.0
2018-12-15,809126.5,0,1.3565207971844235,6.848554411398423,10.90736401699102,78.61373149813048,77.98710870047348,28.893481292762463,53.1,0.1,102.6,0.0
2018-12-16,802342.0,0,3.996472984117141,7.606121709532297,3.9614536634801945,87.42265349369045,52.41619608029232,15.078629318783042,53.1,0.1,102.6,0.0
2018-12-17,873946.0,0,4.420380722551191,8.527038503460338,0.4013600483048195,87.98110326882446,46.588326195959816,15.405317076906847,53.1,0.1,102.6,0.0
2018-12-18,837412.5,0,6.939724886767907,9.997873479041152,7.572334842869187,84.30204648521338,91.7555976153952,25.883453865897696,53.1,0.1,102.6,0.0
2018-12-19,856008.5,0,6.244389260967734,8.343954054115855,0.8157048106151599,85.74184521164892,67.04733746605987,16.659618448846338,53.1,0.1,102.6,0.0
2018-12-20,839057.5,0,5.850707994096023,8.76376718704705,1.9686871294800767,84.04437115526609,72.4444962355139,17.98571671900959,53.1,0.1,102.6,0.0
2018-12-21,807065.0,0,7.3560124329711005,10.210990941555496,7.808905176097696,87.80228103564983,89.28560379733514,18.13507017857244,53.1,0.1,102.6,0.0
2018-12-22,717058.5,0,6.531512449690675,9.542292272802488,1.2420062620340986,84.677527910626,56.6583899903592,17.680518271176265,53.1,0.1,102.6,0.0
2018-12-23,748793.5,0,5.229866127837379,8.991692522588023,7.717124330202756,91.78453239220975,84.94689377340895,11.089302308727444,53.1,0.1,102.6,0.0
2018-12-24,768964.5,0,2.3141261169844083,6.492660828789338,0.0286026565929587,87.84427128039243,38.50209002372458,7.788427730497169,53.1,0.1,102.6,0.0
2018-12-25,696228.5,1,2.8800311322176624,7.79898314556185,0.0,92.2987098850062,65.18109426668558,9.094570219633749,53.1,0.1,102.6,0.0
2018-12-26,669030.5,1,5.788522085452273,9.276384319349786,0.0,91.89570932981796,85.34861537330508,8.797340339736849,53.1,0.1,102.6,0.0
2018-12-27,754888.0,0,5.524982041824017,8.10715461968007,0.0,88.6496142726407,74.91892427544614,5.70063669924607,53.1,0.1,102.6,0.0
2018-12-28,752444.0,0,5.007678649274703,8.908481025986891,0.108135849744129,91.88474528403484,47.3007266222844,9.536401619192498,53.1,0.1,102.6,0.0
2018-12-29,680108.0,0,6.401127993510838,11.659879261924193,0.972860244759827,90.3003436087826,64.3713173752775,17.161854154162842,53.1,0.1,102.6,0.0
2018-12-30,693212.0,0,6.62716080530817,10.75287907087846,0.0835035897296567,92.12402674554208,74.43020725327132,12.199484370147788,53.1,0.1,102.6,0.0
2018-12-31,693964.0,0,6.561744222956517,8.907467524684117,0.0,88.82354500049053,60.805924381664624,12.8487450422157,53.1,0.1,102.6,0.0
2019-01-01,663710.0,1,3.720325520292278,9.395306093006573,0.0,83.5638985893842,46.95165651649128,13.812299810749163,54.2,0.1,102.7,0.0
2019-01-02,840993.0,0,1.252675669871006,4.832548215074713,0.0,78.0286554461926,42.61854464581424,7.834214041049999,54.2,0.1,102.7,0.0
2019-01-03,895113.5,0,0.2885304298725697,4.25798007801157,0.0,81.6042130809038,27.35966066577348,5.221519709797351,54.2,0.1,102.7,0.0
2019-01-04,896919.5,0,-0.2463712375116453,3.679640355177868,0.0,86.07665422677006,35.12841056281286,7.429365834507187,54.2,0.1,102.7,0.0
2019-01-05,824452.5,0,1.0205723153587247,4.981026816723214,0.0,88.84161442004343,55.39126442770247,10.042292472576824,54.2,0.1,102.7,0.0
2019-01-06,785778.0,0,3.748828461831054,7.688475067794189,0.0135305143924807,91.9418148029217,76.5219430592741,8.911741927088391,54.2,0.1,102.7,0.0
2019-01-07,816261.0,0,4.904776026538883,10.26045045670257,0.2868113763308351,88.41571510053014,71.15805278664912,19.61372229314382,54.2,0.1,102.7,0.0
2019-01-08,827828.5,0,4.238131529700973,7.630564898506032,0.0,78.62071774492763,33.63157191482655,19.715118940106795,54.2,0.1,102.7,0.0
2019-01-09,893333.0,0,1.758153820213917,4.930116816966631,0.0097576638967084,78.65183728460332,34.07915527850509,13.732721579242549,54.2,0.1,102.7,0.0
2019-01-10,918230.5,0,1.345151685886392,6.339041833729235,0.0,86.59417792430901,76.71029428234789,10.048996714849368,54.2,0.1,102.7,0.0
2019-01-11,881220.5,0,4.12127631396805,7.729945515084622,0.0,89.43708654396302,63.47449438037869,11.74679199299548,54.2,0.1,102.7,0.0
2019-01-12,732315.0,0,5.535349745850165,9.560524785048962,0.723074229196853,84.95751543671653,89.52691588812047,22.941460403251565,54.2,0.1,102.7,0.0
2019-01-13,685154.5,0,7.562378767713222,11.14287032137728,0.1877681739937336,78.66043555661064,79.90697491190873,29.49502414380408,54.2,0.1,102.7,0.0
2019-01-14,848151.5,0,4.6153602736502695,7.87733714457687,0.0206304404698298,79.49338719290382,54.45251749777298,15.701167223043312,54.2,0.1,102.7,0.0
2019-01-15,832228.0,0,5.046828318116471,9.075293732814798,0.0,86.17245989699266,72.80137814785957,18.08045256693424,54.2,0.1,102.7,0.0
2019-01-16,840307.0,0,3.650169522353703,8.865040696183437,2.5855984925581907,82.43722721582931,71.71279024752101,20.88158471575124,54.2,0.1,102.7,0.0
2019-01-17,869652.0,0,0.6937138577493632,4.524642225680333,0.2544555055225002,69.88801022672482,32.82980631232805,16.91632461202595,54.2,0.1,102.7,0.0
2019-01-18,910805.5,0,-0.2385286196097503,4.616306819816336,1.846121138485044,72.69429160512593,85.16491067075248,15.357737115538905,54.2,0.1,102.7,0.0
2019-01-19,843513.0,0,2.170928887958931,4.358516988440627,1.4614739882136831,85.91708997823751,88.57127487251938,14.63581315469123,54.2,0.1,102.7,0.0
2019-01-20,824793.5,0,0.9778402777760704,5.417287386014912,0.1877377084076596,83.54202425248133,48.76413080707111,6.1977733798055565,54.2,0.1,102.7,0.0
2019-01-21,907694.5,0,-0.1422472098594351,4.962417115165171,1.940845476334548,84.58455648499455,71.76396736093064,11.996605588173752,54.2,0.1,102.7,0.0
2019-01-22,919361.5,0,0.1587354770205422,5.005365477618021,4.367496090262593,82.08032426570945,63.98053922904072,14.64265800736104,54.2,0.1,102.7,0.0
2019-01-23,937519.5,0,-1.3571664063658306,3.8919777757506657,0.1156524451518026,79.61140381978363,25.55234115235737,10.320296715906634,54.2,0.1,102.7,0.0
2019-01-24,946904.5,0,-1.1565419855577297,5.149772309506873,0.7748422551117028,88.65315073938633,68.41617859235438,6.233236443805385,54.2,0.1,102.7,0.0
2019-01-25,853807.5,0,2.89571775107454,9.556941540374456,0.5108871172969168,92.70138088937811,77.75637163337217,16.667131577400937,54.2,0.1,102.7,0.0
2019-01-26,743040.5,0,5.536507438120975,9.13613482210495,3.5383391198225564,87.18328122706437,77.52226425030285,21.947656020067424,54.2,0.1,102.7,0.0
2019-01-27,717276.5,0,2.880449413573197,6.437675278928,2.7367926866734416,72.14723002742257,69.8718336997297,30.897047741025585,54.2,0.1,102.7,0.0
2019-01-28,875454.0,0,0.0887761492310593,4.742003893939867,0.161287615663193,70.94053603203668,26.096768290539007,16.298487643742245,54.2,0.1,102.7,0.0
2019-01-29,934061.0,0,-0.2007929381432272,4.742243438734683,5.028094255498219,82.46183698586384,77.83958428251755,15.562712821135706,54.2,0.1,102.7,0.0
2019-01-30,938355.0,0,-1.187818486391618,4.085453563961841,0.5005636801899344,78.33806788774477,39.08307973774363,10.210356903918257,54.2,0.1,102.7,0.0
2019-01-31,962048.0,0,-2.438690962381202,2.7128145892553617,0.4387001043621126,78.94574654623983,46.51690290647685,14.297344919179295,54.2,0.1,102.7,0.0
2019-02-01,933735.5,0,0.0569531887549055,3.1480797291379656,3.089328314735675,81.44921590417619,77.47019966246128,18.97536339873556,52.8,0.3,103.0,0.0
2019-02-02,827581.5,0,-0.6559919146101795,3.584106132174634,0.5056516005673837,79.92475023290613,36.91813662671262,16.53108729917147,52.8,0.3,103.0,0.0
2019-02-03,806570.5,0,-2.2631700615600003,5.037236337832784,0.5927492934750137,79.97777970005082,45.23154667564442,13.885011690794078,52.8,0.3,103.0,0.0
2019-02-04,872420.5,0,3.4496201859610154,8.101331397591743,5.362010987772827,88.23122430133691,72.49830254821077,18.58560408623957,52.8,0.3,103.0,0.0
2019-02-05,906627.5,0,1.6843744075922606,8.641144501632494,2.909007474387701,91.32232089093698,70.93875347638077,15.122152462731943,52.8,0.3,103.0,0.0
2019-02-06,865128.0,0,5.7249709343709965,9.582976976899202,2.895711476623698,87.68145240059906,65.9949805468973,15.469547814173724,52.8,0.3,103.0,0.0
2019-02-07,840959.5,0,4.8982227368272495,8.30601523288524,5.538367977993596,77.85598152941822,66.128399129574,23.9355145197216,52.8,0.3,103.0,0.0
2019-02-08,801192.5,0,5.8231714685860085,10.736060515272715,7.250129555192916,81.39283935635537,80.08954738573462,30.53811161066305,52.8,0.3,103.0,0.0
2019-02-09,710887.0,0,5.173601591949426,8.873390126205745,1.819414454048092,70.31808885605896,51.70889337250795,32.94033968459997,52.8,0.3,103.0,0.0
2019-02-10,760282.0,0,3.2775293336339577,6.722189307266205,5.74186473728507,82.10599506797122,68.42538526941506,17.00242922517801,52.8,0.3,103.0,0.0
2019-02-11,862311.5,0,2.345715464426768,8.430339350208467,0.0081369408193427,81.61077594441626,27.02038718601929,9.535350975230688,52.8,0.3,103.0,0.0
2019-02-12,855170.5,0,2.843818837625633,10.188760683624086,0.0,87.46417273202037,54.045571276532186,13.684813987965349,52.8,0.3,103.0,0.0
2019-02-13,816840.5,0,5.678400494186382,10.376743276948206,0.0,85.75266282284454,55.50224664680316,15.991002041017545,52.8,0.3,103.0,0.0
2019-02-14,815122.0,0,3.5271679725966165,11.222067783001552,0.0,80.59896671489116,15.960263640038368,11.74060359879019,52.8,0.3,103.0,0.0
2019-02-15,789913.0,0,3.542348655266703,12.320494016113244,0.0499088537280595,80.33100873868263,6.896299125123645,14.713375063835583,52.8,0.3,103.0,0.0
2019-02-16,715533.5,0,6.777390720980042,11.655968679318304,0.0166362845760198,86.69410575352543,62.44272296168095,17.093970128266186,52.8,0.3,103.0,0.0
2019-02-17,659830.0,0,7.433758841397373,11.8774114452622,0.0796357864925011,81.7787797826652,45.7533321744373,20.932472033437183,52.8,0.3,103.0,0.0
2019-02-18,782140.0,0,6.216960152580875,9.983337514251591,0.9225610857667488,80.67193969999181,62.75753596429781,19.50060551600912,52.8,0.3,103.0,0.0
2019-02-19,803846.0,0,4.80304795395429,9.257095385053043,0.9144271584664116,79.15630728144872,65.37206592971042,17.205899815568333,52.8,0.3,103.0,0.0
2019-02-20,779752.0,0,7.2783431835398735,10.688789574066366,1.0611809807333945,82.70905688011744,80.94132352709764,20.19930263697205,52.8,0.3,103.0,0.0
2019-02-21,774792.5,0,7.830954476899817,13.591184659347263,0.1544397218133166,87.57911052905408,41.75104921480696,14.512323402561387,52.8,0.3,103.0,0.0
2019-02-22,760856.0,0,6.006353238766105,13.229026368736951,0.0,78.10709421099465,10.235045231368185,11.944795543569368,52.8,0.3,103.0,0.0
2019-02-23,680579.5,0,6.539290417544342,14.041309721154368,0.0249544268640297,79.43850549496211,14.3882480503869,13.777035506845314,52.8,0.3,103.0,0.0
2019-02-24,685800.5,0,5.558877661024876,14.090950062809052,0.0,78.75824848251415,22.55456447166512,7.290834642418693,52.8,0.3,103.0,0.0
2019-02-25,774056.5,0,4.2976519415975405,15.591810536971284,0.0,67.944141789742,10.983780137341476,8.245694448166736,52.8,0.3,103.0,0.0
2019-02-26,774583.0,0,5.50922630104726,16.50114515258948,0.0,68.69924069156097,0.2902289727370116,7.512043211373048,52.8,0.3,103.0,0.0
2019-02-27,775028.5,0,5.244170907619676,15.466622564689388,0.0,74.26815885698592,2.234869675829568,6.941654645374124,52.8,0.3,103.0,0.0
2019-02-28,823135.5,0,4.820931030154491,11.095634140905204,2.70383145199183,85.73005317808388,73.42240030277183,11.343718474073226,52.8,0.3,103.0,0.0
2019-03-01,812503.0,0,6.836560006432119,10.733314632406618,0.9124999523615048,84.95546847204474,74.57108302768884,10.055480959477404,52.0,1.2,104.2,0.0
2019-03-02,665721.0,0,6.990845202797382,11.871365659197524,2.1704734347465724,82.77036415050175,79.76406841600958,21.692207267286257,52.0,1.2,104.2,0.0
2019-03-03,668972.0,0,6.919428075584282,10.719903105144736,6.502915357581308,79.88958414113878,84.56673288007713,26.79452724049068,52.0,1.2,104.2,0.0
2019-03-04,756961.0,0,4.12923964167,8.732425052660515,3.323738922974147,72.23508718397852,63.254288463444,24.4214974764506,52.0,1.2,104.2,0.0
2019-03-05,793382.0,0,3.350714555914562,10.085504199072112,2.353767748566604,75.46922334991932,56.00833550728789,19.748212972472448,52.0,1.2,104.2,0.0
2019-03-06,794739.5,0,7.061092712748602,11.374449037751573,12.223284242734792,86.52989741249823,94.68507816647238,25.404455050651706,52.0,1.2,104.2,0.0
2019-03-07,772189.0,0,4.744789962181796,8.613796255749506,3.4016699981854344,77.76044483228668,69.15665963727373,26.77911030161868,52.0,1.2,104.2,0.0
2019-03-08,795240.0,0,2.690106317442279,8.666158399779302,2.2291037505572167,81.31867256593107,55.55815512335728,18.900165403928952,52.0,1.2,104.2,0.0
2019-03-09,664653.5,0,5.37592942704229,9.938357969299418,2.565967914950964,73.21432061112998,56.08662013850693,24.06245048669945,52.0,1.2,104.2,0.0
2019-03-10,680191.5,0,3.21407384372459,7.545341843392165,10.248152794295873,73.71507394477968,74.10028016967418,25.20632037127784,52.0,1.2,104.2,0.0
2019-03-11,753430.5,0,2.976602014979264,8.920495823302613,1.211278833276085,65.02532219604734,48.77374642219534,25.16574528182196,52.0,1.2,104.2,0.0
2019-03-12,792447.0,0,4.8242861018040175,9.493372424970293,11.925335647006987,77.53499119702077,80.23028185822832,32.33212579992717,52.0,1.2,104.2,0.0
2019-03-13,757053.5,0,5.851597128191687,9.304602090709103,2.162303741693383,70.66313636731333,78.38087368815877,34.21642491103588,52.0,1.2,104.2,0.0
2019-03-14,742680.5,0,6.882565484797603,10.824301745671168,6.5470520515410415,75.42793082472501,81.25710053308399,29.61371351844034,52.0,1.2,104.2,0.0
2019-03-15,729779.0,0,7.37499769491152,11.391033611509362,2.6901902195894905,77.53484991046422,85.01042173530011,28.3531797251056,52.0,1.2,104.2,0.0
2019-03-16,695156.0,0,6.03576447736944,10.4630237222495,12.085661157156874,83.61778021700533,93.0929683675474,30.406083457357337,52.0,1.2,104.2,0.0
2019-03-17,653872.5,0,3.086123560979364,8.204247420575257,1.064295276670857,71.7434954859606,40.31068907638854,22.94591727645989,52.0,1.2,104.2,0.0
2019-03-18,812120.0,0,3.3687911058744966,9.722879020473858,0.9400013606168932,78.85693124123912,70.1895226690392,13.6516019811713,52.0,1.2,104.2,0.0
2019-03-19,802183.5,0,5.222275686615169,11.395872530082327,0.1908482163163874,86.70450213285227,77.18121388541043,10.369152620584403,52.0,1.2,104.2,0.0
2019-03-20,772678.5,0,7.634329015789918,14.136870560245915,0.0,86.57474747294687,70.37008049553378,11.28370620239685,52.0,1.2,104.2,0.0
2019-03-21,773942.5,0,8.01198848857254,14.148337852945929,0.0301667989685005,84.07982642806685,58.55630450612219,9.424329723298408,52.0,1.2,104.2,0.0
2019-03-22,745989.5,0,7.77481055860838,11.764666770877156,0.3491567632894191,82.1934624494325,69.8546149039276,15.873691770084204,52.0,1.2,104.2,0.0
2019-03-23,683475.0,0,5.468145936196626,10.485190021659228,0.0,69.83548499000145,56.40402727233164,10.876621829519836,52.0,1.2,104.2,0.0
2019-03-24,612514.0,0,3.482384037452832,11.186520798413804,0.2636572973323181,67.96818358597513,30.766866301671783,14.914573390206115,52.0,1.2,104.2,0.0
2019-03-25,723175.5,0,4.290233844157332,11.345858948501004,0.0,68.34898198994416,15.55895801640928,15.878870643106165,52.0,1.2,104.2,0.0
2019-03-26,763019.5,0,2.8635018498488725,10.773141905057892,0.0332725691520397,76.61371510126776,50.96635731047439,10.866798525923578,52.0,1.2,104.2,0.0
2019-03-27,774629.5,0,4.802861964048487,11.719549227961323,0.0332725691520397,77.78992487009751,48.90385353012929,10.606719188466249,52.0,1.2,104.2,0.0
2019-03-28,743105.5,0,4.610624899651815,13.63071276224838,0.0,74.59733414365901,33.55530268393438,7.104705155825211,52.0,1.2,104.2,0.0
2019-03-29,711448.0,0,4.831328239313179,14.66874043695626,0.0,73.61141460759772,10.07414825751293,8.796688506816546,52.0,1.2,104.2,0.0
2019-03-30,656469.0,0,4.979505611999147,14.201774567755956,0.0406847040967138,74.60193038251683,24.32964309669644,7.75500592991695,52.0,1.2,104.2,0.0
2019-03-31,616475.5,0,4.54240741965568,10.834202131426188,0.094713600747365,72.54863762816599,45.54346650024133,16.846128643853135,52.0,1.2,104.2,0.0
2019-04-01,729330.0,0,3.296159965395397,11.392332236889825,0.5074548405505757,73.38095952965377,33.7487127002876,12.756429752336375,55.1,-0.3,103.8,0.0
2019-04-02,793132.0,0,2.7772502949898565,8.302337986702529,6.843924542836413,78.14392469958243,69.32840174508107,13.115321379123989,55.1,-0.3,103.8,0.0
2019-04-03,793800.0,0,1.1051885175121567,7.781229938046598,3.6504610484304623,76.62088079151944,70.5734420245045,8.9428847174232,55.1,-0.3,103.8,0.0
2019-04-04,793988.5,0,1.6590101667310453,8.095267063248432,4.684225434333992,79.1742639360732,73.09452991131987,21.46318659980148,55.1,-0.3,103.8,0.0
2019-04-05,741391.0,0,5.1822879183366775,11.605718564924446,1.1472496391153475,71.91625150998662,65.3471157749437,20.87130692554306,55.1,-0.3,103.8,0.0
2019-04-06,685441.0,0,4.386391055740359,11.081045942810691,0.0,79.55996996561915,64.47065184398473,13.625625109261192,55.1,-0.3,103.8,0.0
2019-04-07,666242.5,0,5.865837396231064,13.137080446235624,1.938175324845362,85.11318757408554,70.10255234149044,12.035767381780923,55.1,-0.3,103.8,0.0
2019-04-08,736155.5,0,6.365623345714835,14.213529474029214,2.463067077890354,82.76855922012034,59.71742309118389,12.863662099599985,55.1,-0.3,103.8,0.0
2019-04-09,750440.5,0,5.108818432544751,10.935534404951552,2.2318276674668294,78.18514493720201,55.76925445017309,18.674029431738525,55.1,-0.3,103.8,0.0
2019-04-10,733811.0,0,2.8834599974330533,10.552905222875625,0.0984867232435778,70.74159518638515,18.243935850063767,15.874240288938845,55.1,-0.3,103.8,0.0
2019-04-11,748922.5,0,1.8084255256032016,10.455966878275838,0.0,67.72375791997668,15.855465189598752,10.5736034114326,55.1,-0.3,103.8,0.0
2019-04-12,752264.0,0,2.0617388751512444,9.035046688184105,0.1636683233388794,69.50551426339577,36.63820941710398,12.053620660870711,55.1,-0.3,103.8,0.0
2019-04-13,647433.0,0,1.494267951844673,8.597349311141212,0.2195070002771023,66.56112688952713,30.87451365706529,15.57874017817166,55.1,-0.3,103.8,0.0
2019-04-14,649647.0,0,1.0367901649066444,8.376936443362808,0.1276691234197235,67.63743207979958,47.732335830369095,17.012846473239215,55.1,-0.3,103.8,0.0
2019-04-15,687391.0,0,3.4966831620847243,11.667177325723632,0.05249756490453,71.11152099511469,38.4029550373744,21.989923997237337,55.1,-0.3,103.8,0.0
2019-04-16,747286.5,0,6.047183977901639,12.680504794092286,1.341945727337169,83.87632565638471,77.59928928897303,10.57125332762573,55.1,-0.3,103.8,0.0
2019-04-17,703678.5,0,5.833883429892977,16.18847949356407,0.0634393681205402,79.40382891178433,32.98752456916974,10.768923839016065,55.1,-0.3,103.8,0.0
2019-04-18,668358.5,0,7.646814097257277,17.335375206320787,0.0,76.32389554297927,39.91799560139943,14.992954512428916,55.1,-0.3,103.8,0.0
2019-04-19,592234.0,1,8.136970570351423,19.8606565100985,0.0,69.96354773032998,23.77828886028804,11.437407919398863,55.1,-0.3,103.8,0.0
2019-04-20,564775.5,0,8.178632401454701,21.0963098391749,0.0,64.95758551140632,8.239235467308436,9.119430921600191,55.1,-0.3,103.8,0.0
2019-04-21,516121.0,0,9.051122098631232,20.650850691366724,0.0,65.07132503124471,2.365313449619617,9.774471864274425,55.1,-0.3,103.8,0.0
2019-04-22,548991.0,1,8.84168830581283,20.49076684515633,0.0075016169427322,61.65519154178824,10.855571822991823,12.617831697314712,55.1,-0.3,103.8,0.0
2019-04-23,644328.5,0,9.993082460206796,19.09010713805377,0.0429525531037063,70.33139659287023,19.770877001953977,15.084466033322604,55.1,-0.3,103.8,0.0
2019-04-24,675574.5,0,8.272757938786194,16.744377474281976,3.241247138002144,80.73477991568417,59.76085811928384,16.99619257778721,55.1,-0.3,103.8,0.0
2019-04-25,677745.5,0,7.781780270237509,13.741876699157554,3.7259405636930985,78.91008104936971,59.38718986110213,18.57027117552628,55.1,-0.3,103.8,0.0
2019-04-26,657527.5,0,7.0270275927082,13.186770792943062,2.613880625061315,78.681686382447,60.48697483630183,21.20575954325072,55.1,-0.3,103.8,0.0
2019-04-27,597024.5,0,6.805066858015647,9.843593184830723,7.470095284981469,75.62560838968609,82.90361195685661,30.7358993127517,55.1,-0.3,103.8,0.0
2019-04-28,620201.0,0,6.719507490492585,12.854487985755906,1.4701199632587338,77.21697630356749,69.50335341198583,17.148769380876594,55.1,-0.3,103.8,0.0
2019-04-29,714095.5,0,5.952809905930261,13.831143893703826,0.3040640784477546,77.32726137170836,37.21505701006297,9.378401834211152,55.1,-0.3,103.8,0.0
2019-04-30,704124.0,0,6.955970489581123,15.438034350244118,0.0743881050426976,75.81877600293478,35.61861993000399,7.441570386706561,55.1,-0.3,103.8,0.0
2019-05-01,720269.5,0,7.43328198005994,15.55721865811149,2.0837127857295474,78.79112138005831,67.09333101943429,8.643477251173996,53.1,-0.9,102.9,0.0
2019-05-02,705578.0,0,6.801779033480703,13.739741695473102,2.96621932019437,78.62008475226385,56.109864220453495,14.566871969115994,53.1,-0.9,102.9,0.0
2019-05-03,718715.0,0,5.372386582885204,11.682662894763306,2.9313073352341195,77.83994479835577,75.97493068752614,11.900444903590753,53.1,-0.9,102.9,0.0
2019-05-04,580045.0,0,3.844878947817469,9.956978458671546,1.2802831413942504,66.34857189933635,39.5908734724025,19.517659006232712,53.1,-0.9,102.9,0.0
2019-05-05,609193.5,0,3.139759051252628,10.353831896105545,0.3029329023780891,67.49692273761406,47.80556855283964,11.446025062397208,53.1,-0.9,102.9,0.0
2019-05-06,646281.5,1,4.4625639185668176,10.493020560897486,1.2741317945710064,70.59238415055584,60.84010779884581,10.541703092187063,53.1,-0.9,102.9,0.0
2019-05-07,714134.0,0,4.938915477999129,12.501015683453202,1.6660986334451988,73.28326943423171,75.31062084576955,9.69525127492907,53.1,-0.9,102.9,0.0
2019-05-08,720067.0,0,7.339193877365359,11.297291840675236,12.544776609572596,85.99057813524612,88.91325326603376,19.07549110985769,53.1,-0.9,102.9,0.0
2019-05-09,728509.0,0,6.281786447874635,11.424644552282972,4.465991356164078,82.28525909440388,80.34631623195362,13.493211898608562,53.1,-0.9,102.9,0.0
2019-05-10,718619.5,0,5.860505004316355,13.02537144810453,4.397513948244064,75.91882177584509,62.39619224585447,9.002784454679993,53.1,-0.9,102.9,0.0
2019-05-11,622006.5,0,5.314162829360263,13.369003327687198,1.2841891491678692,73.11597156774783,40.57569643177221,10.878408872414644,53.1,-0.9,102.9,0.0
2019-05-12,581985.0,0,4.942938794798933,15.221446008435024,0.0122054112290141,66.19492568886494,18.066791275651948,7.23886969586847,53.1,-0.9,102.9,0.0
2019-05-13,645400.0,0,6.029583167469411,16.29792686181689,0.0,67.34287066253037,12.96997348717965,9.242543730294567,53.1,-0.9,102.9,0.0
2019-05-14,642611.5,0,7.290145021414579,17.354776198652157,0.0,68.8928693225056,7.667102149104679,10.068975270150222,53.1,-0.9,102.9,0.0
2019-05-15,650493.5,0,8.210319530750372,18.033886521785,0.0,69.08617637824007,30.18136894102883,10.32454603894825,53.1,-0.9,102.9,0.0
2019-05-16,639775.0,0,7.474854711809847,15.734972359837712,0.0195153277934168,69.33708467530462,24.18222635710701,13.41882400409728,53.1,-0.9,102.9,0.0
2019-05-17,677879.0,0,7.874541994286331,14.891368248887597,0.7324767849929028,79.73671874097174,69.28411023830557,15.421703136444764,53.1,-0.9,102.9,0.0
2019-05-18,617933.0,0,9.090345883751253,15.612291724498776,1.0569420628611763,79.9161944974649,65.99995236150475,7.369231362406872,53.1,-0.9,102.9,0.0
2019-05-19,594437.5,0,8.695233602584059,16.447834249508677,0.9306373581940302,78.12880362650043,61.9720866078908,7.529658651433494,53.1,-0.9,102.9,0.0
2019-05-20,661954.0,0,8.617883362031172,17.049600233115136,0.3811291810924226,76.99292350130523,43.4214662962871,10.3108276736752,53.1,-0.9,102.9,0.0
2019-05-21,643282.0,0,8.39023760298828,17.108764309067247,0.1678944956085298,71.23410401764013,16.097784035461235,11.550614625718788,53.1,-0.9,102.9,0.0
2019-05-22,642154.0,0,8.147514413871937,17.223206542812317,0.1279897381763713,67.59984015901792,47.55871232471185,10.640224064435277,53.1,-0.9,102.9,0.0
2019-05-23,627915.0,0,8.509316107294431,18.58673013732918,0.0,69.08534574729002,33.20767279742341,11.129931475559054,53.1,-0.9,102.9,0.0
2019-05-24,624401.0,0,9.431849628813138,18.23201107413681,0.1712220122303691,73.66246494114095,34.74994735177912,12.068451139131698,53.1,-0.9,102.9,0.0
2019-05-25,558974.5,0,10.234545180840646,18.189717464383,0.7237606830093957,76.45073116177197,56.92711067424391,11.470185447748992,53.1,-0.9,102.9,0.0
2019-05-26,514512.5,0,11.270862572100096,16.479363388039946,1.9912731578409029,83.75183480432811,67.77042689501016,18.794945214501084,53.1,-0.9,102.9,0.0
2019-05-27,543003.0,1,8.836110498811312,15.17194223558914,2.6892015533099967,76.62636587249504,56.015066381016005,15.962199914361353,53.1,-0.9,102.9,0.0
2019-05-28,640412.5,0,7.572005769974544,14.95282585714254,2.0067657497168123,74.43190058663579,47.44866202214901,11.493308881364534,53.1,-0.9,102.9,0.0
2019-05-29,671847.5,0,7.326345314179257,14.213263098004496,2.051978291475795,81.19902144691203,71.4491486570616,12.016218525707208,53.1,-0.9,102.9,0.0
2019-05-30,615560.5,0,13.163917408126547,19.399674865733207,1.2021387517583215,84.88573946869616,74.51396673087311,18.44144293068089,53.1,-0.9,102.9,0.0
2019-05-31,610819.0,0,12.378119599177692,18.0932659698374,1.2208416818515653,82.20368439503045,65.98755352108105,17.08133461672464,53.1,-0.9,102.9,0.0
2019-06-01,551755.5,0,11.690450390316022,21.030908869955883,0.59055916436793,77.20485438110649,44.96050092584648,13.172430330391098,49.4,1.3,104.2,0.0
2019-06-02,517813.5,0,12.725242489161166,20.03518818988225,2.18280987949858,78.74891911327734,59.5471056509951,19.39665639847075,49.4,1.3,104.2,0.0
2019-06-03,587219.0,0,10.405583806378468,16.72000515909536,0.4439619329082791,72.16238169671232,35.67262412686322,19.44575404546101,49.4,1.3,104.2,0.0
2019-06-04,677672.0,0,9.534258332556774,15.32710808332446,11.83430294677594,84.27180438515114,67.03598926959799,12.03470611904485,49.4,1.3,104.2,0.0
2019-06-05,648011.5,0,9.89701785171163,15.468331280677656,2.4401673823095584,78.67880752671013,65.82137311539039,12.473964148559324,49.4,1.3,104.2,0.0
2019-06-06,627298.5,0,9.053018587127058,16.300722565328666,1.3558312115249995,71.51231378265881,32.61688398323715,12.348082713459185,49.4,1.3,104.2,0.0
2019-06-07,655399.5,0,9.26318313909531,15.033814049803189,13.755706258825414,83.43511592382168,72.66497662701751,17.303888788762674,49.4,1.3,104.2,0.0
2019-06-08,551721.0,0,9.909130476982432,14.583291452436866,8.97384560861589,82.5973181002432,70.71779689969902,22.78103449727803,49.4,1.3,104.2,0.0
2019-06-09,546334.5,0,8.601232524663217,16.593858223904125,1.061585526835041,73.86865741074267,46.39283579115185,11.552832612588512,49.4,1.3,104.2,0.0
2019-06-10,674477.0,0,8.699715432216998,13.977138132457885,14.850912552257894,82.89335108599788,72.7213779622231,13.61368263025471,49.4,1.3,104.2,0.0
2019-06-11,660023.5,0,9.689786125285185,13.235603539165236,12.775112051887724,86.44917238410568,89.92284495433958,18.844527975045544,49.4,1.3,104.2,0.0
2019-06-12,686930.5,0,9.56378139868589,14.193463755649312,13.840283199175134,88.5332889506475,88.56735092040032,12.088884288615272,49.4,1.3,104.2,0.0
2019-06-13,697998.5,0,10.082098492312316,12.844696553849694,9.957354758218962,87.95762755622019,95.13843019847856,17.299039958309248,49.4,1.3,104.2,0.0
2019-06-14,663588.5,0,10.299634071814015,15.967071011969496,4.470212932087299,83.59386315679347,73.7523057800063,15.215987497445962,49.4,1.3,104.2,0.0
2019-06-15,577420.5,0,9.792435034615668,16.462175618728775,2.1922108985689763,80.99398471793954,54.37701882722507,14.58405271559093,49.4,1.3,104.2,0.0
2019-06-16,546667.5,0,9.108873800770034,17.540371995793553,2.2401281389465533,80.81193376269857,60.05720278373549,17.995727871949693,49.4,1.3,104.2,0.0
2019-06-17,615686.0,0,11.701945789728232,17.856845860761837,0.8108811209934181,79.13685176609118,59.86883427249809,17.73118279437701,49.4,1.3,104.2,0.0
2019-06-18,672515.5,0,10.673654839493308,18.76020181449189,2.471253170879713,78.76578286398454,66.3222127361855,8.283386409788426,49.4,1.3,104.2,0.0
2019-06-19,676242.0,0,11.70332475512584,18.44127596543867,3.2572207111769624,81.86714968310258,65.4375522486722,8.962823963281846,49.4,1.3,104.2,0.0
2019-06-20,629367.0,0,10.630396550210728,16.69421289403797,0.8066664311378483,73.87259222751211,38.46581778146483,15.232002115026251,49.4,1.3,104.2,0.0
2019-06-21,618799.5,0,9.245362961076092,17.1626382223256,0.1476530188422235,71.1283904317068,27.5936461864985,10.867966836968652,49.4,1.3,104.2,0.0
2019-06-22,544700.0,0,9.994085004655664,19.48298581921861,0.0040684704096713,69.61393582117333,27.64750425611537,9.520960415422431,49.4,1.3,104.2,0.0
2019-06-23,553599.5,0,11.643444303775992,20.09212591917708,2.332200291166483,78.76549079390689,52.55673755541125,14.009479322926053,49.4,1.3,104.2,0.0
2019-06-24,663377.5,0,14.715984700605274,21.550485448560384,2.2066596418839124,85.34215508622998,66.02368458435505,8.69192289620414,49.4,1.3,104.2,0.0
2019-06-25,680614.0,0,14.089990223966083,18.445911283229847,11.294547537563108,89.56412298206408,89.9768867702428,11.530460284370468,49.4,1.3,104.2,0.0
2019-06-26,659379.0,0,12.329223463022323,18.88926835938432,0.0754435758597857,82.84820943185655,61.03715695058554,15.372372583314505,49.4,1.3,104.2,0.0
2019-06-27,613717.0,0,11.0772981609205,20.47632787849,0.0,75.61881351133452,6.718406626336429,17.099049836381745,49.4,1.3,104.2,0.0
2019-06-28,595536.5,0,11.28441200512209,21.26767421981668,0.0,79.73244956343468,22.36370921560851,16.063550367351194,49.4,1.3,104.2,0.0
2019-06-29,561172.0,0,13.79183758641623,26.887451073728656,1.9807365538349413,77.0478872603968,29.168157049796548,12.137296263986356,49.4,1.3,104.2,0.0
2019-06-30,508461.5,0,14.24490036055272,20.21978863445084,0.2367472303286208,75.40158815064042,41.31588471508738,19.284256442384223,49.4,1.3,104.2,0.0
2019-07-01,591246.0,0,11.879751048600117,18.43244907475593,0.2487818975070376,74.48260495713274,44.1443916490394,20.087183194786245,48.0,1.0,105.3,0.0
2019-07-02,635752.5,0,10.879293703678478,18.21141321839773,0.0878189750703759,72.06221068066128,29.576875376958803,11.88730067438898,48.0,1.0,105.3,0.0
2019-07-03,642035.0,0,10.500558937854567,19.87942398727936,0.0040684704096713,69.97645848480326,20.690300805440945,8.88862496308785,48.0,1.0,105.3,0.0
2019-07-04,618270.5,0,11.628155696863285,21.733258772429124,0.0,70.51293543428727,21.239748580004026,9.640254645275771,48.0,1.0,105.3,0.0
2019-07-05,614826.5,0,13.120304780642863,21.743036973127463,0.2075911542629138,71.7683306782812,27.766906225804256,11.619566230293952,48.0,1.0,105.3,0.0
2019-07-06,569663.5,0,12.9922160696508,19.628633649275933,1.6689082566179398,76.25738281421921,55.9681943430547,10.685994254736004,48.0,1.0,105.3,0.0
2019-07-07,548868.5,0,12.086972525066454,18.36694614378982,1.3440791205331382,72.41284876910734,57.75090921909995,7.174949454019816,48.0,1.0,105.3,0.0
2019-07-08,640202.5,0,11.69671399187478,19.23990921393656,0.0950752307116957,71.98441781701851,68.76002891748865,7.218592247428075,48.0,1.0,105.3,0.0
2019-07-09,669688.5,0,13.537102304621316,19.25345153191877,2.5402418658652417,80.57490031568032,89.89559240036301,8.028246846208676,48.0,1.0,105.3,0.0
2019-07-10,658544.5,0,14.676557575946823,21.539648105807373,1.9283865991130265,77.50557925152363,62.45018671524032,10.314415205814282,48.0,1.0,105.3,0.0
2019-07-11,656926.0,0,14.750865637560429,22.11724067262851,1.631933257423184,76.88413246857888,55.52327987228704,12.012889609128298,48.0,1.0,105.3,0.0
2019-07-12,625505.0,0,14.160378159907491,20.803731935175257,0.5928835387546227,77.14860584253259,47.951829474963546,15.86897039565645,48.0,1.0,105.3,0.0
2019-07-13,572936.5,0,13.405427736521132,19.95183941757852,0.3822421776976112,79.75145867535724,60.019585276471695,11.23027835449384,48.0,1.0,105.3,0.0
2019-07-14,556813.0,0,12.84667482688478,19.79787349133496,0.4192857317604803,76.84085616887164,52.753330975791286,9.489255444741929,48.0,1.0,105.3,0.0
2019-07-15,642118.5,0,11.810914206696731,20.597022249820448,0.0175580802387161,73.93826427513635,41.66649950677253,7.04189948572554,48.0,1.0,105.3,0.0
2019-07-16,648334.0,0,13.486376343128956,22.424168505410133,0.3335827311007946,71.58740609684224,32.964306673028304,6.730060001145783,48.0,1.0,105.3,0.0
2019-07-17,652224.5,0,14.278518247326282,21.382452135913425,1.958251310089354,73.18606681892135,53.76116003977292,10.963289606522013,48.0,1.0,105.3,0.0
2019-07-18,635221.5,0,14.226101749310134,20.09956695993129,2.1424850427418725,75.08026530154615,56.02871410301078,14.88906664877508,48.0,1.0,105.3,0.0
2019-07-19,652664.5,0,12.952811212147068,18.993761908087087,8.879132596434452,85.05892147307324,73.97997923084546,15.61700241868324,48.0,1.0,105.3,0.0
2019-07-20,532666.0,0,14.61700295653722,20.194147567830456,7.841110979499096,79.35110984785433,60.18139821565252,19.113142102373462,48.0,1.0,105.3,0.0
2019-07-21,523787.0,0,12.813384785162066,20.69778631903556,2.2413355611962267,75.49018351946565,48.56829210339385,15.376941514557464,48.0,1.0,105.3,0.0
2019-07-22,596555.5,0,16.170194117955127,24.30228884221614,0.7942724313999522,77.32074803686372,38.58191033562334,18.99870907361506,48.0,1.0,105.3,0.0
2019-07-23,644839.0,0,16.247686044613236,27.81528806598528,0.3083095105000161,71.35165212760282,18.845548437715525,12.011740522521144,48.0,1.0,105.3,0.0
2019-07-24,662025.5,0,19.081658604594097,26.29319363923436,3.744053418796589,70.62805178347462,35.53056674872372,12.23129085692494,48.0,1.0,105.3,0.0
2019-07-25,670874.0,0,18.420866542999185,30.41742172657151,2.0222261640942696,65.19457803542042,21.21525112924748,12.693693649807024,48.0,1.0,105.3,0.0
2019-07-26,672082.5,0,17.977219778691836,24.246031452102475,1.525853522015378,72.71533294452125,45.89637379462313,10.971067236296031,48.0,1.0,105.3,0.0
2019-07-27,592842.5,0,15.106809148385985,18.13868246736179,14.995554661454422,85.72369210201694,84.51727138255396,13.39205187666166,48.0,1.0,105.3,0.0
2019-07-28,552792.0,0,14.258033632900585,18.34119902773212,11.225112394577549,85.14234768098264,80.58663201739623,15.538842753994318,48.0,1.0,105.3,0.0
2019-07-29,619600.0,0,13.6521766397293,22.09068711368253,1.0570996156587673,71.94889847812526,41.17404235560127,12.28519038739993,48.0,1.0,105.3,0.0
2019-07-30,632594.5,0,15.356604748506856,20.11574025980253,10.20021401517154,78.72062263083006,61.92512500955844,19.2093156800847,48.0,1.0,105.3,0.0
2019-07-31,619890.5,0,15.041970313410896,19.799550473938485,4.508567600500014,79.74547523425231,72.50246286410255,20.050277099296327,48.0,1.0,105.3,0.0
2019-08-01,632689.5,0,14.403308269133031,22.11465402527459,0.8255416650582272,78.78787921164253,46.36506287113461,11.821745294976331,48.0,-0.9,104.4,0.0
2019-08-02,624324.0,0,14.500920452564475,22.143265167666605,0.2326514446204644,76.65363145790515,44.72159530133223,9.53629899665338,48.0,-0.9,104.4,0.0
2019-08-03,569464.5,0,14.51881317940178,22.165430283797576,0.6893135652428555,76.44172067847543,45.7527610503483,7.860369833927903,48.0,-0.9,104.4,0.0
2019-08-04,555236.5,0,15.337554329398742,22.183318569497743,4.280135119369161,76.32239300947188,46.27258490347765,12.052883677981969,48.0,-0.9,104.4,0.0
2019-08-05,611972.5,0,14.88974420648282,21.18959735390596,2.1786542306426044,74.09233754166678,45.18757769684903,16.20595300164319,48.0,-0.9,104.4,0.0
2019-08-06,616667.0,0,14.271715470204857,20.64498898966804,3.3296488010220577,74.90085520934015,54.44026029735272,19.44870243803369,48.0,-0.9,104.4,0.0
2019-08-07,604083.0,0,14.0215092416222,20.363994493358764,1.775051755383273,74.60464883483002,45.17316447033738,18.80926722097795,48.0,-0.9,104.4,0.0
2019-08-08,630153.0,0,13.428351196027428,21.76349644672148,1.8303141694219127,74.47488690621228,42.24395845529813,10.67072113801788,48.0,-0.9,104.4,0.0
2019-08-09,600441.5,0,16.67410520768048,21.98218799736125,20.200440221187684,79.02330164768954,74.81982802994968,24.250094723769266,48.0,-0.9,104.4,0.0
2019-08-10,518061.5,0,15.583248885136271,19.72762668827754,4.221102269030749,76.28517704862126,81.74674128104893,30.81443988562827,48.0,-0.9,104.4,0.0
2019-08-11,518968.0,0,13.012510883091077,18.74524303500612,4.374468964473116,75.91795833580234,62.65489562989647,19.861172665510885,48.0,-0.9,104.4,0.0
2019-08-12,626604.5,0,11.449816656335772,17.450791309214036,2.946381149392108,70.59028942445076,47.9422917103609,12.483989885025874,48.0,-0.9,104.4,0.0
2019-08-13,623557.5,0,10.938327818742104,18.225733150294964,0.7732236358117562,67.66764859337968,33.96451831088525,13.16474235319168,48.0,-0.9,104.4,0.0
2019-08-14,673663.0,0,12.27639922558862,16.748849269096397,11.33297674792708,87.79111786095658,86.15104954366625,14.601715348496183,48.0,-0.9,104.4,0.0
2019-08-15,597212.5,0,13.586926131318986,18.65554461987432,0.3897666795587703,74.55076726867792,49.59712504139939,19.4966229992754,48.0,-0.9,104.4,0.0
2019-08-16,621115.0,0,13.100564356349222,17.775597162368467,13.094754004338238,84.48400449928684,77.65684187756895,22.07362337349884,48.0,-0.9,104.4,0.0
2019-08-17,499615.0,0,14.160997521814744,19.637016902629867,0.8319402848695959,72.91587853130335,45.49327879227624,20.487328360038347,48.0,-0.9,104.4,0.0
2019-08-18,487987.0,0,12.949511124541411,18.87013710850685,1.2841086109131123,73.01408017196083,46.63649627534584,20.05445465724994,48.0,-0.9,104.4,0.0
2019-08-19,590412.5,0,12.36324292694357,18.56694169035888,2.601994711389399,72.43144505505043,42.87979191013523,18.496077953420738,48.0,-0.9,104.4,0.0
2019-08-20,626211.0,0,11.442380025984187,18.613387563562046,1.161570768121868,70.66177528940233,31.42917607962353,13.995046948812774,48.0,-0.9,104.4,0.0
2019-08-21,618772.5,0,12.09068994125774,19.843871286072176,0.9699592601735542,74.10298323936358,46.33703348697311,14.576905727290452,48.0,-0.9,104.4,0.0
2019-08-22,611040.0,0,13.398560601329354,20.65061884556744,0.5660720450179477,76.4673028885033,54.26817276435308,16.404236973914266,48.0,-0.9,104.4,0.0
2019-08-23,609600.5,0,14.981341322995393,23.50963073650466,0.0,73.94490574216596,25.983447497706592,9.425213140774645,48.0,-0.9,104.4,0.0
2019-08-24,548922.0,0,14.082713781896585,25.4322777298456,0.0831814228800992,62.61750730989659,20.84500397581661,9.150454754002189,48.0,-0.9,104.4,0.0
2019-08-25,543821.5,0,16.15248642825372,28.00269423351689,0.0091530852902407,61.30688638729076,16.288243523193124,9.733783180058268,48.0,-0.9,104.4,0.0
2019-08-26,577991.0,1,16.365347349787527,26.508986356703776,0.0,66.36582860616032,11.436441626308152,10.71673107288776,48.0,-0.9,104.4,0.0
2019-08-27,669362.0,0,16.66679850748287,26.091555840061528,1.319641197918216,69.60339236183422,30.72995972979692,9.64571137366308,48.0,-0.9,104.4,0.0
2019-08-28,668545.5,0,13.971693559570491,20.057135244643035,2.5593664381330234,77.41785273201545,56.89602180761228,8.19148076486647,48.0,-0.9,104.4,0.0
2019-08-29,612785.5,0,11.916800290084629,19.726428288144174,0.4553845237957664,72.16005129836107,38.66256276909603,15.327141998859627,48.0,-0.9,104.4,0.0
2019-08-30,584080.0,0,14.138545329964504,21.0043524527002,1.3518073507243142,73.79691792458931,40.088509189250594,15.509433328727257,48.0,-0.9,104.4,0.0
2019-08-31,518173.0,0,12.724576149550698,19.38327419193433,1.3760465086330789,72.05681929384875,40.470387880619285,19.076912289109,48.0,-0.9,104.4,0.0
2019-09-01,512659.5,0,11.046780495214144,17.109867386108345,0.4282848571177075,66.93852390493545,30.756107608537704,15.561707495213406,47.4,0.0,104.4,0.0
2019-09-02,613255.5,0,10.287978222876362,18.17676956725068,1.1605055467805103,73.63298359711331,52.97308535662731,15.543483081511123,47.4,0.0,104.4,0.0
2019-09-03,634123.0,0,13.351251795202908,18.995624219804387,0.8661186907884239,77.46002326541169,68.67779783648699,16.940315281396597,47.4,0.0,104.4,0.0
2019-09-04,602854.5,0,12.023701365399184,17.161991107153053,3.4761565950486943,73.48881349781134,61.07745214083095,24.1323289058833,47.4,0.0,104.4,0.0
2019-09-05,611331.5,0,9.746587593116354,16.08944531641673,0.176994038303563,68.3745659057375,39.864033311048765,19.31987760471925,47.4,0.0,104.4,0.0
2019-09-06,615573.5,0,11.042180629683786,16.377024405539196,1.565415924633073,77.6343340408828,61.543215122658985,19.477252510948247,47.4,0.0,104.4,0.0
2019-09-07,574690.0,0,9.784005710226651,16.256591492711372,0.0595264742792695,72.73899784342069,42.43573795963157,12.75024231090099,47.4,0.0,104.4,0.0
2019-09-08,560326.5,0,8.281676571990433,17.043596123050172,0.4610165172805414,68.15131751788564,24.88049588415695,7.271747649240034,47.4,0.0,104.4,0.0
2019-09-09,696060.5,0,10.829285193291811,13.649718677781578,8.206034697052365,84.32956103554656,84.16250992110082,10.169222169714017,47.4,0.0,104.4,0.0
2019-09-10,669732.0,0,10.7111524667889,17.33403180075479,0.5380546857346863,77.33802014167873,53.12477559195287,7.641463418307295,47.4,0.0,104.4,0.0
2019-09-11,635928.5,0,12.889680140390338,18.781213771692727,1.313195237736376,78.73830367370864,69.78085411642085,19.25181727028841,47.4,0.0,104.4,0.0
2019-09-12,653541.0,0,12.432228785133544,20.110224490415625,0.3004513885730064,81.71588232394225,56.21242455291733,16.035870941722692,47.4,0.0,104.4,0.0
2019-09-13,630284.0,0,11.233503572825674,17.71047527789532,0.0,70.85139692357359,25.5258703921896,11.868277071143511,47.4,0.0,104.4,0.0
2019-09-14,541519.5,0,9.734307311076792,20.415607145553,0.0831814228800992,64.78574548344037,14.32952947120164,9.823870371413069,47.4,0.0,104.4,0.0
2019-09-15,558642.0,0,11.83591733239671,19.46621236651079,0.6762567957081834,74.68289291185907,47.3544176344555,10.763295873289223,47.4,0.0,104.4,0.0
2019-09-16,685727.5,0,11.5683598576279,16.74419277522572,0.796413153240561,80.23177438765171,60.01082501821328,10.609073928551846,47.4,0.0,104.4,0.0
2019-09-17,653971.0,0,9.467668982655654,16.602524741897707,0.0,71.36279019219889,21.85386581164071,10.384169611237915,47.4,0.0,104.4,0.0
2019-09-18,676726.0,0,8.290177200449756,17.59511044016986,0.0,69.27973534941084,21.69996991398516,8.228424556236659,47.4,0.0,104.4,0.0
2019-09-19,670985.5,0,9.622616477042916,20.178876740833555,0.0,72.54432675926196,11.11683015173752,5.129355910332919,47.4,0.0,104.4,0.0
2019-09-20,634234.0,0,10.98133042761051,19.750038710119203,0.0,71.98082020395914,2.872489989154405,13.34621966411357,47.4,0.0,104.4,0.0
2019-09-21,540883.0,0,11.66243595849513,21.34122255500187,0.0,65.71074263742446,7.522503626057851,16.765389723460686,47.4,0.0,104.4,0.0
2019-09-22,597107.5,0,13.942728954910994,19.298395255795977,8.859859779316361,82.28914553504976,58.70292818770378,13.56620547583296,47.4,0.0,104.4,0.0
2019-09-23,660552.5,0,12.856422492844391,17.887197683035705,3.656035995585541,81.52449700510611,61.10461662506033,15.726822442906954,47.4,0.0,104.4,0.0
2019-09-24,687367.5,0,14.202424510503704,17.956285948623204,20.51364044713553,87.26490225871625,77.87967192259623,17.37476815420071,47.4,0.0,104.4,0.0
2019-09-25,698402.0,0,13.702234125562534,18.197664610363827,4.541945018906644,86.39630050817674,77.50019299737478,13.911590836222173,47.4,0.0,104.4,0.0
2019-09-26,644896.5,0,13.257504430687405,17.54108738768687,5.280585501386865,79.70958383871118,67.33534734548469,20.47079253121828,47.4,0.0,104.4,0.0
2019-09-27,644058.0,0,11.889881343880107,15.636777711281953,5.482487160964514,80.95446749505605,60.40410297143731,21.61575438231128,47.4,0.0,104.4,0.0
2019-09-28,574938.0,0,11.181238303981054,16.530642939581604,9.865860923500811,79.79190902879185,78.43414073308944,21.371819438915647,47.4,0.0,104.4,0.0
2019-09-29,588682.5,0,11.453241618268004,16.36518175223114,15.111161988341047,87.38407325853946,82.48602790595436,20.1788106155287,47.4,0.0,104.4,0.0
2019-09-30,705042.0,0,9.994537339851671,16.292045858844002,11.567341789176483,84.9918497449896,61.426763604755145,11.853588448027567,47.4,0.0,104.4,0.0
2019-10-01,698579.5,0,8.852119522710224,15.369992579459169,9.538886154200217,83.93212202880243,70.44727362125589,17.19226919733008,48.3,-0.5,103.8,0.0
2019-10-02,693982.5,0,6.411605926868087,12.498915240728689,0.0,69.88682621034357,13.406965461045973,12.449907108007718,48.3,-0.5,103.8,0.0
2019-10-03,741733.0,0,5.568131116014427,12.56103551581979,3.8837464154337416,75.6661812355225,56.73535428226429,12.554279516627249,48.3,-0.5,103.8,0.0
2019-10-04,698903.0,0,10.13993525221602,13.910717622604276,3.555055367917938,87.23850858070723,73.96606918978168,15.177383504516376,48.3,-0.5,103.8,0.0
2019-10-05,644018.0,0,9.250170976096172,14.54562924182382,3.74790091727769,84.81671019800649,74.03669822261081,12.50618587397522,48.3,-0.5,103.8,0.0
2019-10-06,597822.0,0,11.148461359586673,14.052301043817826,14.84176697694592,84.67317736346561,78.6866654657668,17.143551644062867,48.3,-0.5,103.8,0.0
2019-10-07,709235.0,0,10.414299392022157,14.41608720327979,3.1978992714445145,86.56737437083379,71.7777343635706,15.408051511166832,48.3,-0.5,103.8,0.0
2019-10-08,668406.5,0,10.374892260164456,14.587375638939792,0.7783758773781444,77.11604175000842,39.57640453958593,20.756543762012583,48.3,-0.5,103.8,0.0
2019-10-09,682739.0,0,9.49875838714127,13.344675469973732,1.2187768450604353,76.02304270941698,65.53943832738845,20.77561886093469,48.3,-0.5,103.8,0.0
2019-10-10,679495.5,0,9.33306879625698,14.35694416510187,2.2295721491464784,79.3706861191137,66.11389038019576,22.7803083636724,48.3,-0.5,103.8,0.0
2019-10-11,681219.0,0,11.75652455294192,14.721238319963,7.69906052584539,82.68884137708814,81.60340434829432,21.60191297141518,48.3,-0.5,103.8,0.0
2019-10-12,656937.5,0,9.759185178268782,13.738510824326688,4.093114070653482,83.52224016981187,66.84284252508367,11.793878311981862,48.3,-0.5,103.8,0.0
2019-10-13,662849.0,0,9.814246165992431,13.654390047156578,7.273283403682585,88.33846467030843,76.63352509313172,14.781835592361023,48.3,-0.5,103.8,0.0
2019-10-14,760071.5,0,9.005550514753919,13.99155899649602,8.256691773280595,88.76287908255757,79.14905728642772,11.640695639436462,48.3,-0.5,103.8,0.0
2019-10-15,749606.5,0,9.782041221620672,14.308792910605105,0.4293173923044221,86.15210931577843,69.81912665299431,9.951688249876018,48.3,-0.5,103.8,0.0
2019-10-16,724749.0,0,8.881125004272098,13.80881840488369,2.44043888024088,82.3030227823881,52.79016739614009,15.82928351826085,48.3,-0.5,103.8,0.0
2019-10-17,737471.0,0,7.394500280175821,13.257095385053043,1.732370359057793,80.00995732144047,44.12545318039512,16.11306569637399,48.3,-0.5,103.8,0.0
2019-10-18,728157.5,0,9.106279946172805,12.94284258040579,4.805697796077244,80.09680746167591,67.27833709810629,17.847623293957913,48.3,-0.5,103.8,0.0
2019-10-19,654670.0,0,7.921388553336305,12.699660186929767,1.1781650509123356,81.63918105799996,47.83838752668064,14.08336724374608,48.3,-0.5,103.8,0.0
2019-10-20,649989.5,0,6.483766491217675,11.229737027515258,0.0889256772472891,81.94226082217527,54.18931275231498,15.296923549005198,48.3,-0.5,103.8,0.0
2019-10-21,765905.5,0,8.183674920809453,11.734086883149102,2.3983960164751745,82.97796263187257,63.5403349299708,15.4527812920986,48.3,-0.5,103.8,0.0
2019-10-22,757223.5,0,6.230172212852977,12.57191155332475,0.0,79.95488258002223,39.34955213052874,8.896890211278878,48.3,-0.5,103.8,0.0
2019-10-23,760200.0,0,6.82701305221007,12.758714540670244,1.91609167207799,85.85964098031786,51.923312011367344,10.329031510620988,48.3,-0.5,103.8,0.0
2019-10-24,763180.5,0,8.540488295190983,12.636614080734402,4.071744116307757,87.99066520612163,62.15352665321561,11.507670965646437,48.3,-0.5,103.8,0.0
2019-10-25,756471.5,0,7.831840844889306,13.338589390962431,10.365459821201355,86.646968154004,77.95951351814529,17.93908202832542,48.3,-0.5,103.8,0.0
2019-10-26,687012.0,0,6.341755583661926,12.317974200957982,15.85949849972548,83.80812992105656,77.84142343577925,19.6801701413468,48.3,-0.5,103.8,0.0
2019-10-27,670192.5,0,5.232546761332245,10.563991714958783,0.0083181422880099,76.17060098143907,23.672797285109816,14.41015375186036,48.3,-0.5,103.8,0.0
2019-10-28,800552.0,0,3.1206932648879824,9.03207318551426,0.0324247745131714,79.99825331152084,35.219234552649326,9.88720386067283,48.3,-0.5,103.8,0.0
2019-10-29,798067.0,0,4.777988399688328,10.128828982473705,0.0406847040967138,78.9169073844954,37.1236125826113,13.568849735031616,48.3,-0.5,103.8,0.0
2019-10-30,786709.5,0,5.987710267097671,9.90518132256265,0.2720328363234736,77.90282619829564,34.06856342767517,15.40786596691147,48.3,-0.5,103.8,0.0
2019-10-31,803688.5,0,5.70529141051499,9.530756411403832,1.329850370252532,80.94504381696589,51.92510899687713,13.030263491283325,48.3,-0.5,103.8,0.0
2019-11-01,777411.0,0,8.332668694365921,13.492005507501805,9.749320518311745,94.14574633417168,97.7361124565998,16.111633544901526,49.6,-0.4,103.5,0.0
2019-11-02,689709.0,0,8.053235388382207,13.16847530567932,7.378025105917279,83.49807924660611,74.73132692387603,24.223535755549,49.6,-0.4,103.5,0.0
2019-11-03,689857.5,0,7.047005779194898,11.281833779024751,1.6322832989393643,85.05591848063811,51.6562592434048,13.168641487191453,49.6,-0.4,103.5,0.0
2019-11-04,786783.5,0,7.23295024401974,10.924444977722397,2.505592213804517,86.88085481716776,65.70848905998861,10.589254992944586,49.6,-0.4,103.5,0.0
2019-11-05,793448.0,0,6.217242141738231,10.510343869411267,0.8468673063830174,87.19724666708794,79.33743889056768,15.769747984983857,49.6,-0.4,103.5,0.0
2019-11-06,837135.0,0,4.326970254400629,8.062466115199348,1.8438148267716787,83.99609839187193,71.24777857086481,10.328402144629734,49.6,-0.4,103.5,0.0
2019-11-07,811913.0,0,5.635050431647795,8.421783353523859,16.693048175857474,85.21233021332948,75.71087691651203,16.46806762465734,49.6,-0.4,103.5,0.0
2019-11-08,820638.5,0,3.0892366137057734,7.650721283699472,1.6114473598315653,82.64487261343433,51.924599034469125,14.498589731500836,49.6,-0.4,103.5,0.0
2019-11-09,785568.0,0,1.4668687481390252,6.223888357250112,7.063863831723378,82.43381181233063,64.10530583114851,11.53320655141798,49.6,-0.4,103.5,0.0
2019-11-10,739486.5,0,3.5469033871646283,8.101351221352667,2.615118569755912,79.31179833106677,53.293575146745006,10.616883906400869,49.6,-0.4,103.5,0.0
2019-11-11,795193.5,0,4.762329933645416,8.164747086306692,6.662048233392483,80.84259758638181,74.96057368980615,22.35320028649484,49.6,-0.4,103.5,0.0
2019-11-12,816503.5,0,4.032469676100031,7.691185851846369,3.854208146477738,80.50520754832264,61.20771548766206,22.58897391045537,49.6,-0.4,103.5,0.0
2019-11-13,855529.0,0,3.2760252787681803,7.1344325296299145,1.691189341750328,84.35953963326104,55.12610601218709,12.09591625300061,49.6,-0.4,103.5,0.0
2019-11-14,849365.5,0,3.887497006458428,6.889549518709819,10.17669807723657,82.98801964070617,73.72923583981074,17.19804473482139,49.6,-0.4,103.5,0.0
2019-11-15,835944.0,0,4.25509020395177,7.968358388518176,2.253517059437352,83.26786222283309,84.80723874311578,19.940356972763567,49.6,-0.4,103.5,0.0
2019-11-16,778801.0,0,4.347612429307547,7.837042230942082,0.5175267371822942,85.3726744269673,80.56469622683447,9.141486254050502,49.6,-0.4,103.5,0.0
2019-11-17,772202.5,0,3.292638558561172,7.320712369461303,1.2523140122456136,85.82280188606643,81.33901166780467,7.4337432436319935,49.6,-0.4,103.5,0.0
2019-11-18,855256.5,0,1.013167940878599,6.837341369957726,0.0390306555868337,82.83032349734663,36.25122034457569,11.373058854256692,49.6,-0.4,103.5,0.0
2019-11-19,897903.0,0,0.4528998197482278,5.619825998398363,0.1580447034721885,79.25519029089357,43.45889584663625,9.34467826681442,49.6,-0.4,103.5,0.0
2019-11-20,856986.0,0,3.000791598118458,6.518908348821479,0.1164539920321389,81.88418745262275,63.12880852865526,17.363878393735668,49.6,-0.4,103.5,0.0
2019-11-21,870085.5,0,3.2822807510482312,7.207795919882747,1.0218289266598295,86.10846735220203,86.10241418985422,18.43671161363816,49.6,-0.4,103.5,0.0
2019-11-22,845910.0,0,5.5140005234702265,8.65340310047309,2.424635439499849,87.13450457132853,86.23067118767256,16.374385832225457,49.6,-0.4,103.5,0.0
2019-11-23,757399.5,0,7.164755123381859,9.168236114331403,5.387930768788192,89.81541884133836,93.88180288469222,18.31941349820473,49.6,-0.4,103.5,0.0
2019-11-24,758025.0,0,7.466137343564402,9.763735038746386,0.3626494219821597,93.01568546631265,80.94570376379764,8.419617369450238,49.6,-0.4,103.5,0.0
2019-11-25,832823.5,0,7.940537246049939,10.86185962797962,3.751111284692811,92.64267319021047,87.8482041455203,13.879723326069334,49.6,-0.4,103.5,0.0
2019-11-26,824640.0,0,8.35360315449207,11.527012363756976,2.533195396326464,91.94238354508592,74.24797494903603,14.298864602544963,49.6,-0.4,103.5,0.0
2019-11-27,834903.0,0,7.655311329552906,9.664879213978352,6.882956244933416,91.78669175299582,87.90050222345761,17.305852293864234,49.6,-0.4,103.5,0.0
2019-11-28,824596.0,0,5.257444621324982,8.945866026659363,5.088328101499623,86.58997791479361,86.02557799939957,13.522748272781834,49.6,-0.4,103.5,0.0
2019-11-29,854341.5,0,1.9699924042724413,6.848817483462988,0.2887517890560054,80.72519319100222,25.638545222393702,9.806424217050573,49.6,-0.4,103.5,0.0
2019-11-30,810332.5,0,0.9568580101148512,5.710152826751517,0.0040684704096713,85.04970362401708,22.47150603293904,10.63163070995004,49.6,-0.4,103.5,0.0
2019-12-01,794128.5,0,1.5485501577418148,5.477720551480433,0.0292729916901252,81.30224475355715,29.41306063747314,11.67278416147274,48.9,0.9,104.5,0.0
2019-12-02,891242.5,0,0.2143743043242968,5.91990012697042,0.1663628457601985,83.86675296200796,47.52466019000322,8.491727298689554,48.9,0.9,104.5,0.0
2019-12-03,874563.5,0,2.465590760984085,6.797996613794289,0.0,85.8355988460051,40.07159924457026,8.065678317464899,48.9,0.9,104.5,0.0
2019-12-04,871544.5,0,2.3399564160017152,6.866375911001701,0.1330902766081588,86.48636560141664,23.799258388493588,9.837507305593755,48.9,0.9,104.5,0.0
2019-12-05,843964.5,0,2.956269290517124,8.775491312705476,2.0044660981724274,86.03791200536797,62.879102365967405,19.475123116312428,48.9,0.9,104.5,0.0
2019-12-06,789177.5,0,6.854332976239271,11.802730650841426,3.5958547209687324,85.42139145774779,85.44422778490956,23.72524726837795,48.9,0.9,104.5,0.0
2019-12-07,716291.0,0,5.797103883760596,9.270820604122504,1.8282750835425527,85.96970535928769,63.29299076071362,18.79002013172075,48.9,0.9,104.5,0.0
2019-12-08,665092.5,0,6.237966131918923,11.586465144357549,4.373137148891996,74.86083137411057,60.624384633579446,30.92005169422159,48.9,0.9,104.5,0.0
2019-12-09,811551.5,0,3.092087009283544,7.355875295573812,0.9167668063693714,74.67398661856183,34.714772423839264,24.24089778954924,48.9,0.9,104.5,0.0
2019-12-10,827812.0,0,2.6832589599096552,11.755831520406856,7.309265419935487,83.37879428320846,72.7546018632737,27.336519928627084,48.9,0.9,104.5,0.0
2019-12-11,848265.0,0,3.075703639015522,6.918297352848684,0.7251557348511429,80.4018363010989,37.61240833124134,16.990072030019505,48.9,0.9,104.5,0.0
2019-12-12,881721.0,0,2.108843711681746,7.1097370564057,10.02986053876618,89.00242223307629,79.60348007813451,18.185485905889937,48.9,0.9,104.5,0.0
2019-12-13,832502.0,0,4.430347387283632,6.713479976095925,5.825052259429287,82.59479979107907,78.72356287875677,22.730705087840462,48.9,0.9,104.5,0.0
2019-12-14,735643.0,0,3.896913661712345,6.310030712384214,4.905375016074149,75.22585553512599,57.41635296461425,25.69686571279852,48.9,0.9,104.5,0.0
2019-12-15,742696.0,0,3.960948358887647,6.582045244768433,2.221239523219188,77.69072003956639,56.22701743802509,22.856981399964447,48.9,0.9,104.5,0.0
2019-12-16,857477.0,0,4.24764650466218,6.844622222429851,1.568339150249724,85.28648660012112,58.67607902421118,13.62318798531333,48.9,0.9,104.5,0.0
2019-12-17,891634.5,0,2.808392562837941,6.01098506819005,2.4205561428579507,88.74125761386092,61.94155926081283,7.940981528803525,48.9,0.9,104.5,0.0
2019-12-18,865707.0,0,2.204587789940176,8.999127385705108,5.123950901984196,88.43160462864226,57.31400439294542,15.613306270774991,48.9,0.9,104.5,0.0
2019-12-19,812286.5,0,8.669353790266207,10.92135437655778,9.450822948858509,88.66442056283991,88.46458412884498,22.81047932870414,48.9,0.9,104.5,0.0
2019-12-20,813845.0,0,5.264866499110298,8.708969624834863,9.055347806809737,89.77926282163975,77.5538502476833,14.622281470850528,48.9,0.9,104.5,0.0
2019-12-21,747957.5,0,5.123460400669865,7.993041614038935,3.018036237035875,89.61958711439559,77.5813797042553,16.37892338353058,48.9,0.9,104.5,0.0
2019-12-22,725912.0,0,5.479290900690887,7.399440883885256,1.748170644901058,88.4131610163928,63.645727263406336,12.822960768131702,48.9,0.9,104.5,0.0
2019-12-23,746698.5,0,5.246619434071888,8.325881591846159,0.6298572901281482,84.55027351872556,52.10780811226408,18.136533479473893,48.9,0.9,104.5,0.0
2019-12-24,726719.5,0,5.784644988098367,8.808068713273794,3.831318318212362,87.34806866778672,68.58475774995334,16.776286568230987,48.9,0.9,104.5,0.0
2019-12-25,663077.5,1,2.829897686035393,6.806985321688313,0.0684527557670855,88.88501952809492,34.2476226700473,9.970748058377872,48.9,0.9,104.5,0.0
2019-12-26,660500.5,1,3.445389242158212,7.0626994669897805,3.59388102430264,89.91406181423618,91.67955119435548,15.25522104077388,48.9,0.9,104.5,0.0
2019-12-27,730753.5,0,5.138892783634684,7.963427727423718,0.3340875331840537,91.96720083455268,64.10698742392901,8.499528071551913,48.9,0.9,104.5,0.0
2019-12-28,689192.5,0,6.369855103982234,8.660279348447993,0.1203412609731432,92.29789798674187,56.84202008488135,12.197726463571366,48.9,0.9,104.5,0.0
2019-12-29,664195.5,0,5.974785128872272,8.527783584893275,0.0923900608027018,88.82816522763578,47.095927317425314,14.74768567579908,48.9,0.9,104.5,0.0
2019-12-30,723727.0,0,5.002541221743611,9.767436411521851,0.0083181422880099,86.67286560793235,17.88621785139199,11.274754283714962,48.9,0.9,104.5,0.0
2019-12-31,745122.5,0,3.911214369171661,7.312740282423129,0.0,89.08953168039844,46.26056234569738,9.768935979148722,48.9,0.9,104.5,0.0
2020-01-01,695194.0,1,3.372177526727348,6.903066035068325,0.0,88.54693127873523,29.96974185652195,8.646748801784273,47.5,-0.1,104.4,0.0
2020-01-02,741721.5,0,4.92142787814577,9.465954949596629,0.8756824444953134,87.99671985909332,72.56838877880469,21.18105143814163,47.5,-0.1,104.4,0.0
2020-01-03,765795.5,0,3.0614837633255627,9.452070495014985,2.714214057646636,77.15770164483737,58.34988533875212,19.393627158761465,47.5,-0.1,104.4,0.0
2020-01-04,713935.5,0,4.640813214316186,7.68455580268836,0.0622714550874101,83.42492858528544,54.90644168347435,15.480767355963934,47.5,-0.1,104.4,0.0
2020-01-05,705362.5,0,4.519429544694006,8.34950733497595,0.0,84.15314227202798,63.40984652966778,15.550623892174476,47.5,-0.1,104.4,0.0
2020-01-06,785959.5,0,4.226149771986795,7.9788882171007325,2.154641873462813,83.74208089926235,68.01638919445824,20.83082751262636,47.5,-0.1,104.4,0.0
2020-01-07,784032.5,0,4.430593939547426,10.687196512050756,2.0497034196325674,86.96303486351049,62.99921749929741,20.444840769405342,47.5,-0.1,104.4,0.0
2020-01-08,807016.0,0,6.191757175709703,12.14572506588865,2.7927649557828707,82.82452560049707,77.59312872486932,13.523025590293203,47.5,-0.1,104.4,0.0
2020-01-09,816967.0,0,5.396393772056624,9.925338798831302,9.798504890414248,88.32864626886699,90.47355580981876,18.956635799585403,47.5,-0.1,104.4,0.0
2020-01-10,808640.0,0,2.740874093239661,6.924710308773671,1.0835972608418454,82.1493112610764,42.88401633822127,15.202405700981709,47.5,-0.1,104.4,0.0
2020-01-11,687752.0,0,5.231571340091156,10.127954693147853,4.365939148983462,81.33238781165103,88.1628354917977,27.86564587411291,47.5,-0.1,104.4,0.0
2020-01-12,703255.0,0,4.871566862687293,9.35190000145067,3.727388923011029,82.05960716005968,65.23802249901588,18.818468965149275,47.5,-0.1,104.4,0.0
2020-01-13,791513.5,0,4.557734690585822,8.031043640795666,5.527529416617143,82.06472282755553,77.13143253380981,25.103291153082708,47.5,-0.1,104.4,0.0
2020-01-14,799771.5,0,4.655632290072826,9.997768505311784,7.11793575208214,81.58019052447585,83.82498498926383,27.59727802243816,47.5,-0.1,104.4,0.0
2020-01-15,788987.5,0,4.920360791219469,8.878344145530132,4.961731875365894,75.5245868420878,52.3275554241621,21.25362994576711,47.5,-0.1,104.4,0.0
2020-01-16,795106.5,0,4.91596212917888,9.512092002412537,4.954506902848696,84.7897441818952,73.4207383493452,24.4878544273312,47.5,-0.1,104.4,0.0
2020-01-17,815391.0,0,1.993197053838753,8.267524296861957,3.0891612741939016,81.92692559100625,78.07783773603184,15.366791549189111,47.5,-0.1,104.4,0.0
2020-01-18,757951.5,0,2.060003374034844,6.020881842639785,0.1774381873620173,77.05105623456974,21.456810801902787,14.500667492154708,47.5,-0.1,104.4,0.0
2020-01-19,775041.5,0,0.7977896936850902,6.217240005689573,0.0,79.02553481740871,9.606015583258689,9.719657521018105,47.5,-0.1,104.4,0.0
2020-01-20,863877.5,0,0.64459182292298,6.925993935711759,0.0,77.47966942695378,19.071203814325184,7.154094427242679,47.5,-0.1,104.4,5.56
2020-01-21,878614.5,0,1.0283794348980315,6.580204493312047,0.0,85.46108051729382,40.83406656148907,7.463917712398229,47.5,-0.1,104.4,5.56
2020-01-22,876796.5,0,4.34546640730016,8.756386170796853,0.0451481713948231,94.62155456888206,74.60384405160546,6.642565896025388,47.5,-0.1,104.4,5.56
2020-01-23,872133.0,0,4.791946786141144,7.86471378853524,0.0083181422880099,93.61857742417244,70.5635438977362,6.510802044164758,47.5,-0.1,104.4,5.56
2020-01-24,859038.0,0,5.371969054525239,8.520623350017667,0.0405915431774421,89.55365743471559,72.7292861214741,5.890717414838967,47.5,-0.1,104.4,5.56
2020-01-25,767836.0,0,4.381127893316325,7.735876338703186,0.0,87.08148092837408,58.75262139272094,10.43948362084036,47.5,-0.1,104.4,5.56
2020-01-26,727489.0,0,3.993692478822077,8.340276807933144,4.904375011832788,87.62789509892703,83.45027338656715,18.33812281031961,47.5,-0.1,104.4,5.56
2020-01-27,825663.5,0,3.4549812685436683,6.475766128427482,3.8890704567812495,84.7264123369319,71.34785003782804,15.139336636105089,47.5,-0.1,104.4,5.56
2020-01-28,828702.0,0,1.902369114617359,5.461186735770966,1.1873356625586506,77.16441973300806,61.913525712124816,22.67915828434047,47.5,-0.1,104.4,5.56
2020-01-29,808791.5,0,2.0367538520794604,7.060873237590817,1.4667559570862598,77.48231791214798,47.75854586966256,20.652840612782263,47.5,-0.1,104.4,5.56
2020-01-30,800263.0,0,5.32869472182684,10.736060515272715,0.5434278608115043,89.43555502780981,79.60290363697474,18.83847063280396,47.5,-0.1,104.4,5.56
2020-01-31,758763.5,0,6.793065921965317,11.85117712570342,1.4828325661793975,86.2521741594541,84.7260815721023,23.57508589067021,47.5,-0.1,104.4,8.33
2020-02-01,656480.5,0,5.796261312452224,10.264857155818326,0.9117376611379786,76.06863282620567,70.46786556060121,25.93054637788846,50.0,-0.6,103.8,8.33
2020-02-02,697388.0,0,5.258967439610984,10.639433726431854,6.567099415269742,85.12252093880906,84.9165411981395,17.383425021557187,50.0,-0.6,103.8,11.11
2020-02-03,755246.5,0,4.037526225759997,8.535658827480786,0.8877875905223614,70.85651839989241,59.21694910352343,25.456300916331067,50.0,-0.6,103.8,11.11
2020-02-04,804220.5,0,3.546511199410684,8.219555436332964,0.3648699444492117,74.78016999689459,58.99980325301463,22.76438101674195,50.0,-0.6,103.8,11.11
2020-02-05,853949.5,0,2.555673787812364,7.563372353051531,0.0083181422880099,83.3000965955011,32.264496071391605,6.702182491580587,50.0,-0.6,103.8,11.11
2020-02-06,854135.0,0,1.6585976327294534,8.620627108848614,0.0,80.78061961208618,5.983354495070061,5.23749073047086,50.0,-0.6,103.8,11.11
2020-02-07,799398.0,0,1.5738741671254306,7.29959210383643,0.0904076678061385,81.16014001353302,35.899099484914146,16.834265321585047,50.0,-0.6,103.8,11.11
2020-02-08,667406.0,0,4.2991799540162505,8.97957813008272,2.7312767636139754,76.19190245775296,73.85581098360522,23.24019765734165,50.0,-0.6,103.8,11.11
2020-02-09,687807.5,0,6.584739186307455,12.799801421237646,20.402101095832915,79.17038544029894,94.03562712483055,42.67648747052253,50.0,-0.6,103.8,11.11
2020-02-10,780110.5,0,1.9630861594127889,6.806080559092757,2.8831169326513386,69.07246385252449,70.96677131973262,34.70920280758548,50.0,-0.6,103.8,11.11
2020-02-11,794144.5,0,2.3015920754377395,4.648833954088539,1.1414538783144406,62.19805888806466,53.58472478718809,33.53959819295816,50.0,-0.6,103.8,11.11
2020-02-12,814075.0,0,1.4560807189122245,5.990567639409907,0.5575442564694306,70.29658825083493,55.64007487910887,21.8047020700801,50.0,-0.6,103.8,11.11
2020-02-13,836792.5,0,2.894069751116831,7.168763994960523,9.110164090950557,85.7431754013743,77.17008047709308,18.17241184358149,50.0,-0.6,103.8,11.11
2020-02-14,806305.5,0,2.90265471508,9.537271774726346,0.9568967033300724,86.99145416107196,63.52511492249125,16.66932396242128,50.0,-0.6,103.8,11.11
2020-02-15,703949.5,0,6.95856972271814,11.70846373474984,9.218503592188418,86.00733694295846,87.8736489569075,31.741984884643536,50.0,-0.6,103.8,11.11
2020-02-16,667160.5,0,4.769159972279928,11.854572398096034,15.674967527450224,73.87997411969593,81.25897802765074,36.13947759994925,50.0,-0.6,103.8,11.11
2020-02-17,757477.5,0,3.9710382997519846,8.016457040895835,1.360520834127308,68.83467100179023,60.30905902538646,29.5215660543696,50.0,-0.6,103.8,11.11
2020-02-18,783082.5,0,3.270685572039363,7.527086664442307,2.669165708876791,74.03349720770802,67.93593232469217,25.376702307842294,50.0,-0.6,103.8,11.11
2020-02-19,814816.0,0,2.338871702832173,6.889527466696697,3.109973291093458,80.2300534546945,73.54957456979673,21.57967186420066,50.0,-0.6,103.8,11.11
2020-02-20,782748.5,0,2.3321402297810545,9.199619187089342,6.556076283921989,77.34667622530513,77.35473538321881,28.40337164369897,50.0,-0.6,103.8,11.11
2020-02-21,768180.0,0,3.1968307061881363,9.27815653284204,4.087747746299626,77.76987265953609,79.98830182963786,28.8839054634654,50.0,-0.6,103.8,11.11
2020-02-22,665278.0,0,5.550703556032337,10.916667378682886,3.349964401750244,73.50906743434923,86.0278345888177,33.73217510423303,50.0,-0.6,103.8,11.11
2020-02-23,683626.0,0,4.0532156260903065,9.767525726016814,7.864284874574911,79.87909523556037,80.75479467624142,22.028292364022523,50.0,-0.6,103.8,11.11
2020-02-24,799057.0,0,2.903792306979267,9.867145426372524,9.82428327269209,84.42389685841643,89.37659384574569,26.05344530510643,50.0,-0.6,103.8,11.11
2020-02-25,811091.5,0,1.739185201012321,6.518262847210868,1.896630068213408,75.0025211828411,67.4276101408157,22.294001511277475,50.0,-0.6,103.8,11.11
2020-02-26,821025.0,0,1.21500557585536,5.863027662414075,0.6057454560866506,71.48921280060505,60.85216296594444,21.63796132811453,50.0,-0.6,103.8,11.11
2020-02-27,825196.0,0,1.3542614877618857,5.676390549235584,4.319270634967663,81.61094924096817,74.91468497185579,12.592966323702283,50.0,-0.6,103.8,11.11
2020-02-28,840953.5,0,1.038014105420363,8.513712986733262,8.097993921450945,87.67824931111663,88.1175814415421,18.69053729215171,50.0,-0.6,103.8,11.11
2020-02-29,677941.5,0,1.92548993579929,7.803023612219944,5.062234011998508,77.83762961358849,74.0297446312338,23.470711092442286,50.0,-0.6,103.8,11.11
2020-03-01,664511.5,0,2.812965766178217,7.092334237706625,2.026474102546072,67.99700991606035,59.94190782092548,28.250884892732863,51.7,-6.2,97.3,11.11
2020-03-02,801350.5,0,1.2817176794016556,6.247098831006649,1.9970988479106309,72.63666311764999,63.73495616274933,16.486810775471106,51.7,-6.2,97.3,11.11
2020-03-03,822571.5,0,2.037803789147471,7.330280253886748,1.5579949058773976,73.01061397967932,51.71600769002104,17.4164837860691,51.7,-6.2,97.3,11.11
2020-03-04,863780.0,0,0.6415065080946102,6.855297594299018,3.2659918094981446,82.00485493125427,80.61685907291431,11.535153782594874,51.7,-6.2,97.3,11.11
2020-03-05,873932.0,0,2.271017074497263,6.560295536316024,5.107226154259226,86.99370872201223,85.67844332273033,14.637615226762923,51.7,-6.2,97.3,11.11
2020-03-06,819999.0,0,0.6697336073786435,7.348649903530511,0.1344729701022033,78.60887450766384,51.95102735027436,10.362896410676038,51.7,-6.2,97.3,11.11
2020-03-07,696214.5,0,1.7333497312205364,10.596804603366191,0.9599291348185398,81.24744941959716,75.65924310360555,18.88658565130982,51.7,-6.2,97.3,11.11
2020-03-08,639430.0,0,4.904327978807447,9.98294302140917,3.45090052276948,75.00431122235092,75.3287593257733,26.225435010151,51.7,-6.2,97.3,11.11
2020-03-09,768508.0,0,3.932823974346271,9.224716529439116,6.026968972771434,78.26780422680693,79.36475477300841,22.988109769665723,51.7,-6.2,97.3,11.11
2020-03-10,739474.0,0,7.988312940164329,12.354026522409518,3.24061759528744,83.71023224473328,91.05278242312868,27.937507407017648,51.7,-6.2,97.3,11.11
2020-03-11,724705.0,0,5.931229437074035,10.464578381491036,2.7202815407408103,74.95194489842736,71.07823494887867,25.572369712710984,51.7,-6.2,97.3,11.11
2020-03-12,722302.5,0,2.82107499061368,8.331357160489972,1.0772750562503055,65.69825760205887,67.80875378556998,31.2416104768054,51.7,-6.2,97.3,11.11
2020-03-13,780807.0,0,3.895586944986943,8.630729789168617,0.7243587658765275,73.25966492865044,72.53975599931547,14.955131037825826,51.7,-6.2,97.3,12.96
2020-03-14,685002.5,0,4.709980713478362,10.671168217612154,1.953524644715176,83.0023223920106,91.928881919599,19.211936104668474,51.7,-6.2,97.3,12.96
2020-03-15,662345.5,0,5.116418831749194,9.55527030512487,4.345929398151848,79.6022247423157,82.63322383343467,22.10341147870135,51.7,-6.2,97.3,12.96
2020-03-16,739877.0,0,2.7332383647124514,10.496515566784993,0.4620279977890821,69.12559163937647,23.372271205523163,11.652380932037632,51.7,-6.2,97.3,16.67
2020-03-17,734587.0,0,5.462232754188561,11.613439812234256,1.125648220078292,79.22534060909412,66.41092654045683,20.315954620737337,51.7,-6.2,97.3,22.22
2020-03-18,776621.0,0,5.228258743538683,11.14391388103383,3.0931685660185946,81.98327715166793,80.99286089510213,16.119859529752116,51.7,-6.2,97.3,31.48
2020-03-19,798968.5,0,4.159396161480607,8.08491701620004,1.0194889145528905,79.33937043177565,78.93250033992372,10.812650307136137,51.7,-6.2,97.3,31.48
2020-03-20,743646.5,0,2.8025964793246474,8.627052542985904,0.1938206432782759,74.96829950119114,49.73436002076669,17.64339743364357,51.7,-6.2,97.3,37.04
2020-03-21,627086.5,0,2.617248371624029,9.158856786143604,0.0,69.8745092005609,22.835126318234,20.66148610836891,51.7,-6.2,97.3,47.22
2020-03-22,625740.5,0,1.6644213158354784,8.683274834285653,0.0,66.01705923757754,10.401215740545634,16.783668875330733,51.7,-6.2,97.3,62.04
2020-03-23,690638.5,0,1.0467332562675664,9.655614172077374,0.0,62.4089049010238,19.03351424999552,16.219986441776907,51.7,-6.2,97.3,78.24
2020-03-24,644907.5,0,2.124992009026604,12.055910643337286,0.0249544268640297,65.61261411417355,33.95449068424615,16.578880189245922,51.7,-6.2,97.3,79.63
2020-03-25,645025.5,0,3.1964653035623267,12.99378045636572,0.0,64.06664852920602,12.02140127127781,11.03625490799439,51.7,-6.2,97.3,79.63
2020-03-26,646892.0,0,1.9658965386545515,11.220156680244765,0.0249544268640297,65.5464328878714,31.014086257394418,11.066206105890478,51.7,-6.2,97.3,79.63
2020-03-27,619525.0,0,2.085995059980246,10.957332796872652,0.0,71.14059905622916,11.57097365892411,14.342765734902777,51.7,-6.2,97.3,79.63
2020-03-28,568581.0,0,2.9275314758295186,9.47372358952558,0.0619572438665591,69.69450106083245,45.82137818658505,24.03149099700056,51.7,-6.2,97.3,79.63
2020-03-29,552935.0,0,1.1865129764802296,7.037520662813132,0.2419352422580376,60.22691246429572,40.18455097736981,22.56390287684877,51.7,-6.2,97.3,79.63
2020-03-30,673730.5,0,1.1020776469361748,8.301667989685006,0.6748694443986841,74.45602292266041,72.88375494118766,16.439631438480937,51.7,-6.2,97.3,79.63
2020-03-31,686417.0,0,2.579918739176841,8.974518430135165,0.0,71.82976124016464,39.84548337275137,11.82647024997486,51.7,-6.2,97.3,79.63
2020-04-01,685552.5,0,2.041714556160438,8.824099451106184,0.1141560954284501,70.83435761732777,60.05211500781026,11.595993550300964,47.8,-17.9,80.0,79.63
2020-04-02,611213.0,0,3.2689803136838167,10.536280602047311,0.3644958024646129,77.11056807153716,72.37372689963264,17.73718266307917,47.8,-17.9,80.0,79.63
2020-04-03,635351.0,0,2.9111584630923986,8.961180527399327,0.3406210575303368,66.75617789836907,48.48903710676112,10.368104834932309,47.8,-17.9,80.0,79.63
2020-04-04,559105.0,0,3.520794848600559,12.47039471904844,0.0254153246953779,74.20700286187491,33.63005057179718,13.35274967243156,47.8,-17.9,80.0,79.63
2020-04-05,493567.5,0,6.190175731340032,16.57557705892347,0.1963983530357954,73.33748248747446,21.85362889464676,22.81872187945727,47.8,-17.9,80.0,79.63
2020-04-06,547675.5,0,7.18688692330067,14.141967464321532,1.0364120796840195,70.77667967802033,43.2620799237489,16.22619220098208,47.8,-17.9,80.0,79.63
2020-04-07,577133.5,0,4.424528882943059,15.491715204658664,0.0,67.46444010691677,10.046256748377033,9.055731691634977,47.8,-17.9,80.0,79.63
2020-04-08,579840.5,0,7.567970435980132,17.369095070208694,0.0571405555668931,73.60415420894404,64.44810933876785,6.652735639052895,47.8,-17.9,80.0,79.63
2020-04-09,562617.5,0,7.901675805471678,16.468760273010993,0.0,78.6083428159551,52.14245677313676,10.352907371218087,47.8,-17.9,80.0,79.63
2020-04-10,525385.0,1,7.8797723015159,18.84552618592807,0.0890700326449703,74.9707562491256,37.097527033463,10.344220599180396,47.8,-17.9,80.0,79.63
2020-04-11,495753.0,0,9.60171013899622,19.58237258269981,0.2351791232008938,72.41940457904904,37.54508232116386,9.091622518587618,47.8,-17.9,80.0,79.63
2020-04-12,498825.5,0,8.16155690531975,16.996184433141245,0.9469921591954344,76.68031491627058,58.00591766924697,11.18911946296233,47.8,-17.9,80.0,79.63
2020-04-13,490567.0,1,3.5050867463190505,9.737462854267513,0.290801456828213,64.44060856548751,28.6483153091806,21.879368511483275,47.8,-17.9,80.0,79.63
2020-04-14,566255.0,0,1.288226404069348,12.360566534811507,0.0,62.0018493724873,15.49520297256834,9.024199740895762,47.8,-17.9,80.0,79.63
2020-04-15,553712.5,0,3.68895446472895,15.625890378843444,0.0,64.11189483436434,21.4220155374028,8.025058954942958,47.8,-17.9,80.0,79.63
2020-04-16,550736.0,0,5.852029485954205,17.10616870260277,0.0095450118008236,69.22092989912441,22.94502740473592,9.15321963079736,47.8,-17.9,80.0,79.63
2020-04-17,550564.0,0,6.426831604865298,12.996397377215006,1.8471127230065527,78.80331127189496,62.88721572419488,18.241236068967265,47.8,-17.9,80.0,79.63
2020-04-18,563335.5,0,5.599867297592946,11.102490795628029,2.34071497451863,79.49953887473326,81.42981090099086,14.414214165217432,47.8,-17.9,80.0,79.63
2020-04-19,496123.5,0,5.513844299940326,15.2041041209081,0.0,75.394011355542,44.7377185654162,14.227745984289992,47.8,-17.9,80.0,79.63
2020-04-20,501985.0,0,5.767435689260796,13.068320502083925,0.0,68.0506737281874,8.385521668569337,22.74717685056806,47.8,-17.9,80.0,79.63
2020-04-21,499875.5,0,6.802780655894179,14.328703711671912,0.0,69.26318283175017,8.81623055519562,23.191550101927938,47.8,-17.9,80.0,79.63
2020-04-22,518529.0,0,7.07533364158001,15.66605242717826,0.0,73.6649227186816,12.76535608453614,18.4883372050624,47.8,-17.9,80.0,79.63
2020-04-23,546432.0,0,7.083874101968263,17.819332727904406,0.0,74.30998470281816,32.56078652016221,10.859081827321704,47.8,-17.9,80.0,79.63
2020-04-24,539531.0,0,7.040011157242932,17.879707651467672,0.0,67.33029362339992,30.28592063943032,7.310078489184771,47.8,-17.9,80.0,79.63
2020-04-25,511656.0,0,6.362017065522785,16.89090921356774,0.0702323209548647,65.72047914675582,14.38704041453236,8.17553659079012,47.8,-17.9,80.0,79.63
2020-04-26,506348.5,0,7.486705786374481,16.452139171284426,0.3876768878797588,72.1130075005735,47.58115233032766,9.34974512790352,47.8,-17.9,80.0,79.63
2020-04-27,576063.0,0,7.386925759431377,14.156798972188708,0.2495987194403663,71.05548473982252,66.95977148828068,8.073978049779585,47.8,-17.9,80.0,79.63
2020-04-28,635896.0,0,6.489031605283287,9.90210415238024,9.546862782262696,82.51079958540372,93.26070948717869,12.63546782170245,47.8,-17.9,80.0,79.63
2020-04-29,607444.0,0,5.62447912683986,11.37213515920109,4.53721323623604,81.55219603935394,85.87552224084597,12.93290323865546,47.8,-17.9,80.0,79.63
2020-04-30,592785.5,0,5.691054215926919,11.622805248422152,5.569653233553532,77.21559988913447,85.24135630238237,20.342058287881088,47.8,-17.9,80.0,79.63
2020-05-01,570660.5,0,6.300523205909681,13.366805487290788,3.133680531394813,74.40420099916673,64.10193377868053,17.521601137816262,32.6,13.5,90.8,79.63
2020-05-02,520072.5,0,5.776609833839387,14.24209697341268,0.1491155298666933,73.16078365570559,50.58971813132194,13.169236184651972,32.6,13.5,90.8,79.63
2020-05-03,560676.0,0,6.24641251396269,13.08882026862456,1.039347470020941,79.43833657807832,77.29269065356081,6.868862809493473,32.6,13.5,90.8,79.63
2020-05-04,557176.0,0,6.822784152252385,14.765933570669342,0.1533120709922994,72.90438637438227,56.05860180340287,12.841958861731326,32.6,13.5,90.8,79.63
2020-05-05,543021.0,0,5.37978975871932,14.00620022699282,0.0,68.86557879603815,14.735274818180768,17.662275724111275,32.6,13.5,90.8,79.63
2020-05-06,546265.0,0,4.646666156678647,16.146370721171827,0.0,68.09430335185682,6.74790330688608,10.73976811178708,32.6,13.5,90.8,79.63
2020-05-07,545361.0,0,6.88927029565864,18.07458476443471,0.0677720078168931,70.61770965056334,28.377874783413887,7.994175656101945,32.6,13.5,90.8,79.63
2020-05-08,507816.0,1,9.973516715518151,19.92640015377092,0.0924599664526643,72.55271237917341,50.71874910101549,6.833435151652693,32.6,13.5,90.8,79.63
2020-05-09,479928.5,0,10.443866039690796,20.57663074560208,0.1210129529990615,68.31582954663642,33.40405003123856,7.209818804063545,32.6,13.5,90.8,79.63
2020-05-10,482564.0,0,4.41621963829658,13.48687548698836,0.5625687976707665,68.0502627155442,68.20888255395936,24.55012631577524,32.6,13.5,90.8,79.63
2020-05-11,535270.5,0,3.507750491198988,10.344416992718871,0.1037283791920953,57.55825786883444,44.53113307822868,22.798659096223368,32.6,13.5,90.8,77.78
2020-05-12,575633.5,0,3.2469899386268657,11.67506432426239,0.2246376431644353,65.5481241620235,39.29543026658625,12.641364806622132,32.6,13.5,90.8,77.78
2020-05-13,579919.0,0,3.949665242757166,10.445762482084852,0.155149596861539,65.53538779517734,46.94692573730253,16.53747499132672,32.6,13.5,90.8,71.3
2020-05-14,567505.5,0,2.704026531629871,12.180243658302045,0.0083181422880099,63.52923929437,23.004516083247747,13.101235797888858,32.6,13.5,90.8,71.3
2020-05-15,551557.0,0,4.997876045372993,14.108390715693709,0.0,67.9885715557245,40.87967782362274,10.601159975845132,32.6,13.5,90.8,71.3
2020-05-16,504744.5,0,6.515703645777115,14.579238138752311,0.2001908305916099,68.15299414704226,57.96042021701517,11.39986528140889,32.6,13.5,90.8,71.3
2020-05-17,485465.5,0,7.492124941819567,17.010058053807036,0.4349606592085888,70.27130146094663,42.97136742028512,14.7332353066284,32.6,13.5,90.8,71.3
2020-05-18,522697.0,0,9.386308072555089,17.774918344545693,0.6298835681368172,71.66669603861632,49.22151609849207,15.147335539005908,32.6,13.5,90.8,71.3
2020-05-19,549463.5,0,11.232785752905825,20.107574760473646,0.8335334821170621,76.47294055096901,56.78427071856554,11.467574504762498,32.6,13.5,90.8,71.3
2020-05-20,538865.5,0,11.372194845625458,22.916688216682743,0.0097576638967084,69.55600247806233,16.450212824209157,8.671340376987079,32.6,13.5,90.8,71.3
2020-05-21,539867.5,0,11.728615002646857,20.907576555369207,0.1871868076282569,69.24430509450372,45.980817668361816,8.968250156930424,32.6,13.5,90.8,71.3
2020-05-22,456885.5,0,11.427721860770689,16.827359998760784,1.4328603209814197,65.73708400529223,60.68396576150657,25.453621773460085,32.6,13.5,90.8,71.3
2020-05-23,433313.5,0,10.048248237252738,15.026877823426045,1.988001072450099,66.11533153688056,61.8782170275841,28.817807420122843,32.6,13.5,90.8,71.3
2020-05-24,449203.5,0,9.70898493062237,17.49615366789367,0.0873567802425764,73.29138185505653,61.667070830635865,18.9204854350372,32.6,13.5,90.8,71.3
2020-05-25,468889.0,1,9.551556285097275,20.46583262623464,0.0,64.22252502035239,10.178499766663576,9.459865735664993,32.6,13.5,90.8,71.3
2020-05-26,533959.0,0,11.048073465444205,19.593157999493,0.0348370557541278,67.41833763042806,50.48221252350268,9.429208934817998,32.6,13.5,90.8,71.3
2020-05-27,541766.0,0,10.211550355795016,20.09993870923405,0.0332725691520397,65.9631500718327,35.13272221544697,8.853676241164134,32.6,13.5,90.8,71.3
2020-05-28,524896.5,0,10.570850490363007,21.142176182399744,0.0083181422880099,65.01236185143723,21.94407746240616,9.9920677295235,32.6,13.5,90.8,71.3
2020-05-29,502782.5,0,10.79822045325293,20.97594560261652,0.0,62.70434555587547,7.918134352358653,11.528421510446416,32.6,13.5,90.8,69.44
2020-05-30,452339.5,0,9.769071810329208,20.93211137929364,0.0,67.25029778669708,17.598837829710636,13.197004801837384,32.6,13.5,90.8,69.44
2020-05-31,449934.0,0,10.852214523090105,20.667387641996523,0.0,67.10251762685793,19.18326727359544,15.449740112030987,32.6,13.5,90.8,69.44
2020-06-01,533321.5,0,10.798685696944425,20.801204897409423,0.0,68.90147458661465,17.71925909415801,13.37910202788776,40.7,12.6,102.2,67.59
2020-06-02,542117.5,0,10.556148805079014,22.08502689208424,0.6775576309001352,64.68292104930578,29.32600105689844,8.65716210046055,40.7,12.6,102.2,67.59
2020-06-03,569618.0,0,10.09235632045426,15.50724933422898,4.105280651898692,76.87464606134756,78.64952128537143,14.840844274615089,40.7,12.6,102.2,67.59
2020-06-04,575917.0,0,8.667454443460667,14.562075848352473,2.0519223316111352,74.03128141835597,77.92313249107654,14.784298333525529,40.7,12.6,102.2,67.59
2020-06-05,516816.0,0,7.862665317872316,14.05101382094171,3.4483246432522128,67.50503572702736,68.71047517032453,22.619404551387984,40.7,12.6,102.2,67.59
2020-06-06,483999.0,0,7.177521656152595,14.264397475073697,4.539630928288021,73.93685333047789,73.5630224406203,24.0208844550734,40.7,12.6,102.2,67.59
2020-06-07,514632.5,0,7.926641911450671,14.575702133024382,1.145117091118488,79.08099682905882,77.65696078939999,14.958435458997824,40.7,12.6,102.2,67.59
2020-06-08,582023.0,0,7.98271195933996,14.951364108333996,0.1391813269269494,67.88945310454234,74.14073464153354,11.460748707490788,40.7,12.6,102.2,73.15
2020-06-09,591542.0,0,8.77650043434014,15.785502419543809,0.2024827723833926,68.75836458213725,73.39676327773992,7.217497591643556,40.7,12.6,102.2,73.15
2020-06-10,618627.5,0,10.1377502127443,14.985449175073375,5.032272583351385,77.46460737950412,80.82205823378834,9.106238147235038,40.7,12.6,102.2,73.15
2020-06-11,560725.0,0,9.93296638271255,16.43092754731947,6.003926413953567,83.35545281895725,89.06296650380654,22.09350560683575,40.7,12.6,102.2,73.15
2020-06-12,559794.5,0,11.458544535784686,17.596160761419284,5.6693723600590005,85.76984320050532,88.6945703364249,20.867273097539787,40.7,12.6,102.2,73.15
2020-06-13,504863.5,0,12.967473342112749,20.82599916672588,2.031614920093954,78.1719108556513,64.75220097531674,14.237949965565052,40.7,12.6,102.2,73.15
2020-06-14,506019.0,0,12.648333826724716,20.809052402098896,1.7150657878399025,78.9541337797132,64.72808261941158,9.96847928272531,40.7,12.6,102.2,73.15
2020-06-15,570201.0,0,12.581079781509576,20.94813719960394,3.075123933850476,77.73113305056762,68.20410498147446,6.07853308902264,40.7,12.6,102.2,71.3
2020-06-16,588619.0,0,12.757767641057278,20.951235930047265,5.3878840861363,76.69094303382592,63.99749513718535,7.264306439446002,40.7,12.6,102.2,71.3
2020-06-17,595198.0,0,13.113067847789903,20.747535322561173,5.712573919577369,78.3203882893883,66.37229706861591,7.941628398099968,40.7,12.6,102.2,71.3
2020-06-18,612974.5,0,12.725567983021763,18.009454458704987,14.45347686791462,81.44152506866705,69.28985026206705,10.16040874074799,40.7,12.6,102.2,71.3
2020-06-19,567227.5,0,11.822871883919923,17.08155429165676,3.1126300853632656,82.12462792798486,69.25592472281772,14.89749348366854,40.7,12.6,102.2,71.3
2020-06-20,487204.0,0,11.055721103595223,19.90168789950257,0.4133954807726115,75.15735227026013,49.23615566932517,15.142575131746565,40.7,12.6,102.2,71.3
2020-06-21,459309.5,0,12.03143307781069,18.739665811960347,5.621582357492054,74.66713695594072,70.05401373992554,19.75062245072581,40.7,12.6,102.2,71.3
2020-06-22,517160.5,0,10.105447624824537,19.49437496941916,0.0753241784234375,72.82436241559995,38.14193669907396,15.163117158242663,40.7,12.6,102.2,71.3
2020-06-23,538921.5,0,12.941058411187951,23.29268084925115,0.6072243870247246,72.29028742978086,29.921865568346306,12.67532675090218,40.7,12.6,102.2,71.3
2020-06-24,562947.5,0,15.219501374324484,26.25836685649121,0.0,69.33667487667469,14.56057818626541,11.18245986257001,40.7,12.6,102.2,71.3
2020-06-25,569115.5,0,16.945032122483674,26.773742672584746,0.0914995651681092,70.17855519635789,16.18753443802189,13.817870195365776,40.7,12.6,102.2,71.3
2020-06-26,581148.5,0,15.8171799596714,24.05871109533133,3.224290436907085,76.50786978721145,57.224596557267375,12.500405480430844,40.7,12.6,102.2,71.3
2020-06-27,492762.5,0,12.442117076857674,19.05055893478112,9.82675259104239,75.80457651959424,71.70657194863452,21.721432592820072,40.7,12.6,102.2,71.3
2020-06-28,421444.5,0,11.011201608201835,16.480501026040983,4.331417564565221,72.87358945489022,74.48065050334527,27.078501401739672,40.7,12.6,102.2,71.3
2020-06-29,515646.0,0,11.30923971358876,15.459574941069643,2.2125580098566813,74.54606942151992,85.08551295840833,28.39510836251678,40.7,12.6,102.2,71.3
2020-06-30,586092.0,0,11.745878455696444,17.195218911486815,1.4214569483849506,77.95866094275291,77.60148517772785,16.099923418813802,40.7,12.6,102.2,71.3
2020-07-01,595267.0,0,12.604093200935608,17.978800070517266,2.1171853505049927,80.36532336150007,77.80791159844301,13.4425222806779,50.1,4.8,107.1,71.3
2020-07-02,597840.0,0,11.630945668388373,17.968108209581843,4.713931461482647,78.90662618275627,77.30761849875918,11.918567094302585,50.1,4.8,107.1,71.3
2020-07-03,546311.0,0,11.085376666210156,17.087633148057492,5.297794011884176,81.72847847993982,82.44711736699148,19.98982561606102,50.1,4.8,107.1,71.3
2020-07-04,518861.0,0,13.881474824499785,17.584510244919645,1.5941608620440813,88.14640589682203,95.77883524309402,20.645391135404218,50.1,4.8,107.1,69.91
2020-07-05,446967.5,0,11.83653634085706,17.824196310924105,2.101735418133216,70.09990374872544,76.12508700940649,29.49883571517614,50.1,4.8,107.1,69.91
2020-07-06,535042.5,0,10.788811281852942,17.75585729129606,0.3406192764653048,65.8570972998132,53.17107137316149,20.68027715892128,50.1,4.8,107.1,64.35
2020-07-07,608726.0,0,9.568284573438152,15.78544967911939,3.735381694376494,77.48126036828798,72.58195967988406,12.843005832918829,50.1,4.8,107.1,64.35
2020-07-08,629478.5,0,11.986089083002607,16.68318888521987,7.177024712884326,84.89883473781862,93.1787284929098,11.967638171306309,50.1,4.8,107.1,64.35
2020-07-09,627196.0,0,12.539537277153268,16.721383140988554,6.010267154529935,89.1349572753387,96.2798840583523,14.573188003754035,50.1,4.8,107.1,64.35
2020-07-10,573445.0,0,11.226933333030086,17.344656537513686,1.598432123381121,70.41291260469097,61.13126593738175,15.37270330204232,50.1,4.8,107.1,64.35
2020-07-11,504841.0,0,10.014844093650272,17.94077482383592,0.1600276881081284,69.12523252195858,32.07466330648284,13.762022173598856,50.1,4.8,107.1,64.35
2020-07-12,488742.0,0,10.517358561000265,20.47149255585506,0.0083181422880099,65.31156960482055,28.15660964758824,7.496594615952589,50.1,4.8,107.1,64.35
2020-07-13,579381.0,0,12.012364817317742,19.76942285993741,3.101705247598467,71.50205040693724,71.78781868001904,14.107196111272708,50.1,4.8,107.1,64.35
2020-07-14,599686.5,0,12.691304533168564,17.876223172150894,1.1837840667489696,73.66030728612037,71.14167477955363,14.011783243494303,50.1,4.8,107.1,64.35
2020-07-15,617100.0,0,12.076556567854798,16.715078247611498,0.7659969129640388,81.58765197294674,91.82827218374123,11.67984695257468,50.1,4.8,107.1,64.35
2020-07-16,597079.5,0,13.65095243797222,19.780907071986867,0.0,77.43450482949845,76.24489851648194,13.939023048794851,50.1,4.8,107.1,64.35
2020-07-17,578567.0,0,14.210481163554572,21.3974549272219,0.155048346618429,75.69994786197203,64.46652588927854,11.720023077316478,50.1,4.8,107.1,64.35
2020-07-18,525777.0,0,13.090979106923896,20.071378432461152,1.3415487342421075,78.13581453774432,68.53709240810811,12.308870453781562,50.1,4.8,107.1,64.35
2020-07-19,498647.0,0,11.04374469368632,17.63841069743003,3.3478443504063966,69.41483066881497,52.36920789660615,13.143169952145136,50.1,4.8,107.1,64.35
2020-07-20,559364.5,0,9.913963110347474,18.19384514022192,0.160968760457418,66.41015997559926,32.62626383391167,12.07146839238089,50.1,4.8,107.1,64.35
2020-07-21,582386.0,0,9.933190391211012,18.902038472725824,0.1237567489917235,63.78556900586636,34.562979550607324,9.409121333464794,50.1,4.8,107.1,64.35
2020-07-22,583059.5,0,11.71645799673919,19.881895303373003,1.4355653592163833,66.7112868073455,56.10704177791536,9.260048787351346,50.1,4.8,107.1,64.35
2020-07-23,585915.0,0,12.45985932751902,19.00493829862096,2.4941265177624583,77.52925911813092,73.80799799315923,14.051424480138005,50.1,4.8,107.1,64.35
2020-07-24,581970.5,0,13.572067623182084,21.633400357110453,1.0486141900263308,74.78517034849742,61.06136534324673,10.228404870781045,50.1,4.8,107.1,64.35
2020-07-25,524789.5,0,14.332615600494604,20.33466731364865,6.7028233630368055,80.0482171800273,85.56571595187614,18.00421886513917,50.1,4.8,107.1,64.35
2020-07-26,484572.5,0,12.569522452053546,19.596542514806043,0.6320180585549026,72.25869997251105,63.155965467561686,18.8329367454216,50.1,4.8,107.1,64.35
2020-07-27,567467.0,0,12.997713797878532,18.666944112238507,10.920343014377112,79.59163269171144,84.6876111513665,22.76572279337876,50.1,4.8,107.1,64.35
2020-07-28,522473.0,0,11.726043891589292,17.306511441598648,0.5006470429464415,69.13890891925404,50.98376142002302,20.977937275899297,50.1,4.8,107.1,64.35
2020-07-29,564651.0,0,10.698780887878284,19.024372438124665,0.0263371203580742,68.64657916263943,33.06960529693351,13.34861778596436,50.1,4.8,107.1,64.35
2020-07-30,578483.0,0,12.185068362162715,23.28156187078768,1.5654298258533317,65.01496002423355,33.02414716951117,7.851688578735307,50.1,4.8,107.1,64.35
2020-07-31,568334.5,0,15.979516568853054,28.357166037551675,0.1084535232078766,64.82573813850644,22.724354046592047,14.386213394887596,50.1,4.8,107.1,64.35
2020-08-01,531828.0,0,14.587133174366237,21.19773663669519,0.8055453098641313,70.84597441806659,54.71200442749102,14.944654379950869,53.3,1.4,108.6,69.91
2020-08-02,502794.5,0,12.487817668853571,19.324378658790103,0.8265740788436152,66.84730216439817,46.85761330155303,16.482512907266106,53.3,1.4,108.6,69.91
2020-08-03,576094.0,0,11.522526477168311,18.616923354148383,0.2939895862864078,65.23591921334891,47.3408631148716,11.596794030693696,53.3,1.4,108.6,69.91
2020-08-04,571489.0,0,10.814436504831834,19.264753134858864,3.702693904657606,68.84755865927694,51.97734070363348,14.748565174624895,53.3,1.4,108.6,69.91
2020-08-05,572439.5,0,14.79403876150731,22.052120109739423,3.127034050029395,73.24781085747078,65.44522392121245,19.471897314024847,53.3,1.4,108.6,69.91
2020-08-06,630244.0,0,16.08276727531657,24.413301995604225,0.07721820047459,72.4426497981726,55.23863878747183,11.349082799147007,53.3,1.4,108.6,69.91
2020-08-07,609325.0,0,17.198829694285028,28.465536714342864,0.2286583121859394,63.6811908806274,27.730735776251763,9.904646280791988,53.3,1.4,108.6,69.91
2020-08-08,541108.0,0,17.34937737408746,25.976939725808805,0.0,66.20371898672491,33.88911198218185,11.743772803471968,53.3,1.4,108.6,69.91
2020-08-09,522810.5,0,15.86252051221402,25.04948367247434,0.2169875708399792,74.91054709215854,55.30208143035473,14.42467889810132,53.3,1.4,108.6,69.91
2020-08-10,620792.5,0,16.720730816316042,27.061706650014298,2.345558885913241,75.4363427994814,55.92966494278832,11.42657351179185,53.3,1.4,108.6,69.91
2020-08-11,645127.5,0,18.37441625939339,28.93186083154315,2.887919569131632,72.35628796788072,52.4542182381551,9.793775643340974,53.3,1.4,108.6,69.91
2020-08-12,651024.0,0,19.504892289054897,29.25015052227773,2.848278466183061,71.61439717694891,50.4309337249566,7.339591120946702,53.3,1.4,108.6,69.91
2020-08-13,644175.5,0,17.99431883283105,24.866159724436816,5.61522117078087,77.76038473094638,68.59741374604785,12.31029284704613,53.3,1.4,108.6,66.2
2020-08-14,633375.5,0,16.846270960015875,23.49223938177896,3.025488890825846,78.04889773435005,61.01609569522575,12.164807233748755,53.3,1.4,108.6,66.2
2020-08-15,578991.5,0,16.011472502199975,21.49721677470053,7.24155288032792,81.86986715191135,76.38561373380323,12.775331508604802,53.3,1.4,108.6,66.2
2020-08-16,569598.0,0,15.517502367786886,20.463705321545707,7.7141303337596,81.48045950371383,87.33661577420607,10.859710040768716,53.3,1.4,108.6,66.2
2020-08-17,629978.5,0,15.434497161237436,20.872766369263125,8.051695526271985,79.82679797208765,79.02503979197407,10.143329633307754,53.3,1.4,108.6,66.2
2020-08-18,621885.5,0,15.22791290343044,21.72377175050755,3.729552257769624,76.30810212168949,57.28277614529704,13.424381925868849,53.3,1.4,108.6,66.2
2020-08-19,642518.5,0,14.16730879260326,19.662758271333622,8.438299052774601,85.3916240983416,71.1104778350068,15.064860487439542,53.3,1.4,108.6,66.2
2020-08-20,556945.5,0,15.957568469118822,21.42868329780833,2.5259906993675325,71.58907410496795,44.94292637805565,20.50221079499367,53.3,1.4,108.6,66.2
2020-08-21,540112.5,0,15.873723534203457,20.414347553004127,2.2105538552881434,71.57769054844879,66.60083671023673,30.378700635147155,53.3,1.4,108.6,66.2
2020-08-22,486521.0,0,14.005244644879912,19.923480897516622,2.589256045601658,72.11089975840214,63.64290569680182,24.600519699101746,53.3,1.4,108.6,66.2
2020-08-23,529706.5,0,13.371535974501665,18.408397443478616,2.273362283810362,75.56572391211503,72.1276408476677,16.775969895175642,53.3,1.4,108.6,66.2
2020-08-24,609458.5,0,12.34115188098908,18.86609272319833,0.8991527678027208,76.96350482494974,62.02914304924234,10.4730395775701,53.3,1.4,108.6,66.2
2020-08-25,587361.5,0,14.106109815275742,18.694785554852626,19.6020275927082,80.48101690484275,90.6621708886872,30.06854326583461,53.3,1.4,108.6,66.2
2020-08-26,598002.5,0,13.43325012373715,18.3775511950931,1.606903895206129,72.66457915292732,72.80201333804104,21.103963362985173,53.3,1.4,108.6,66.2
2020-08-27,656743.5,0,12.187262130236146,17.588200261292535,11.159979287396956,78.90632341706808,75.79796564877238,9.226678298040689,53.3,1.4,108.6,66.2
2020-08-28,593498.0,0,10.468584394759986,16.159656744049613,10.585741730756322,80.82177799649823,80.07404299180568,15.224844922867437,53.3,1.4,108.6,66.2
2020-08-29,521314.0,0,10.12828731741548,15.08298318527084,1.3339698768578705,72.28446336249343,67.80068327125372,20.65774917576183,53.3,1.4,108.6,66.2
2020-08-30,535598.5,0,9.41700630352569,15.173710853143366,0.0975766389670843,69.66905491249392,62.19841617677902,14.41459118548918,53.3,1.4,108.6,66.2
2020-08-31,565215.0,1,9.725175364984636,16.42645178775286,0.0390306555868337,65.67919699445967,43.44272474428271,6.33310818253547,53.3,1.4,108.6,66.2
2020-09-01,614174.5,0,10.778199115509889,17.987655390624596,0.0,65.34312369977643,47.47351616229692,5.105037365176911,55.2,1.4,110.1,64.35
2020-09-02,611797.0,0,11.240019274227832,18.67639167104531,7.7257386195015645,71.36723334244714,50.67652910042048,12.040427702098478,55.2,1.4,110.1,64.35
2020-09-03,610721.5,0,13.696454500380986,18.92283822348121,2.518661645958572,79.29148231081247,74.68237750944226,19.73262657886267,55.2,1.4,110.1,64.35
2020-09-04,598722.0,0,11.546754140369194,16.94167323975453,0.693618049051791,73.06469141688318,60.6169351562014,16.435282136068327,55.2,1.4,110.1,64.35
2020-09-05,530682.0,0,10.289533696582494,15.85745626355853,0.6527348614697147,72.33502317320816,57.371378951874426,17.248422796993133,55.2,1.4,110.1,64.35
2020-09-06,562511.0,0,10.041351074441696,17.176291876081393,0.7053270072280199,75.17597571014551,59.082792462250026,8.341705286631298,55.2,1.4,110.1,64.35
2020-09-07,623431.0,0,10.821481930933894,18.05126628959927,1.75267729111657,78.17620291503333,56.88145008321677,12.971761298437285,55.2,1.4,110.1,64.35
2020-09-08,627888.5,0,14.92590150166372,21.56763140356653,0.2550282493203369,82.38559833581218,74.21029744800273,13.288495807443605,55.2,1.4,110.1,64.35
2020-09-09,615703.5,0,12.470494529379613,19.49680311888921,0.0672873399131418,78.5032046569426,59.16106201819041,16.135846486270648,55.2,1.4,110.1,64.35
2020-09-10,639108.5,0,10.17315239167375,16.87393783059579,0.008779040119358,68.66757877993327,37.5328092156331,8.177731972425487,55.2,1.4,110.1,64.35
2020-09-11,604367.5,0,10.15710353584591,17.716419686168656,0.8899672483808444,72.83913454438789,45.35987720578527,14.675202291491532,55.2,1.4,110.1,64.35
2020-09-12,523272.5,0,11.23018504451218,16.99414037288095,1.0506655466600312,71.7958851681141,41.37463571918392,15.6052603748037,55.2,1.4,110.1,64.35
2020-09-13,502210.5,0,13.492120300908097,22.19290443361333,0.540498047251978,76.34820068788758,18.18459031754653,15.604111288196544,55.2,1.4,110.1,64.35
2020-09-14,621827.5,0,13.269784359280065,24.65476569974249,0.0415907114400496,67.85619896073088,14.804672457376762,8.019873612306,55.2,1.4,110.1,65.74
2020-09-15,658002.0,0,15.116126377490142,24.782723036058467,0.3345869905354911,66.27475806406007,33.75666001530825,6.853982141772653,55.2,1.4,110.1,65.74
2020-09-16,639641.5,0,13.573576119185,20.87807747752754,0.0384414580674285,73.92604489353442,43.89601735110788,12.8719668416403,55.2,1.4,110.1,65.74
2020-09-17,625241.0,0,11.466056035410093,19.187409932509468,0.0,70.8609537896761,11.895569994902988,14.607362046908737,55.2,1.4,110.1,65.74
2020-09-18,600879.5,0,10.566300506947352,18.16247491449044,0.0,71.10040810208481,14.14442172276043,16.674695633043683,55.2,1.4,110.1,65.74
2020-09-19,539331.5,0,11.562160322161624,18.960550270107195,0.0,73.33929273492663,25.61419784826445,19.776602396087227,55.2,1.4,110.1,65.74
2020-09-20,556754.0,0,12.147607324304929,19.8067705950128,0.0,75.79685287499241,30.59507603288249,14.66614387772188,55.2,1.4,110.1,65.74
2020-09-21,641467.5,0,10.556880655304075,21.27207203665816,0.0,73.46133862573453,15.299140229658116,6.270057251021553,55.2,1.4,110.1,65.74
2020-09-22,642240.0,0,11.95377141980419,20.82002963298812,0.2048317051827486,75.02104647205901,41.83363196010709,13.043464256621874,55.2,1.4,110.1,65.74
2020-09-23,680820.5,0,9.13271866561071,15.6613897403032,6.548306654341718,76.86589597621297,77.32344986180533,13.459733331382717,55.2,1.4,110.1,65.74
2020-09-24,662766.0,0,7.570517881462639,12.80466697126618,4.528470645712449,71.44407432748582,70.1645048829765,15.352813461913422,55.2,1.4,110.1,67.59
2020-09-25,605563.0,0,7.193737507957166,12.258705566192427,4.871349234673743,68.00230382836472,55.34302104650279,24.097944377415885,55.2,1.4,110.1,67.59
2020-09-26,569925.0,0,6.319024276331303,11.47118328981736,1.7018421529501813,66.62722610078117,53.62412342095292,24.0856901582434,55.2,1.4,110.1,67.59
2020-09-27,595761.0,0,7.719151123813617,13.425948725243044,0.0,73.39762803936674,57.98832661702264,17.81830044781415,55.2,1.4,110.1,67.59
2020-09-28,700165.5,0,7.120276228280227,16.580260122780693,0.1379708327626958,73.19921519728238,46.91854158465674,8.897966395621046,55.2,1.4,110.1,67.59
2020-09-29,688632.0,0,10.062748888086787,16.090129343739466,1.331374768292506,75.67074561805754,56.17745986441408,7.348867058232559,55.2,1.4,110.1,67.59
2020-09-30,685678.5,0,9.129169597714728,14.507894682167024,10.614074851816618,82.96875188248893,80.90328551022611,16.862973861648957,55.2,1.4,110.1,67.59
2020-10-01,694440.0,0,8.372475236588135,13.30900878982486,3.28163172111552,74.54297216633321,64.31866351461697,11.204373693322175,54.1,0.9,111.2,67.59
2020-10-02,689902.0,0,8.163823037804189,13.913830229680244,9.723325154981856,76.59488672364927,65.75421238015691,18.92662062780037,54.1,0.9,111.2,67.59
2020-10-03,646438.0,0,10.192371604727608,13.64667722110335,23.19424497933289,88.76360991854371,93.88309677695769,17.80707669539565,54.1,0.9,111.2,67.59
2020-10-04,634998.0,0,9.166141757040478,12.889865700012958,15.694276740378683,84.51860241747845,88.53812186062316,19.017412730579537,54.1,0.9,111.2,67.59
2020-10-05,703546.0,0,9.17331924934517,14.50976630644178,3.214838885687036,82.85903491108752,75.14709040052972,15.58433419762882,54.1,0.9,111.2,67.59
2020-10-06,687758.0,0,9.81819410639895,13.968492790543802,3.596993181117994,80.44350875097643,72.51315186672826,19.720835912983464,54.1,0.9,111.2,67.59
2020-10-07,674556.0,0,9.372039129215024,13.58523703931731,3.037063580671581,75.8790241312644,64.54920156037893,19.052138273836643,54.1,0.9,111.2,67.59
2020-10-08,704459.0,0,8.72678652962844,14.682516490910327,9.528078816015585,83.28988494596504,80.88441949819638,16.849304348884424,54.1,0.9,111.2,67.59
2020-10-09,679715.5,0,7.147325335147571,11.75373848469999,1.879072375229556,76.35681896806291,55.03355391288462,15.456515550803044,54.1,0.9,111.2,67.59
2020-10-10,631001.5,0,6.789934397796556,12.283791782648477,2.627159159474996,77.34445404317437,62.00180519162477,18.65695883775841,54.1,0.9,111.2,67.59
2020-10-11,628865.0,0,6.8503206777624,12.896357505331208,0.2361317517270952,75.96398989240215,51.58637947190238,13.101278196149629,54.1,0.9,111.2,67.59
2020-10-12,748188.5,0,6.390918172678297,10.962924634179386,5.089975122563091,84.09626152452036,80.96560537524505,9.964208599197116,54.1,0.9,111.2,60.19
2020-10-13,724534.5,0,6.391141889198884,10.767921402137992,2.375342231876411,81.91709744672418,71.3522727496251,13.850246730523969,54.1,0.9,111.2,60.19
2020-10-14,713215.5,0,7.903712366510789,13.584692961599808,0.6597806456288515,79.20599546137299,64.63275413323879,16.540402253921663,54.1,0.9,111.2,60.19
2020-10-15,733688.0,0,6.658974975713588,11.506488455256328,0.2842335420985378,74.92982960294205,56.31981558247188,13.543181084185765,54.1,0.9,111.2,60.19
2020-10-16,741524.5,0,5.959336364411991,11.514034700248752,0.0604464596791464,76.80988125044719,66.23886553134194,9.552699025027485,54.1,0.9,111.2,60.19
2020-10-17,678365.0,0,7.635431370569958,10.92022365382218,0.0700282622288324,78.33868740332458,78.8979394721876,8.546744812444478,54.1,0.9,111.2,60.19
2020-10-18,676541.5,0,8.005135552725795,11.346144426025592,0.0179321254095988,73.92124706700542,78.81664625485206,5.627410799837427,54.1,0.9,111.2,60.19
2020-10-19,701119.5,0,7.722108521598617,12.797786297521396,3.370194666566185,77.59321029426698,70.65718184738519,17.017406015088433,54.1,0.9,111.2,65.74
2020-10-20,696114.5,0,10.940719455610637,15.990167552886106,2.953529920294343,81.8062435903173,78.89175124702213,21.251404152331062,54.1,0.9,111.2,65.74
2020-10-21,741764.5,0,11.318795027598364,14.7993755791919,9.82157611531245,89.07412386967681,84.86477161552156,14.562027902512092,54.1,0.9,111.2,65.74
2020-10-22,710358.5,0,8.204858683938316,13.441320376810047,0.4019874426770597,80.32422513989735,63.307443819154194,15.775854179733956,54.1,0.9,111.2,67.59
2020-10-23,713209.0,0,6.805203995412936,12.408671749007706,1.47577569915485,82.2417538686761,59.57230756752557,13.884061886769627,54.1,0.9,111.2,75.0
2020-10-24,634937.0,0,7.011758548313057,14.15951874608596,11.257366434260476,79.9830700010499,85.32718819283276,25.331865647641347,54.1,0.9,111.2,75.0
2020-10-25,631092.5,0,7.379996801766571,11.823620530556376,0.9964581501044112,76.97700156364908,64.8061307792871,19.91035140551387,54.1,0.9,111.2,75.0
2020-10-26,700632.0,0,6.937042209427923,11.428476254761083,1.7075357537663916,80.14753219378774,61.26648832863013,19.153890841828147,54.1,0.9,111.2,75.0
2020-10-27,740053.5,0,6.649957992067545,11.890488058535231,3.705100310996391,83.72686814512788,64.46164501809525,19.02463362001668,54.1,0.9,111.2,75.0
2020-10-28,716829.0,0,6.501750929841959,10.781104879312943,1.803236542463172,75.88364071636987,65.08549602369163,22.08769452488008,54.1,0.9,111.2,75.0
2020-10-29,732732.0,0,7.155568961608659,12.77248334127923,6.423137068982263,84.45829700001647,83.48866575700704,20.94655575523427,54.1,0.9,111.2,75.0
2020-10-30,708321.5,0,11.32248501323674,15.286074373464658,0.7261756765711299,85.04300316208965,88.37805751546131,20.688682802367985,54.1,0.9,111.2,75.0
2020-10-31,605297.5,0,8.96035888629435,14.968942298164608,6.84091014636021,80.16896608975117,84.09355810138406,28.33809514925786,54.1,0.9,111.2,75.0
2020-11-01,598773.0,0,8.670557061819892,14.044076349816786,4.379896195411509,79.30005750120048,88.23239766820937,28.89604450505017,53.7,-4.5,106.1,75.0
2020-11-02,676025.5,0,7.045050849022482,16.191223040607177,3.035361125303626,73.37055174782259,79.45391822320583,32.208736749429384,53.7,-4.5,106.1,75.0
2020-11-03,757652.0,0,5.164143890753313,8.675458817104813,4.573357171124114,74.29776439918083,54.62721900110866,17.327144396151645,53.7,-4.5,106.1,75.0
2020-11-04,782678.0,0,3.9837714855760473,10.474368230569825,0.0,80.04496145769124,18.91340467961237,9.005407737573483,53.7,-4.5,106.1,75.0
2020-11-05,780694.5,0,4.697486795838498,10.259381587174513,0.0,82.98394387545981,27.777317419166387,6.972489291480959,53.7,-4.5,106.1,75.0
2020-11-06,759646.5,0,4.493460156637831,10.63553148824626,0.0,80.50092555449365,25.12916401940061,9.413198466396974,53.7,-4.5,106.1,72.22
2020-11-07,699353.0,0,5.074026180027041,11.819387973191636,0.0286026565929587,85.59566572061738,35.57712554052788,7.9166172967938495,53.7,-4.5,106.1,72.22
2020-11-08,693033.0,0,7.716376365872495,11.882779397008523,2.1286766437862563,94.94255822469091,82.24246772384376,6.865171901819704,53.7,-4.5,106.1,72.22
2020-11-09,752089.5,0,10.144218767403418,13.591074983237396,2.9057173478377285,93.05612850493314,81.02528320931752,9.408234873271768,53.7,-4.5,106.1,66.67
2020-11-10,742183.0,0,9.328702758902006,13.6361583493747,0.2211798490886233,90.55376039533436,68.59681683570238,8.802034452651515,53.7,-4.5,106.1,64.81
2020-11-11,701445.0,0,8.842402837139783,12.47558195185795,4.31701884013357,86.40783970427006,85.70507513174657,19.65012987483185,53.7,-4.5,106.1,64.81
2020-11-12,692969.5,0,7.412548877096125,11.252486406739562,2.6344571218505424,79.79373954565538,60.82406230844715,20.01471107467773,53.7,-4.5,106.1,64.81
2020-11-13,691772.5,0,8.022799384277059,11.513134317321308,1.908151782515701,76.81701637522562,75.252053326716,17.795648097447586,53.7,-4.5,106.1,64.81
2020-11-14,642602.5,0,8.00750851837764,13.144668275024223,5.897201471986475,84.81358495904564,89.16440143060552,22.643494493235824,53.7,-4.5,106.1,64.81
2020-11-15,620459.0,0,6.726145284747887,11.47311157316695,7.92000176293167,77.79649721520724,77.76970653949299,24.189746170418204,53.7,-4.5,106.1,64.81
2020-11-16,704496.0,0,7.61548158277333,10.635705845138869,1.7601751584487086,79.53811623620727,81.19545224791,22.31777123023372,53.7,-4.5,106.1,64.81
2020-11-17,695484.5,0,10.952108206262514,13.419437572548818,0.187043589407559,83.04891520692073,77.34148813192925,22.489266432330343,53.7,-4.5,106.1,64.81
2020-11-18,685618.5,0,7.231172344642569,14.26759500160926,1.6879484242292215,78.45013297594421,70.47241582062748,26.28960609172801,53.7,-4.5,106.1,64.81
2020-11-19,750600.5,0,3.436865870159222,8.764326124901618,1.826438716364456,70.15429274168822,54.52675875792244,17.938215576300397,53.7,-4.5,106.1,64.81
2020-11-20,760676.5,0,2.969110016402395,9.40786822589818,2.009197911577544,80.91559603502652,79.28779672020947,16.611133678781066,53.7,-4.5,106.1,67.59
2020-11-21,642076.5,0,8.486546935043712,11.183030202928926,0.8086638394807687,82.04631150191206,78.30872455704805,20.841136851812195,53.7,-4.5,106.1,67.59
2020-11-22,670535.0,0,5.006448438920319,9.53924891058445,0.1952570115259341,77.86892109749749,53.89514648868023,11.540205337896468,53.7,-4.5,106.1,67.59
2020-11-23,757336.5,0,4.0793800246318686,9.3281537329279,0.6155425293127345,85.49430593970283,62.949017881708514,12.043414466710711,53.7,-4.5,106.1,67.59
2020-11-24,732441.0,0,8.610920796176332,11.43183132641061,1.891489419705347,84.24391725568337,77.5198844308546,21.00639563702688,53.7,-4.5,106.1,67.59
2020-11-25,795163.0,0,5.069345836174227,10.641174590720784,2.230810737729122,88.13096898051653,85.7633369653332,11.128386497689132,53.7,-4.5,106.1,67.59
2020-11-26,809021.5,0,3.757449108563889,7.950786560731767,0.0228175852556951,84.90302480471905,42.45042197257055,6.034539476515021,53.7,-4.5,106.1,67.59
2020-11-27,815249.0,0,2.441150968174043,6.95527310811246,0.0,87.57112869917526,50.96057030900971,6.74555247008364,53.7,-4.5,106.1,67.59
2020-11-28,741700.5,0,4.052793349248074,8.702178957111585,1.546065985401352,91.43100496755788,63.12936888029744,9.418965244552062,53.7,-4.5,106.1,67.59
2020-11-29,741404.5,0,5.5044677378587,8.92390153006241,0.1148756118934205,89.93345576836406,46.90538432402143,5.331410377299341,53.7,-4.5,106.1,67.59
2020-11-30,775592.0,0,4.416708347788799,9.474512221763527,1.2722326045114822,88.82887630133001,83.50440274973083,14.686031996718048,53.7,-4.5,106.1,67.59
2020-12-01,822664.0,0,3.096111724503693,6.910711614006972,0.0097576638967084,75.51132118082491,35.61729914503961,12.239783002658658,55.6,1.0,107.1,67.59
2020-12-02,834804.0,0,2.88160762833073,6.8642562131047535,0.4399015887038617,82.6185133734472,73.5992960505659,11.225704628666843,55.6,1.0,107.1,67.59
2020-12-03,862666.0,0,2.36602708964569,5.070115397646818,9.73542684491291,85.67135179485868,89.74024644838114,11.280318029676756,55.6,1.0,107.1,63.89
2020-12-04,825518.5,0,1.1065356419542332,4.75272186384414,12.717244635843963,83.68185139604763,78.99120723999401,15.36425924045429,55.6,1.0,107.1,63.89
2020-12-05,771707.0,0,2.60526063604706,5.413296786104263,1.904806705729823,85.2908491337416,68.25169525427154,14.00214906472418,55.6,1.0,107.1,63.89
2020-12-06,791405.5,0,1.8839650269517088,5.587483916629314,2.335774043486631,86.88981136139387,71.86774146078436,7.292701318436848,55.6,1.0,107.1,63.89
2020-12-07,876802.0,0,1.514306039897332,4.617238551947105,0.5553219544740723,86.68004077978131,57.652502256527946,7.522167743931839,55.6,1.0,107.1,63.89
2020-12-08,874219.0,0,1.5599599615351425,5.209194632205,4.455829247589615,88.6926606167212,70.827382834504,10.068342216017404,55.6,1.0,107.1,67.59
2020-12-09,873470.5,0,3.2918618666815505,5.847437657499012,1.7332652989029746,85.87017213048448,80.7938248800309,11.201677170084055,55.6,1.0,107.1,67.59
2020-12-10,846339.0,0,4.061417284573807,6.404513154248653,2.7499864476164646,88.19421277109991,94.7333591513488,15.85119714923868,55.6,1.0,107.1,67.59
2020-12-11,823539.0,0,5.776494779189735,8.71449547514205,5.556765989446014,92.81184624617264,86.02292118515233,10.967556202359969,55.6,1.0,107.1,67.59
2020-12-12,758549.5,0,4.046805774351139,7.519629764679356,1.9753908062375816,87.49456815120102,66.86167054925525,12.49547958318591,55.6,1.0,107.1,67.59
2020-12-13,732666.5,0,2.8134181013742263,8.62568401195548,7.330667997430103,88.34727782266383,74.46780237044234,19.05040841250339,55.6,1.0,107.1,67.59
2020-12-14,769081.5,0,7.079683282072264,10.35905175360067,2.7681617014651017,81.571395136669,78.18983153552824,21.80797265255321,55.6,1.0,107.1,73.15
2020-12-15,802187.5,0,6.016868560658495,8.835795009034717,0.0748632805920893,85.95906943516604,56.76235636532665,14.419951161629362,55.6,1.0,107.1,73.15
2020-12-16,791638.5,0,5.193294055035432,9.245789755891744,5.213900219850118,85.34800417141105,84.39511221969816,20.86684657933475,55.6,1.0,107.1,73.15
2020-12-17,781480.0,0,5.853860786547823,8.874274819164272,0.9648091408252928,84.83415456976722,53.92357594399827,16.840395243379234,55.6,1.0,107.1,73.15
2020-12-18,731625.5,0,9.06095359297522,12.486024417587124,7.58129504296562,85.80176174531711,93.134101027172,27.20517094659104,55.6,1.0,107.1,73.15
2020-12-19,654157.0,0,7.146412535476848,11.200924866040552,3.3236255571859874,79.39431596530098,68.61828025216562,24.075555775273173,55.6,1.0,107.1,76.85
2020-12-20,673333.5,0,5.591342573275382,8.47558195185795,0.2722027582258465,80.42431753706398,46.24357293693352,17.24817220314087,55.6,1.0,107.1,76.85
2020-12-21,771964.0,0,5.153433957924205,11.20435276311878,6.83655526870693,87.86102738346763,85.94215405047689,19.00975209172949,55.6,1.0,107.1,76.85
2020-12-22,787271.0,0,5.191982136978069,9.838863066434005,2.7255207824933265,86.08685920691678,78.98956905971322,9.99537829759811,55.6,1.0,107.1,76.85
2020-12-23,750723.0,0,4.178590556415165,8.083347297047101,15.43164482631189,89.8254727613534,92.70096236214648,17.225180405444778,55.6,1.0,107.1,76.85
2020-12-24,706209.0,0,0.136867456060096,5.578552175155252,1.9082743117989305,72.20473686769579,47.98505167024867,23.467987330741963,55.6,1.0,107.1,79.63
2020-12-25,693158.5,1,-0.221877782241795,3.7706653179952543,0.249803910733205,77.4188648656324,55.63806009347226,13.094781058393362,55.6,1.0,107.1,75.46
2020-12-26,607362.0,0,2.437583336632171,7.665890932679368,5.958588168036155,85.84109871028149,90.0664401338402,24.278711229333805,55.6,1.0,107.1,79.63
2020-12-27,652633.0,0,1.2086281643947303,7.807693506338317,9.878267524389065,79.78150290662437,71.2285937036293,21.316017810896195,55.6,1.0,107.1,79.63
2020-12-28,751851.0,1,-0.5785242989519039,3.4479156344992696,1.658950686227914,85.79072259975132,61.057330454902754,13.652527873744589,55.6,1.0,107.1,79.63
2020-12-29,774505.0,0,-0.1373598997956523,3.995422032810199,1.1333869614729355,85.24490905841992,62.52311908468194,10.53191974345779,55.6,1.0,107.1,79.63
2020-12-30,793839.5,0,-1.017434167902399,3.124824459828639,0.0620425767053536,83.08751199260699,43.562192009444594,9.57835682659022,55.6,1.0,107.1,79.63
2020-12-31,793905.0,0,-2.155894732079873,2.1932354596862766,0.543250084704318,83.61225362906983,57.08744723498797,9.479826941333224,55.6,1.0,107.1,79.63
2021-01-01,733884.5,1,-0.9252977375218492,3.560708961618494,0.5187895768324716,88.91683560404014,70.02556071123597,9.891076470787828,57.5,-7.5,99.1,79.63
2021-01-02,751983.0,0,-0.6875174264689069,3.2704217316119712,0.8582995402239784,86.15563674657722,64.85873964462051,10.241783573582971,57.5,-7.5,99.1,79.63
2021-01-03,752837.0,0,0.3236476383968976,3.885385668349033,0.2066857047509902,86.70296058188056,70.08708061834889,13.514229726101396,57.5,-7.5,99.1,79.63
2021-01-04,842042.5,0,0.973044787070064,3.709395820327512,1.1067710775446518,83.61757048468819,78.95052934359194,19.18903647977706,57.5,-7.5,99.1,79.63
2021-01-05,862503.5,0,0.3740470764224732,2.859247378776319,1.0677935911286918,88.51733128411992,84.08445695127399,17.542505677893942,57.5,-7.5,99.1,87.96
2021-01-06,892954.5,0,-0.7922986502139491,2.812181513608382,0.4342343319755234,88.16890354501709,66.49107025626928,11.55771010297537,57.5,-7.5,99.1,87.96
2021-01-07,900464.5,0,-1.6475136147745968,2.3329408792136097,0.2917184118051019,87.92103404609537,65.15577574341255,8.973467740071584,57.5,-7.5,99.1,87.96
2021-01-08,890834.5,0,-1.736062128834653,2.2132574428540903,2.650923965519319,87.3762759894116,78.87141432729896,11.307241401651156,57.5,-7.5,99.1,87.96
2021-01-09,819016.5,0,-1.191615796949612,3.1628014994262483,0.0332725691520397,83.86571393569209,25.91524023693605,8.517099100240983,57.5,-7.5,99.1,87.96
2021-01-10,790533.5,0,-0.2342517891789434,4.268615710155347,0.2037038853219096,89.88975497892964,60.48537721021104,11.118726594131576,57.5,-7.5,99.1,87.96
2021-01-11,801419.0,0,2.63209584607074,6.749605307383241,4.133779624075106,88.92177090604606,87.66865301263385,20.479194102342,57.5,-7.5,99.1,87.96
2021-01-12,839626.0,0,0.79074280769366,7.094816695061259,3.8242685155156426,86.74349370335884,78.70825208152563,10.935163639153211,57.5,-7.5,99.1,87.96
2021-01-13,865863.0,0,0.6164057388466296,5.757567728417057,7.681595623429927,89.93058748529968,95.80967216355482,7.678598485919536,57.5,-7.5,99.1,87.96
2021-01-14,856067.5,0,0.8563115412522323,6.272304527882227,17.573010699421626,93.12661755742252,94.87506125388454,12.1276258953271,57.5,-7.5,99.1,87.96
2021-01-15,870993.0,0,-0.2507344780259296,2.949027778221721,0.1291073895235634,84.68114980395069,56.24029428665072,7.66883995530956,57.5,-7.5,99.1,87.96
2021-01-16,734547.5,0,1.1391501083453055,6.682394182915594,7.558139657750297,89.43244773780461,74.4464846509383,19.432277238093388,57.5,-7.5,99.1,87.96
2021-01-17,722271.5,0,2.850767450011544,5.612010211726372,0.7785173498785003,85.08904639780442,65.4016558587727,15.11660861736736,57.5,-7.5,99.1,87.96
2021-01-18,809942.5,0,2.3745383829810462,6.192848589003093,2.5943552639861087,87.60731861904178,76.4870727410932,16.93416018803621,57.5,-7.5,99.1,87.96
2021-01-19,791815.5,0,5.689792471962133,9.505789398756702,12.383990667219232,89.86712406588595,96.84760274793594,23.94125518890784,57.5,-7.5,99.1,87.96
2021-01-20,787306.5,0,3.910044367728368,9.36923521958826,17.045913639030275,88.12519848348536,97.25994243056888,26.25940595964337,57.5,-7.5,99.1,87.96
2021-01-21,783686.5,0,2.3654114773490327,6.3204104489722255,2.9023647134350883,74.89346690901036,64.02533106295436,26.91905546571516,57.5,-7.5,99.1,87.96
2021-01-22,801487.5,0,0.8488919070863706,4.869889849349252,0.6319815597839142,78.5501570195538,28.498958484188567,13.2102559564101,57.5,-7.5,99.1,87.96
2021-01-23,783666.0,0,-1.4043405645905462,3.62280995080265,0.7396230925239158,78.03009365236413,58.351970106874965,8.775530038191935,57.5,-7.5,99.1,87.96
2021-01-24,804032.5,0,-2.384139522149626,2.445505126639717,2.5029054964127906,81.53826437656024,58.140225401386594,11.205120757131208,57.5,-7.5,99.1,87.96
2021-01-25,842679.5,0,-1.7763513873190382,3.7977862975213967,0.0831814228800992,80.19370628169189,41.916832284712726,14.598525966606582,57.5,-7.5,99.1,87.96
2021-01-26,886000.5,0,-0.647469018996142,4.0309105449868445,3.9893598268319184,88.81740711845745,69.36709764957196,11.779829596795151,57.5,-7.5,99.1,87.96
2021-01-27,845582.5,0,4.473190760639858,7.543361142330546,1.9996662785102564,94.22284644189,85.42239759813468,10.242736666200322,57.5,-7.5,99.1,87.96
2021-01-28,792321.0,0,5.430145553736345,9.635633019710166,15.301417134589384,93.67596406176506,94.59292911957422,15.870793244258977,57.5,-7.5,99.1,87.96
2021-01-29,767843.0,0,4.706182419415951,8.63816575872817,4.35786942761764,87.58962783332255,78.99412074889436,16.717301290308622,57.5,-7.5,99.1,87.96
2021-01-30,725883.0,0,0.7991299028617274,4.797832967879484,7.275253183234987,83.1113336221558,86.03035890657912,23.437460460048943,57.5,-7.5,99.1,87.96
2021-01-31,780357.0,0,-0.4389964480737943,3.071352784510002,0.8225540644672394,75.41506512704787,72.07071490505864,13.921141371014992,57.5,-7.5,99.1,87.96
2021-02-01,861057.0,0,0.8789538721675381,4.499448100348923,0.4148667695740122,80.24616809774756,84.4335874042835,11.043998898843864,54.1,0.9,100.0,87.96
2021-02-02,807422.0,0,2.050569876267768,8.692156232627317,11.85803000315459,90.28978528930644,93.08508567184047,19.40586424344292,54.1,0.9,100.0,87.96
2021-02-03,803054.5,0,4.256928650319676,7.431936668954134,5.467578690803176,89.5599344211548,74.45345325612496,13.823386072323473,54.1,0.9,100.0,87.96
2021-02-04,818189.0,0,3.313266088472615,7.461589265688555,5.976377723723282,92.78876627115856,73.01087442394302,12.31476590197559,54.1,0.9,100.0,87.96
2021-02-05,784869.5,0,3.822991287503175,8.430101972196821,3.035195576922462,90.26457507445744,71.71678722484313,9.777637242509323,54.1,0.9,100.0,87.96
2021-02-06,723070.5,0,1.841556992605768,6.079932800216568,7.529589488022022,92.00856346517128,89.15055576297937,17.117627804555053,54.1,0.9,100.0,87.96
2021-02-07,729153.0,0,-1.6011575170840864,2.5789840565328173,3.651701925197605,83.46290047685211,95.01617929310127,27.82446308649749,54.1,0.9,100.0,87.96
2021-02-08,857905.0,0,-2.03504945429028,-0.0011947888280782,0.8850557702327143,82.0305381195248,94.28904733828053,25.16501266323408,54.1,0.9,100.0,87.96
2021-02-09,887926.0,0,-3.213244534358604,0.4472366476366757,0.1939969948407817,81.45272655393083,76.32558551091456,18.113932947496355,54.1,0.9,100.0,87.96
2021-02-10,890827.5,0,-4.3125084827256055,0.4518266934901105,0.0773009377837564,76.68563516805263,42.179834996849095,14.386043187154252,54.1,0.9,100.0,87.96
2021-02-11,896911.0,0,-4.7088334402074805,-0.1836337365619488,0.0,78.48177097612076,46.26002532155062,16.63927618131789,54.1,0.9,100.0,87.96
2021-02-12,852685.0,0,-3.9695321395720624,-0.3628569014594959,0.0650955265547422,72.92400158626968,56.3181964575892,22.27897774366384,54.1,0.9,100.0,87.96
2021-02-13,784364.5,0,-4.3077655480369375,-0.8666110607611488,0.243310444214523,64.82598833281003,63.83515448641522,24.67396604180533,54.1,0.9,100.0,87.96
2021-02-14,760205.0,0,-0.970225448717744,3.989292126383268,3.4153567499383466,77.49640744276803,92.66848028467044,25.707036685206543,54.1,0.9,100.0,87.96
2021-02-15,796453.5,0,4.669200932165487,9.921086909457845,1.9405616338860543,92.96043082042218,81.98223031878575,16.042947010134274,54.1,0.9,100.0,87.96
2021-02-16,757451.5,0,6.031043640795665,10.167280516851244,3.295351260446968,86.83990117071448,76.96931905719299,19.783541849588243,54.1,0.9,100.0,87.96
2021-02-17,744332.5,0,5.478589923284197,9.479129237152174,4.754113765398299,85.00621447243962,85.37001383237495,21.45458672959948,54.1,0.9,100.0,87.96
2021-02-18,716655.5,0,3.926379315771059,9.18060686341017,3.498123230767755,80.37305777854874,79.62337322222356,24.73429752213438,54.1,0.9,100.0,87.96
2021-02-19,719713.5,0,3.889384397538387,8.819241938152816,3.243307624322949,83.24270740694388,76.70198814188723,25.01284923934539,54.1,0.9,100.0,87.96
2021-02-20,626593.0,0,8.233134067142371,12.05298313486624,4.432587275567365,82.29143911345436,81.69213332004783,27.361494763207787,54.1,0.9,100.0,87.96
2021-02-21,669856.5,0,6.776415222902671,11.126452620658164,1.302770097052216,84.48756220358099,77.01732648953588,12.768037793738962,54.1,0.9,100.0,87.96
2021-02-22,761074.0,0,5.314186049284881,10.103150020198722,3.220959679330844,86.87339200101104,77.24541007708461,8.904914239644128,54.1,0.9,100.0,86.11
2021-02-23,677308.0,0,5.523298528136463,11.221291567506883,1.8018717026477664,79.80935768801716,59.1090729911492,23.254307334435023,54.1,0.9,100.0,86.11
2021-02-24,675946.0,0,9.06188381911485,13.091651378295383,1.9677689051678,79.16518932521517,76.98426755598415,24.36730208018561,54.1,0.9,100.0,86.11
2021-02-25,718664.5,0,4.996501859192164,9.737255304100795,0.2812623030255792,77.84142028549167,58.36545472080891,12.998864836127265,54.1,0.9,100.0,86.11
2021-02-26,733096.0,0,2.5219606701500754,10.184978555915546,0.0,72.57880095567124,9.01868423275222,7.681059782561926,54.1,0.9,100.0,86.11
2021-02-27,669252.0,0,2.9266129441721094,11.236302488094063,0.0,78.67723458043332,26.7186407772242,6.299805524295141,54.1,0.9,100.0,86.11
2021-02-28,672179.5,0,2.776754209214502,10.616839602600288,0.0166362845760198,81.08428763484153,13.66452046537462,6.696863530648088,54.1,0.9,100.0,86.11
2021-03-01,778755.0,0,2.8857779022047465,9.1891532709267,0.0,80.15857109347742,5.545915656751057,10.9673639426135,55.1,4.1,104.0,86.11
2021-03-02,797882.5,0,2.382094447650396,10.284368423582569,0.0047725059004118,79.13599550255724,13.159501181311745,7.498968011887618,55.1,4.1,104.0,86.11
2021-03-03,825353.0,0,3.0356526191091464,10.016853377809042,1.472211346985522,81.02432128052767,51.331929652264805,5.045401944732461,55.1,4.1,104.0,86.11
2021-03-04,812003.0,0,2.2517429081340485,6.580952509890981,0.8998102912181168,78.33246194329655,84.62878999574389,13.521814650478513,55.1,4.1,104.0,86.11
2021-03-05,806219.5,0,0.7148860032322872,5.515195650377948,0.0162738816386855,65.41936937266433,63.39414823169594,11.050928240690086,55.1,4.1,104.0,86.11
2021-03-06,737456.0,0,-0.1781527740110924,6.652694915823086,0.0,68.37956120151293,26.397358605257963,6.724784468080241,55.1,4.1,104.0,86.11
2021-03-07,716539.0,0,0.0796752449970974,7.665810085542756,0.1247721343201488,72.68216923701448,27.1411591005262,7.2265440035858575,55.1,4.1,104.0,86.11
2021-03-08,784924.0,0,1.3151910524947945,8.759014647823049,0.98393383142095,77.30057202768369,62.58100179268268,8.419581533008007,55.1,4.1,104.0,82.41
2021-03-09,744344.0,0,2.034489840276424,10.056522383085298,0.9013591385632328,79.8575193768811,56.71976693588461,13.696382796762007,55.1,4.1,104.0,82.41
2021-03-10,735691.0,0,4.569607709592782,9.19668013780864,9.875975067794188,85.11538183391119,97.14525069404678,27.451290883356624,55.1,4.1,104.0,82.41
2021-03-11,681991.0,0,4.358475973232944,9.931958060175226,3.7786232517901626,69.43017982271842,77.75179904472216,35.61593895842948,55.1,4.1,104.0,82.41
2021-03-12,681063.0,0,3.935017742419701,7.891522044390964,4.210719906178596,72.99066866375435,79.67538573043275,25.92325699658896,55.1,4.1,104.0,82.41
2021-03-13,637114.5,0,3.0034741064186203,7.340058454585085,5.167557487062614,74.09930530165433,80.51659139681969,29.248908555972097,55.1,4.1,104.0,80.56
2021-03-14,641716.5,0,3.694126775932368,8.913245152122316,3.473512438810658,75.80456096793063,77.15830926616064,24.62253201860102,55.1,4.1,104.0,80.56
2021-03-15,744541.5,0,5.462030106176679,9.947192220898042,0.450160381909518,74.51784318280224,69.36576025260328,17.918675202952283,55.1,4.1,104.0,78.7
2021-03-16,728540.5,0,5.48889698811607,11.5014000031718,1.6151520242733808,86.27810522157247,80.2435416184647,12.420714822075444,55.1,4.1,104.0,78.7
2021-03-17,750842.5,0,3.505277146627477,10.258213230027668,0.2965576023785071,72.89167161389878,38.05333034266032,12.739932479962942,55.1,4.1,104.0,78.7
2021-03-18,758179.0,0,3.815326268985016,10.375849394370274,1.1591279029669623,81.90414759795028,73.03486767501276,14.008084682926782,55.1,4.1,104.0,78.7
2021-03-19,732919.0,0,5.499062843227675,9.798928315190546,0.101583574271426,79.36502559017026,62.84794923346895,12.983944705291671,55.1,4.1,104.0,78.7
2021-03-20,679265.0,0,4.855857792268623,11.318840376372387,0.0,78.80923301346492,65.27851145499889,10.15316716698356,55.1,4.1,104.0,78.7
2021-03-21,665425.0,0,4.968799229006299,10.527952225166452,0.0,78.22648377930751,53.37974689944085,9.936587738183256,55.1,4.1,104.0,78.7
2021-03-22,726537.5,0,3.7722730250063377,11.380342150122608,0.0,76.92549975547621,37.00631131689029,7.956479806564351,55.1,4.1,104.0,78.7
2021-03-23,708322.0,0,4.178117352484787,10.301994574620815,0.108135849744129,77.27983847906943,63.68068854037863,13.730470368364204,55.1,4.1,104.0,78.7
2021-03-24,701229.5,0,5.043414389874429,10.797351112183676,0.2622982755602348,74.59483177033992,67.05041343759628,13.578396581682869,55.1,4.1,104.0,78.7
2021-03-25,675194.5,0,4.043747982279218,11.156530398646304,0.8050310907260697,78.07115476204234,63.47487101646903,18.26718795371825,55.1,4.1,104.0,78.7
2021-03-26,654083.0,0,3.769159972279928,8.917581776548287,3.5366438148390653,69.94602125131759,77.31574602559718,27.37446658715853,55.1,4.1,104.0,78.7
2021-03-27,597783.0,0,2.9500133879538906,10.181675732938228,0.6588773644368244,71.83970649830874,69.2236565882871,24.59464811625711,55.1,4.1,104.0,70.37
2021-03-28,558402.5,0,6.919098755276808,11.387172188757118,3.662460798128588,73.15562958543568,73.78271266316031,26.840232627070616,55.1,4.1,104.0,70.37
2021-03-29,608062.0,0,8.562046619830546,16.155726829435007,0.224589841776268,75.39297798437654,36.67567295982458,22.410122003108366,55.1,4.1,104.0,70.37
2021-03-30,640327.5,0,5.7454793219425495,18.501750730067624,0.0,66.74597088974448,14.323962436646948,10.694655962778292,55.1,4.1,104.0,70.37
2021-03-31,646731.5,0,7.43143632644872,17.724085857231056,0.1157972492733746,75.65463450947348,39.275668497173285,9.28462379665161,55.1,4.1,104.0,70.37
2021-04-01,645630.5,0,4.454166296828026,11.343114786767636,0.1240845325735433,76.6910833522453,56.7626521081786,17.423994256088324,58.9,8.2,112.6,70.37
2021-04-02,615302.0,1,2.428686217587076,11.282535140612856,0.0,67.46844200176096,7.529513384757501,13.479078801816238,58.9,8.2,112.6,70.37
2021-04-03,614145.0,0,3.227310030589446,11.079086463930343,0.0,70.51970589406821,6.998614150071464,12.106791383837432,58.9,8.2,112.6,70.37
2021-04-04,536381.0,0,2.8971393452417686,12.703528463478424,0.0779539309319269,68.64808644462907,13.984625336450714,14.78088282245606,58.9,8.2,112.6,70.37
2021-04-05,557185.5,1,0.4523547892608202,6.775050579788148,0.2567106949835619,60.09467287290738,62.97151680538587,25.11155045414546,58.9,8.2,112.6,70.37
2021-04-06,684212.5,0,-0.8949232331773413,4.694926303555197,0.4458481514665648,51.27006714753476,52.10785570465756,19.23194359651338,58.9,8.2,112.6,70.37
2021-04-07,755745.0,0,-1.2261734068273402,6.935803839060321,0.0351161604774323,58.5754730072295,39.68218859975772,13.904632726871723,58.9,8.2,112.6,70.37
2021-04-08,676437.0,0,1.8090897906340384,8.894927751150762,0.5536509497333351,75.36939345622876,60.09223570285774,20.047641630168407,58.9,8.2,112.6,70.37
2021-04-09,707301.0,0,2.3523432238635547,8.457256083528046,0.9727365291243936,79.64147632680279,71.97045876977366,11.365103287019291,58.9,8.2,112.6,70.37
2021-04-10,665543.5,0,0.0129211888404704,6.937592188171934,2.078717079648368,69.49703551790974,61.541857148933794,12.850126681515944,58.9,8.2,112.6,70.37
2021-04-11,649568.5,0,-0.2398050700390377,6.94505721721359,1.1697686431868102,65.77067108071645,55.94356073840528,14.568973026530768,58.9,8.2,112.6,70.37
2021-04-12,735594.0,0,-0.473230269856401,7.614762579574728,0.5771017596983985,76.85871491870475,70.69088360864491,9.525645953407954,58.9,8.2,112.6,61.11
2021-04-13,739218.0,0,0.274041857702155,9.5896357013579,0.5679467826988787,74.01354466917248,56.71655679283143,5.705047885600733,58.9,8.2,112.6,61.11
2021-04-14,724986.0,0,1.225987048107381,10.756711987369837,0.114180048371206,69.31888162208892,32.876263034814336,7.512030456550127,58.9,8.2,112.6,61.11
2021-04-15,718780.5,0,0.6978351100750438,9.433096528008116,0.4931357861236871,70.11066348683296,33.65267609093384,11.178155785993372,58.9,8.2,112.6,61.11
2021-04-16,705748.0,0,1.1314873027120873,10.70466256701046,0.0,65.97561930965858,10.403176356602966,9.480585499850138,58.9,8.2,112.6,61.11
2021-04-17,616981.5,0,2.2970245733496366,12.419767707320888,0.0,65.38909115954925,22.229733723555103,7.619959524490366,58.9,8.2,112.6,61.11
2021-04-18,607423.0,0,2.9304187374557085,12.034280138693791,0.1913172726242282,69.36709030402335,73.49262929517893,6.866570107022492,58.9,8.2,112.6,61.11
2021-04-19,666141.0,0,2.9649784680148383,13.118486588319064,0.0,70.87808147301423,54.16854988297527,7.460409336997543,58.9,8.2,112.6,61.11
2021-04-20,678102.0,0,5.5103795368136765,12.916533299369648,0.0508691013400493,74.24326354795777,82.04635857181881,6.64496696838943,58.9,8.2,112.6,61.11
2021-04-21,673349.5,0,4.200019903670659,11.436154765730477,0.0978013804836825,73.15504292505032,51.69510305773982,12.16701281924246,58.9,8.2,112.6,61.11
2021-04-22,661276.0,0,1.2940554503479025,13.471302647298842,0.0,64.05772783678941,6.633889696660191,8.98794779878188,58.9,8.2,112.6,61.11
2021-04-23,631655.5,0,3.3039019431342664,14.72210391142166,0.0,65.11206358220831,8.60128085468501,9.881591077795443,58.9,8.2,112.6,61.11
2021-04-24,559428.0,0,3.680736347913705,13.72371933279552,0.0,67.66874466295181,61.598922195948994,13.758451299565856,58.9,8.2,112.6,61.11
2021-04-25,561466.5,0,3.1435456815673324,12.572990857219992,0.0,71.98876613592671,22.08506083835392,13.253824433765772,58.9,8.2,112.6,61.11
2021-04-26,654642.0,0,2.796058864214676,12.129717348206542,0.2671685986586475,72.53508195603784,42.916486490706255,10.64802818735956,58.9,8.2,112.6,61.11
2021-04-27,693450.5,0,4.118740486131482,11.542564473017434,1.9854273182244109,79.66316143130874,71.12947579030113,10.139294683494755,58.9,8.2,112.6,61.11
2021-04-28,695131.5,0,3.771496809511668,10.131931139815237,1.492550668610891,76.40984467022975,74.39219599079341,16.813093191469378,58.9,8.2,112.6,61.11
2021-04-29,711169.0,0,2.2955016628600946,9.812746490794767,1.0122665575427536,70.23382394938984,53.09516086013854,11.913906512741669,58.9,8.2,112.6,61.11
2021-04-30,690398.5,0,1.48897554553146,10.89947519896909,1.7717006423390291,70.01702338576806,63.04420632607253,7.645564570261433,58.9,8.2,112.6,61.11
2021-05-01,624148.0,0,1.8963575053312087,11.9001178730045,1.866310933630909,73.37504865273418,59.924157502454456,6.865263905584559,60.9,-1.9,110.5,61.11
2021-05-02,595829.0,0,2.406229999515624,12.439391263628606,0.6221125662605367,69.50727017222883,43.49387943686504,7.815814532826796,60.9,-1.9,110.5,61.11
2021-05-03,626664.5,1,3.852453683703504,9.536954671387816,13.357923933739832,84.80743616626044,91.53534906969088,22.769659315913668,60.9,-1.9,110.5,59.72
2021-05-04,650058.0,0,3.765451023446991,9.512884614769924,4.74473363350298,80.09409715400868,85.66086138328913,24.72182539526428,60.9,-1.9,110.5,59.72
2021-05-05,691281.5,0,1.945809644195148,9.488489924857804,1.8098740585711304,72.22123819702495,66.96853568055678,13.627940048152375,60.9,-1.9,110.5,59.72
2021-05-06,700889.5,0,0.9545199588698452,9.958592266483471,1.868166388478344,71.66047741701743,61.984220762688,12.595498647804364,60.9,-1.9,110.5,59.72
2021-05-07,674579.0,0,2.9453878898396373,11.306203789122884,0.5596973842962374,69.88383515826676,56.554228359030255,11.486941304948084,60.9,-1.9,110.5,59.72
2021-05-08,619134.5,0,3.930941254912297,11.893416842488572,15.61180415833044,90.2503102188076,87.65962929812945,19.701536144770863,60.9,-1.9,110.5,59.72
2021-05-09,567270.0,0,9.708539018939591,16.142453284769523,1.086413425855692,80.31746717369597,66.80738878900856,19.233035025174026,60.9,-1.9,110.5,59.72
2021-05-10,621356.5,0,7.868855095130694,14.466832435311842,2.140453193303613,77.01153349484115,66.16030980635044,19.03046921274652,60.9,-1.9,110.5,59.72
2021-05-11,647372.5,0,5.781496283336804,13.565533972824298,3.4623581617589387,80.51875784191101,58.79290475017881,13.947026546505375,60.9,-1.9,110.5,59.72
2021-05-12,667920.0,0,7.059147279540723,13.36573661776273,2.6022830195626407,82.18150529469604,78.63212759482273,12.689768652714507,60.9,-1.9,110.5,59.72
2021-05-13,681958.0,0,7.4991074543733856,14.068390761180783,4.161608179707894,80.93598738557233,77.60317740464986,13.169483797256463,60.9,-1.9,110.5,59.72
2021-05-14,683264.0,0,7.027303189086839,11.952209322810493,0.7684460295189015,81.39243588903513,84.93596080021854,10.296244239430216,60.9,-1.9,110.5,59.72
2021-05-15,615938.5,0,6.72540681123526,11.653575198378988,4.995498211374278,89.20090382826636,89.64643186748556,10.960691218584104,60.9,-1.9,110.5,59.72
2021-05-16,599765.0,0,6.311580592408968,12.478945060582642,5.761465384086751,90.68288432156268,88.10778043583507,11.228230590724715,60.9,-1.9,110.5,59.72
2021-05-17,668811.0,0,6.765451023446992,13.601652972801922,4.553899382949329,82.87765988769854,75.78104394814079,12.332043416064906,60.9,-1.9,110.5,62.5
2021-05-18,661791.0,0,5.714005428698512,13.640297673594064,4.126927206104907,75.68638655006075,61.49102125008821,13.605390950382448,60.9,-1.9,110.5,62.5
2021-05-19,653043.0,0,6.188909254260234,14.204686032811182,3.256600010781668,77.19536448550794,60.81812968685957,11.282205559062024,60.9,-1.9,110.5,62.5
2021-05-20,666322.5,0,5.498999852843151,13.06290354415652,5.674330708339552,82.12204226413536,65.03325658720524,19.364841813149404,60.9,-1.9,110.5,62.5
2021-05-21,642630.0,0,7.548522235436697,10.695662210735984,8.561632913307283,89.65109244904647,98.01984187892128,28.78659094379297,60.9,-1.9,110.5,62.5
2021-05-22,611231.0,0,5.489977167944936,11.540792951051722,2.658381168017223,77.50221600449363,81.51606884862859,14.449742832035394,60.9,-1.9,110.5,62.5
2021-05-23,584893.0,0,3.924413613151815,10.920633329514056,8.067007851008425,85.49359706352627,82.14507387839312,19.559243463199355,60.9,-1.9,110.5,62.5
2021-05-24,661809.0,0,5.208473692732074,11.49374128522882,4.307337029015102,85.64133447165774,73.43241374543315,15.264748294173057,60.9,-1.9,110.5,62.5
2021-05-25,674398.0,0,5.539988429070522,12.545773263752034,2.379595448980832,85.78019765795634,76.87154633203257,16.736691003073698,60.9,-1.9,110.5,62.5
2021-05-26,675788.0,0,5.766517157603387,13.515572993362085,1.0821046346047505,83.0847543384224,71.89007079141862,11.8917416424868,60.9,-1.9,110.5,62.5
2021-05-27,650138.0,0,7.248337201374251,17.379083003224174,0.0,75.8805330575505,44.9629653574092,5.618173080918564,60.9,-1.9,110.5,62.5
2021-05-28,643220.0,0,9.158796116214816,15.55494974415362,1.327177730804514,82.97220097101392,78.75851346011852,4.4890864663891055,60.9,-1.9,110.5,62.5
2021-05-29,559486.5,0,9.867751249726773,18.29773466353945,0.1410028647024936,79.65226022223757,54.99500407416705,7.405700766567931,60.9,-1.9,110.5,62.5
2021-05-30,510594.5,0,8.962922651803293,18.57227667933994,0.0249544268640297,74.21045038293974,30.298102386621,9.502387764319886,60.9,-1.9,110.5,62.5
2021-05-31,523795.0,1,8.66902542272864,19.83735492387799,0.0,74.43690167586693,20.456905894486205,11.91985400983357,60.9,-1.9,110.5,62.5
2021-06-01,578771.0,0,10.679643812810587,21.44013440878722,0.0,73.1315672278133,27.11848480571731,13.433154354994445,65.6,0.8,111.4,62.5
2021-06-02,598199.5,0,11.092375083874488,21.50451099668584,0.9510752254253596,75.26325130824529,36.15037084878153,14.385788643917062,65.6,0.8,111.4,62.5
2021-06-03,620542.0,0,12.504938974780242,20.69882021268775,0.4704948059902303,80.63477838510542,71.89269387453778,10.339062133875114,65.6,0.8,111.4,62.5
2021-06-04,608779.0,0,10.882154441419894,18.23866987543179,4.062704195494616,73.53404841583256,46.11435004557313,8.03573368138735,65.6,0.8,111.4,62.5
2021-06-05,535038.5,0,10.182318406973636,20.26766406206012,0.0570426768998662,72.05452625329812,32.38596824104415,7.951857612410252,65.6,0.8,111.4,51.39
2021-06-06,548525.5,0,11.176813302462769,18.630097887580035,0.4747951298828228,80.23945429704145,66.45587406004638,6.031457926664501,65.6,0.8,111.4,51.39
2021-06-07,616339.0,0,11.284701631805945,19.911467913537177,0.2071909678519452,78.62195465540587,63.54365749987276,8.621989492976427,65.6,0.8,111.4,51.39
2021-06-08,604222.5,0,9.61383332157226,20.068256973845426,0.0499088537280595,70.73767172601829,32.22869952255778,8.527674631044464,65.6,0.8,111.4,51.39
2021-06-09,607537.0,0,11.351972196821857,21.2820592781471,0.0380450750524515,71.43457133898471,38.33987126603327,10.408332977837466,65.6,0.8,111.4,51.39
2021-06-10,625543.0,0,13.540846982325688,20.953984870997413,0.1986152150223415,80.52657379762282,65.04324100111899,12.99911320172733,65.6,0.8,111.4,51.39
2021-06-11,594348.0,0,13.403676268825196,20.97018524797466,0.1700592149569384,77.57278387564176,65.90065460517339,14.745768349303397,65.6,0.8,111.4,51.39
2021-06-12,519152.0,0,11.549812024644654,19.88646575597436,0.0,70.464173008631,27.75385085007975,12.118759126613654,65.6,0.8,111.4,51.39
2021-06-13,511526.0,0,11.566750460218598,24.041198001199383,0.0748632805920893,71.12896023421175,27.95485139985872,8.119193620424829,65.6,0.8,111.4,51.39
2021-06-14,594260.0,0,12.965373452609471,21.38420206688371,0.1371587470178302,74.32591320229284,46.00710526619899,12.229232259239962,65.6,0.8,111.4,51.39
2021-06-15,599043.0,0,11.081591941435262,21.50050369256734,0.0083181422880099,68.81743749952362,28.49792081019127,9.70265497324991,65.6,0.8,111.4,51.39
2021-06-16,620922.5,0,12.31274120445852,23.535353603031552,3.554716715075574,68.94064758295184,32.85549530942156,10.146929935637012,65.6,0.8,111.4,51.39
2021-06-17,655941.0,0,13.080928490869022,18.682850974615995,13.945593766512117,86.90283461955221,84.28338900685478,10.361210376758414,65.6,0.8,111.4,51.39
2021-06-18,645489.0,0,9.798402893322471,15.195830098013593,16.601530617168695,85.63591984955333,80.51606477630561,14.83133089784856,65.6,0.8,111.4,51.39
2021-06-19,577951.0,0,10.738712027816456,17.78773259264796,2.5932256630602377,78.51981484791702,74.58108681971306,12.119481864055594,65.6,0.8,111.4,51.39
2021-06-20,573681.5,0,9.29092331148888,14.5562949937904,5.478549409049077,88.13095052444143,95.52414790713948,14.068908422584313,65.6,0.8,111.4,51.39
2021-06-21,639821.5,0,9.18057075035732,14.1731148648333,4.728662134022639,85.82729256723913,90.13438947057712,17.358034410483764,65.6,0.8,111.4,51.39
2021-06-22,625481.5,0,8.35642780991515,15.61325365328863,1.626437228814024,75.27020376244532,57.83424615861615,12.849431005812756,65.6,0.8,111.4,51.39
2021-06-23,613250.0,0,8.398700904381487,17.935788717679895,0.6413678862203409,76.09972152379748,49.96789500426472,9.52818662193033,65.6,0.8,111.4,51.39
2021-06-24,640154.0,0,11.457521368477552,19.267684300736963,3.180101918411424,75.97699392612259,61.3776643595702,7.845370623190198,65.6,0.8,111.4,51.39
2021-06-25,605546.0,0,11.923249389796975,17.995374962903444,6.376613056353082,84.65302950709955,84.35372131332754,10.465736765288392,65.6,0.8,111.4,51.39
2021-06-26,543271.5,0,10.538759878379844,17.094810210079004,1.1829694669209354,89.112342236671,82.73431362701923,10.08359294264276,65.6,0.8,111.4,51.39
2021-06-27,561430.0,0,11.897942730045989,19.513297456116646,4.522511752263106,82.1732360202838,69.97509098337902,14.57027839813685,65.6,0.8,111.4,51.39
2021-06-28,647883.0,0,12.906108644290793,18.977916069085285,6.144024726591919,86.45787055864773,79.34457293963816,9.34742494877786,65.6,0.8,111.4,51.39
2021-06-29,647626.5,0,12.673061617289418,19.235362795724413,1.675926932936555,84.02036556428935,73.12363020885454,11.805931681111478,65.6,0.8,111.4,51.39
2021-06-30,634661.5,0,11.64662906012138,18.841962780381746,0.1994756661336892,76.1720697991856,62.30296298839293,11.16065676826841,65.6,0.8,111.4,51.39
2021-07-01,629320.5,0,12.11255674820492,18.95977868015674,0.1461243302642258,66.43830237056528,59.83860007120572,7.533648160268929,63.9,-2.4,108.7,51.39
2021-07-02,619214.5,0,12.385736364510342,21.56050746615085,0.6893898114228629,70.77057266880563,38.22673073111997,6.638166957374181,63.9,-2.4,108.7,51.39
2021-07-03,578864.5,0,12.912969202296775,19.009500637310865,6.789022444861669,83.65016923037582,72.1308398494599,8.161824602928531,63.9,-2.4,108.7,51.39
2021-07-04,557850.5,0,12.846462712642875,18.97405636746577,8.677174850980641,89.12136670417097,84.34471527116816,10.8238677436122,63.9,-2.4,108.7,51.39
2021-07-05,617437.5,0,12.332652189932409,18.769616333697147,7.853237266260955,79.85449073649482,73.6869294444995,15.407843561451449,63.9,-2.4,108.7,51.39
2021-07-06,618947.5,0,11.340242631154617,16.195099031518613,9.396865462312231,87.71660656737534,84.67519806549599,21.61862736775615,63.9,-2.4,108.7,51.39
2021-07-07,628626.0,0,12.356281344593148,19.065477129342387,2.6056830250702654,81.98785762372056,72.05131907612545,14.442486766948056,63.9,-2.4,108.7,51.39
2021-07-08,633205.0,0,11.980848003326212,19.834115736709965,0.9991159063644784,82.03115651329489,70.42952751341316,9.486476921822955,63.9,-2.4,108.7,51.39
2021-07-09,632174.5,0,13.1580497900341,20.972670517537235,1.0050602639258694,78.4721588339965,66.67734610061397,6.989221283330657,63.9,-2.4,108.7,51.39
2021-07-10,578769.0,0,12.331596152063552,18.22645865384308,2.9449839737955084,87.77069265634462,77.52607443862182,5.413259366834608,63.9,-2.4,108.7,51.39
2021-07-11,558320.5,0,11.95788992139095,19.44281745494136,3.4107141480675733,85.36050515798892,82.69363052111719,9.387389404928191,63.9,-2.4,108.7,51.39
2021-07-12,635698.0,0,13.549196412347996,19.586397897242968,12.529095018882057,86.06479994044881,78.72334099093972,6.851761265858701,63.9,-2.4,108.7,51.39
2021-07-13,627580.5,0,13.617028235674214,20.84227117048582,0.286169107990998,81.97228535261952,67.59112697066624,10.081912225795897,63.9,-2.4,108.7,51.39
2021-07-14,614546.5,0,13.60744320139048,20.865039835617072,0.027815653284204,80.6629282178236,58.91524372530328,13.075050023493462,63.9,-2.4,108.7,51.39
2021-07-15,619584.0,0,13.890386019951862,21.49308491896784,0.0,76.65945810689169,42.73258779190719,15.072121224172866,63.9,-2.4,108.7,51.39
2021-07-16,593892.5,0,12.238826959528057,23.485440000821225,0.0,71.72022716985047,14.067594783394217,11.443577903630828,63.9,-2.4,108.7,51.39
2021-07-17,534960.0,0,14.719309206781558,25.621287409127262,0.0,71.95410264565147,9.018967758635233,9.337035377145668,63.9,-2.4,108.7,51.39
2021-07-18,533806.5,0,15.547720602499725,25.14413294127569,0.1142366137057733,70.72946187678706,17.775037794230713,9.634064652875804,63.9,-2.4,108.7,51.39
2021-07-19,633631.5,0,14.711969989469129,23.788297569834345,0.3047472405939481,72.51799281377909,44.52163974036467,7.347817443876935,63.9,-2.4,108.7,43.98
2021-07-20,645219.5,0,15.10980839121052,25.45150267488614,1.0416547268205834,70.8108010883214,39.07515747135113,6.639083706429832,63.9,-2.4,108.7,43.98
2021-07-21,645357.5,0,15.910574553445963,26.80165440503023,0.2645245284772474,69.64472517997517,24.38545927750782,6.43961756184829,63.9,-2.4,108.7,43.98
2021-07-22,636865.5,0,16.149114129909623,26.75273455719804,0.0131975351412275,68.60120675377401,18.512373592021223,8.327471995326388,63.9,-2.4,108.7,43.98
2021-07-23,612351.5,0,15.133884855974385,23.58507883341132,0.0714256944586164,69.79129346259695,28.83087870095786,15.41311536027365,63.9,-2.4,108.7,43.98
2021-07-24,553560.0,0,14.86423093396776,20.41818123785833,3.620971172502003,81.12532262018362,73.63335136629664,14.145419457258004,63.9,-2.4,108.7,43.98
2021-07-25,549702.0,0,13.320951760583553,20.238276627337143,4.457156337739352,81.46016940802132,74.58698122293364,8.782195001756785,63.9,-2.4,108.7,43.98
2021-07-26,609879.5,0,14.385253725084452,23.02807536299304,0.6935118551622549,72.29872134897958,48.18777593445828,9.034835065694407,63.9,-2.4,108.7,43.98
2021-07-27,631912.5,0,13.77538189783897,20.23792791355193,6.787534740756842,81.92231854896708,74.73381394530584,10.531361927412949,63.9,-2.4,108.7,43.98
2021-07-28,593516.0,0,12.600516948362822,18.93561245524748,7.458804855573605,73.99028981477908,65.60845556551627,19.032069958390387,63.9,-2.4,108.7,43.98
2021-07-29,564399.5,0,11.50080257033962,18.32461969420881,1.0245228021196489,72.73281458187908,60.794787577183584,20.32410071122122,63.9,-2.4,108.7,43.98
2021-07-30,606311.0,0,12.43659751175841,17.44696200402794,12.313392415004934,83.26724951494792,73.51316684980338,14.450617182830277,63.9,-2.4,108.7,43.98
2021-07-31,548110.0,0,13.116970593094964,18.782127017013888,3.1097174247354804,80.59707947748377,78.65822216455062,11.518670786402756,63.9,-2.4,108.7,43.98
2021-08-01,545057.0,0,12.261963824125806,18.01862940238092,2.091890904649493,76.48645998710626,69.08756124466419,8.457971905704547,60.4,0.3,109.0,43.98
2021-08-02,608269.5,0,11.860655726368416,18.48732467189678,1.0890401033761492,71.3785094664759,58.35630823729208,6.521180044252781,60.4,0.3,109.0,43.98
2021-08-03,606766.0,0,11.024622294348612,19.80049586756031,1.5436098675244136,70.88298181451155,50.6222189414837,6.808827210321682,60.4,0.3,109.0,43.98
2021-08-04,594412.5,0,12.056933042281592,20.54105891216052,0.7471632843539938,69.26408733310237,54.08753375264224,7.538075236366846,60.4,0.3,109.0,43.98
2021-08-05,596750.5,0,12.554789294628172,18.37736114823157,5.542596613634469,84.27682509836889,79.19022266294148,16.379277552691864,60.4,0.3,109.0,43.98
2021-08-06,566570.0,0,13.540846982325688,18.93615653296498,6.8293937675693845,83.2001438713291,82.72283268819541,17.679088916544487,60.4,0.3,109.0,43.98
2021-08-07,528684.0,0,12.442682023309546,18.410345765730725,5.804249004939405,81.22155735957585,79.46432566695738,18.19154438530851,60.4,0.3,109.0,43.98
2021-08-08,511317.0,0,13.384769118649729,18.36187730032463,7.994655172901306,79.62339103287388,81.82831083239142,20.659807435367163,60.4,0.3,109.0,43.98
2021-08-09,598409.0,0,13.094757577225382,19.2339976915922,6.293617448192061,79.52229633713449,73.46959247142121,17.27970644360131,60.4,0.3,109.0,43.98
2021-08-10,606756.0,0,12.45310016267163,20.165184515263867,0.4459666391613264,75.73201181176512,49.46322807602686,11.760012997010884,60.4,0.3,109.0,43.98
2021-08-11,606696.0,0,13.283296695744797,21.56818872785916,1.0651078341904985,71.13163837821105,44.51714570913004,10.51277228012468,60.4,0.3,109.0,43.98
2021-08-12,599460.0,0,14.063680620217555,21.46691117713431,0.1587740350039057,71.88150021120758,43.80263663396597,16.083020082053775,60.4,0.3,109.0,43.98
2021-08-13,567298.5,0,13.299678283411058,20.47896151891439,0.2450893839549613,71.6795510099484,50.15082101719436,17.966335058686937,60.4,0.3,109.0,43.98
2021-08-14,539010.5,0,13.92057110749236,20.52629857005834,0.43045220887716,70.87016029769696,63.47755352476919,14.05421663381352,60.4,0.3,109.0,43.98
2021-08-15,540933.5,0,14.071273089917629,20.87090192149717,0.5954427278945703,74.61566890963046,58.9912781598829,12.931319458462797,60.4,0.3,109.0,43.98
2021-08-16,598422.5,0,12.419147561683554,17.77181008640332,0.6200772776302658,70.49536320695219,58.769958316624006,18.28840850605925,60.4,0.3,109.0,43.98
2021-08-17,626168.5,0,12.880884429871095,17.885667165754178,1.770837309867082,79.8839041572486,77.50345437486124,12.560823370843371,60.4,0.3,109.0,43.98
2021-08-18,623960.0,0,13.473722728959212,18.014314000136217,0.0784488918241031,80.31815985278413,76.49514883372358,14.947585023342247,60.4,0.3,109.0,43.98
2021-08-19,649366.5,0,12.479884399505396,19.22402773826685,2.2149081689631087,75.42622811733405,58.35701122780937,10.202773055249098,60.4,0.3,109.0,43.98
2021-08-20,644451.0,0,14.250295204997972,21.239276636188684,0.7279504041465529,73.57034160366297,64.07613751813643,7.933746885671791,60.4,0.3,109.0,43.98
2021-08-21,596785.0,0,14.9537528561583,20.41492211935859,9.885325757562718,79.03163068536243,73.00761828669104,10.696945053943988,60.4,0.3,109.0,43.98
2021-08-22,568876.5,0,13.134888798843596,18.706382977480946,4.703829996712637,88.49822329926884,88.29681645459443,12.666919632198852,60.4,0.3,109.0,43.98
2021-08-23,634675.0,0,13.419862753802535,21.755268510229307,0.2509037253057408,71.4046620783317,29.44762878928885,10.970662093944831,60.4,0.3,109.0,43.98
2021-08-24,634338.5,0,12.964598650902404,20.63904284489472,0.0,72.28615651145081,41.12543212725367,11.141918412038684,60.4,0.3,109.0,43.98
2021-08-25,641815.5,0,12.424990038944316,21.480478866457062,0.0195153277934168,72.57991034865478,16.09988974915474,10.897092321436782,60.4,0.3,109.0,43.98
2021-08-26,624271.0,0,12.759564472894496,19.957992175115912,0.0487883194835421,69.87335006376797,32.59311612371896,15.316253790487496,60.4,0.3,109.0,43.98
2021-08-27,627429.5,0,10.594671382283495,19.31542491140469,0.0162738816386855,66.07546662981804,31.64159748225328,11.670510729541448,60.4,0.3,109.0,43.98
2021-08-28,556933.5,0,10.497723402413865,20.05023152001345,0.0135305143924807,68.63416535450786,24.671634644582404,11.593272562390446,60.4,0.3,109.0,43.98
2021-08-29,540232.0,0,10.738495288030332,19.66173146198669,0.0135305143924807,65.40593897441143,13.557929270788026,12.579841718487105,60.4,0.3,109.0,43.98
2021-08-30,578434.5,1,11.17514384981494,19.67260749949165,0.0081369408193427,70.19018596593288,27.104844613678235,15.232336752404484,60.4,0.3,109.0,43.98
2021-08-31,636196.5,0,11.060997159147488,19.39533045010817,0.1379560771229742,71.31367916032819,28.268773408941875,15.580937542183118,60.4,0.3,109.0,43.98
2021-09-01,650850.5,0,11.215102527876818,19.676527548327563,0.0837475403169195,73.60391661579081,38.53920326983255,16.349357780835383,60.3,-0.1,108.9,43.98
2021-09-02,653794.5,0,11.300001149470788,20.672019840234626,0.0325881591846158,71.08230193942154,22.63518541762917,13.904456971558773,60.3,-0.1,108.9,43.98
2021-09-03,644704.0,0,11.173533130821578,20.73175264298372,0.0734347096903952,72.7618871107812,15.511435036828551,12.76691475463163,60.3,-0.1,108.9,43.98
2021-09-04,580907.5,0,11.043442665626449,20.32684909895013,0.1113209810505744,72.69689703126733,30.21317965380153,12.53148305212893,60.3,-0.1,108.9,43.98
2021-09-05,559411.5,0,11.272749240918996,22.5542652865477,0.2253713405337331,69.75202248463214,36.64608215482868,9.604744204024058,60.3,-0.1,108.9,43.98
2021-09-06,647122.5,0,14.379078623556062,25.31110783412903,0.3098942711236464,62.4431479892621,32.08951583675695,5.787874048244334,60.3,-0.1,108.9,43.98
2021-09-07,643913.0,0,14.836068530833725,27.265416539323333,0.0,60.29052895695177,11.552873197513012,8.62689367628788,60.3,-0.1,108.9,43.98
2021-09-08,651026.5,0,15.73266624175178,26.814280895992194,0.3240770978948333,60.41432250437598,26.25977088588423,10.65177951908601,60.3,-0.1,108.9,43.98
2021-09-09,668215.0,0,15.449355669374336,22.633683068528867,4.776117907980376,76.66330711290065,66.57674959596409,9.228883514720234,60.3,-0.1,108.9,43.98
2021-09-10,663886.5,0,14.923648615754413,20.579513612192898,2.756038543476673,84.34442226368786,78.89662415796654,9.391884066220335,60.3,-0.1,108.9,41.2
2021-09-11,566417.0,0,13.660922852315256,19.639018334120543,0.3716986000306361,83.26994178145597,79.20874212796917,12.081812891849674,60.3,-0.1,108.9,41.2
2021-09-12,579140.5,0,12.288166779114006,19.075321793425225,1.6147050799109637,72.51993306822152,53.31156912843559,6.694972866342488,60.3,-0.1,108.9,41.2
2021-09-13,655542.5,0,11.443286863159376,16.332184395276325,0.9871712144730544,84.09646183670925,80.94847816829187,10.66688335010618,60.3,-0.1,108.9,41.2
2021-09-14,678914.5,0,11.87420757204969,19.18956386865397,10.337834634304782,76.50951835575765,63.15427662143612,7.53571029242291,60.3,-0.1,108.9,41.2
2021-09-15,657859.5,0,11.631703658316797,17.508107395731933,0.1056078899429051,84.17944917113935,78.82588196066031,9.10831891987119,60.3,-0.1,108.9,41.2
2021-09-16,650382.0,0,11.848481247890076,19.87964784210525,0.1261468814058408,74.51257063098447,47.13291920830845,7.727824557072639,60.3,-0.1,108.9,41.2
2021-09-17,626611.0,0,12.407602095749564,20.280016708510683,0.1455343505514632,73.34842959854087,37.28908166873162,10.709218789532269,60.3,-0.1,108.9,41.2
2021-09-18,580717.0,0,12.952095635846671,20.38872080866684,0.5260548069516059,76.97968046064396,54.56582799454352,8.309727132231432,60.3,-0.1,108.9,41.2
2021-09-19,575991.5,0,12.496189120154488,18.132427855648107,3.164096209229746,80.96753571780701,71.55688973735269,6.4431429027001865,60.3,-0.1,108.9,41.2
2021-09-20,632365.0,0,10.666187628301223,18.13386049887278,0.2809335666738544,76.68529754942664,51.515994025456536,10.105419548846854,60.3,-0.1,108.9,41.2
2021-09-21,634855.5,0,11.014252146928676,19.497489236158835,0.0,75.24963479714853,20.04310467818629,9.02775595456603,60.3,-0.1,108.9,41.2
2021-09-22,608053.5,0,10.441617564184114,19.84436273093606,0.0499088537280595,73.24904099098889,14.008717337510932,11.2991345437732,60.3,-0.1,108.9,41.2
2021-09-23,611845.5,0,11.995665665295252,18.83378881369451,0.0833187062663246,77.10653481212238,53.56803231992218,15.290402561266792,60.3,-0.1,108.9,41.2
2021-09-24,607744.5,0,12.025647582337143,20.674495228651253,0.0779539309319269,76.78505676910439,50.37829052917209,14.078012538574889,60.3,-0.1,108.9,41.2
2021-09-25,604427.5,0,14.19238125536471,20.383334062765776,0.1473486949142249,83.61655231173943,71.38864822911424,7.395721347012569,60.3,-0.1,108.9,41.2
2021-09-26,549481.5,0,13.839160714825764,20.922438136957417,0.8411912611206689,69.24581050168807,52.38812932296293,15.17038497928125,60.3,-0.1,108.9,41.2
2021-09-27,596088.0,0,10.706232701079324,16.562142941794487,10.088745201113133,70.58307669502683,54.06557796927975,20.125284463285656,60.3,-0.1,108.9,41.2
2021-09-28,652298.5,0,9.438533832183166,14.415841573051388,13.926617273128276,81.25311309882818,75.61386802083751,15.815661982071209,60.3,-0.1,108.9,41.2
2021-09-29,628696.5,0,7.661164871238372,14.58155535199746,1.5871995516940989,69.13038035312235,46.31279594262629,22.160781642594987,60.3,-0.1,108.9,41.2
2021-09-30,661827.0,0,7.57457935516041,14.804865654525878,5.401751513797707,86.09276157037625,81.68127280347197,20.87405540547552,60.3,-0.1,108.9,41.2
2021-10-01,606004.0,0,8.662637223453926,14.680662508246067,4.409539660922099,85.17823675606803,77.59907517698777,20.41270831238264,57.1,-0.3,108.6,39.97
2021-10-02,616107.5,0,8.06813286788167,13.15979425026106,11.197123426300728,82.66995626355853,74.36343268182722,20.034027992748623,57.1,-0.3,108.6,39.97
2021-10-03,558812.5,0,7.964470457248415,13.874363641907024,3.297403439228893,83.14072575925927,61.52772531225651,19.057941410920687,57.1,-0.3,108.6,39.97
2021-10-04,668230.5,0,9.485000251408318,14.526502401348974,5.184274223836754,82.45107996776072,78.26614445553072,16.75071457742872,57.1,-0.3,108.6,39.97
2021-10-05,662587.0,0,8.812365690177913,12.647058851552057,16.773326089311052,87.57354002149941,85.26879902615852,21.64261293519764,57.1,-0.3,108.6,39.97
2021-10-06,670199.5,0,8.242283916088386,14.79522459122483,0.856576369794219,74.80037360566735,35.03965774107722,15.711120180182927,57.1,-0.3,108.6,39.96
2021-10-07,676219.0,0,10.16927114516058,17.960423167528422,0.3549996723700907,80.68971408358657,63.978476728072586,8.708507546798213,57.1,-0.3,108.6,39.96
2021-10-08,682299.5,0,12.299863151507134,19.238839161129743,0.2663943271219292,83.03381214426338,55.45914315189562,7.27178523754951,57.1,-0.3,108.6,39.96
2021-10-09,610697.0,0,11.922223133671285,17.838301500778567,0.4873703925584122,81.26739355224339,42.941069168267525,6.220146138306784,57.1,-0.3,108.6,39.96
2021-10-10,585315.5,0,9.98414790652479,16.425914548464515,0.0166362845760198,80.22399117956357,47.65465162859726,10.7429318918273,57.1,-0.3,108.6,39.96
2021-10-11,666285.5,0,8.472899274517966,14.276214188452723,0.0895063490127705,77.56239448841666,44.394848594412366,12.11190649811204,57.1,-0.3,108.6,43.66
2021-10-12,703158.5,0,8.710233965866005,14.32494772366673,0.3727973803868074,82.94246010475797,70.39189164227781,11.1907921888358,57.1,-0.3,108.6,43.66
2021-10-13,701237.5,0,9.413261456781497,15.285404729894037,0.0362382959900803,80.9156838281631,64.19771318626172,8.220947218022522,57.1,-0.3,108.6,43.66
2021-10-14,674586.5,0,9.648691514987746,16.66345107335984,0.4160267285151616,80.24386259435188,36.7036545057165,15.33843241443696,57.1,-0.3,108.6,43.65
2021-10-15,694456.0,0,8.040131267719984,13.052479211790054,0.1297197639392695,73.58210785097154,70.57917659288991,9.611713270228412,57.1,-0.3,108.6,43.65
2021-10-16,648048.5,0,7.020214273648794,13.980319723148424,1.3261852934002671,74.05127899832043,56.60074426082144,8.011548769894143,57.1,-0.3,108.6,43.65
2021-10-17,618382.0,0,10.020074047432942,13.891007318133436,3.792651988006656,88.14449731429531,75.70412331461151,12.02571504459332,57.1,-0.3,108.6,43.65
2021-10-18,708163.5,0,10.627882221166049,15.574227460353091,3.4446754638268304,89.99373025153864,74.41955095216751,14.372391223796676,57.1,-0.3,108.6,43.65
2021-10-19,682134.0,0,13.605659109008926,17.648136572619876,7.504102163119617,91.79382867574328,93.21185184600093,19.156336141156487,57.1,-0.3,108.6,43.64
2021-10-20,667724.5,0,8.99335710381553,15.980859098485428,15.14327028803648,82.71178169447485,74.66443121234869,20.190802976649884,57.1,-0.3,108.6,43.64
2021-10-21,663067.5,0,5.454034983620963,10.459035688670692,3.212643248955211,66.2598251937688,45.43170588349554,20.86045735045385,57.1,-0.3,108.6,43.64
2021-10-22,698528.0,0,6.522355854519043,12.3438160561522,0.3054228143888663,72.50354748506857,60.075649838250406,17.837723968543596,57.1,-0.3,108.6,43.64
2021-10-23,638061.5,0,6.045692754695065,12.607420165872938,0.1247721343201488,76.71824102878004,40.39490717439426,13.20797680785938,57.1,-0.3,108.6,43.64
2021-10-24,585798.5,0,9.639865315831544,13.912209598806418,2.5101419574909727,79.75943841528917,63.67516262860242,18.56907741630439,57.1,-0.3,108.6,43.64
2021-10-25,676838.0,0,8.43496449487582,13.624663303409392,1.5969001385265973,81.01557167177802,53.67439587933778,13.846431778355475,57.1,-0.3,108.6,43.63
2021-10-26,681881.5,0,7.974981030658538,14.67412244974231,0.987751277695177,85.14480106348792,67.73256806034979,16.911149365676533,57.1,-0.3,108.6,43.63
2021-10-27,656196.5,0,13.684662251674355,16.912365668663753,2.4146589520170325,80.60463443571065,71.67117199795726,26.24955081509158,57.1,-0.3,108.6,43.63
2021-10-28,674602.5,0,12.566986885460338,16.10834240103917,5.83893071463398,81.42570538473586,59.9638886990179,23.47660630244384,57.1,-0.3,108.6,43.63
2021-10-29,676419.5,0,9.319005343871256,13.94327217206213,9.174894021252056,86.58573745865901,76.710216892844,18.79345506700247,57.1,-0.3,108.6,43.63
2021-10-30,622052.0,0,7.944534208004792,12.489977167944936,6.699182025522431,85.85454556686614,75.31608962208597,15.42246927101915,57.1,-0.3,108.6,43.63
2021-10-31,627668.0,0,7.718692780020304,12.22936908929212,12.915013972524328,84.33353849645287,69.76075505109428,23.52992823921483,57.1,-0.3,108.6,43.63
2021-11-01,701281.5,0,6.473996419798042,11.29977628040596,4.158074621983929,78.26855640791238,69.04689135460276,22.28684645516732,57.8,-0.1,108.5,43.62
2021-11-02,756725.5,0,4.677894604101361,10.445101643952222,0.334046384281239,82.20929424276184,49.18812802903994,9.091802699670453,57.8,-0.1,108.5,43.62
2021-11-03,766765.5,0,4.272623121844641,9.470847914810816,0.8736071902409807,82.39747475098282,75.55537223613744,11.018657447624086,57.8,-0.1,108.5,43.62
2021-11-04,773412.5,0,3.921200565687154,8.938226041402094,0.8055448503831609,74.28412743426564,34.397449856027244,14.589157948719588,57.8,-0.1,108.5,43.62
2021-11-05,779479.5,0,3.4118620068309298,10.3080383783094,0.3032683572943694,78.76374198474633,65.9333398992498,11.320800546779282,57.8,-0.1,108.5,43.62
2021-11-06,638155.0,0,6.619503823865177,11.55990542314171,1.1628633357298055,82.98735597499834,67.36500777951994,18.50348151343627,57.8,-0.1,108.5,43.62
2021-11-07,619986.5,0,6.784211416322584,11.257095385053043,0.0,70.96581343253123,47.99599701408059,19.83369656405356,57.8,-0.1,108.5,43.62
2021-11-08,766806.0,0,5.076104954919845,11.448126734502244,0.3514023359213432,80.48940098802854,36.51901389113934,10.117547157192773,57.8,-0.1,108.5,43.61
2021-11-09,734219.5,0,9.787791357036935,13.499543269768624,0.4469085797606101,84.88337515480974,74.15099940030818,14.860342756821892,57.8,-0.1,108.5,43.61
2021-11-10,771641.5,0,8.928394731465183,12.639457392006912,0.5910292610390381,85.5351307931791,65.12411708964324,7.424428150576493,57.8,-0.1,108.5,43.61
2021-11-11,757363.5,0,7.681641740566778,13.168381749821556,0.0748632805920893,85.94231347039614,36.021786805009675,7.993619207742934,57.8,-0.1,108.5,43.61
2021-11-12,694848.0,0,8.996069147982746,13.036847407937223,1.482969961746596,82.83485082942616,77.61103356110476,22.43292412275709,57.8,-0.1,108.5,43.61
2021-11-13,679590.0,0,8.91693484578282,12.266606118651447,0.1610760085407523,83.72137767024523,68.27453279544658,15.364078014398013,57.8,-0.1,108.5,43.6
2021-11-14,688990.5,0,7.990218633646817,11.589669878136426,0.0270610287849614,80.23695949977981,71.68851797317443,10.16572410574246,57.8,-0.1,108.5,43.6
2021-11-15,771720.0,0,7.117641035762925,11.273084262478642,0.1288406047298202,82.64422804922636,62.140963152638165,5.286540108908362,57.8,-0.1,108.5,43.6
2021-11-16,771100.0,0,7.09001435055884,11.039559805551342,0.5104163521501497,85.52578375159727,68.90097442851632,10.305912164695682,57.8,-0.1,108.5,43.6
2021-11-17,746009.0,0,6.531307204612439,10.393257960423291,0.2448121371329715,74.54617836000146,52.76663404095657,17.281538912106424,57.8,-0.1,108.5,43.6
2021-11-18,728925.0,0,7.997426245774312,13.77417750447556,0.0083181422880099,88.39014294068805,73.05646266592642,17.544167493015273,57.8,-0.1,108.5,43.6
2021-11-19,733157.5,0,9.174995402116846,14.015456048539876,0.0332725691520397,80.3123817796955,33.55130708966536,14.266472930639088,57.8,-0.1,108.5,43.6
2021-11-20,671216.0,0,7.159012856000938,12.242700168966058,0.113102104478166,78.5247704961706,51.96086583672008,14.544918152762332,57.8,-0.1,108.5,43.59
2021-11-21,668307.5,0,3.945676256408453,7.911171740402042,0.1421171613775848,72.9947558776068,48.88808477328625,18.54234810204547,57.8,-0.1,108.5,43.59
2021-11-22,807750.5,0,3.5057485218543287,8.004163066630703,0.0,73.16230983942077,38.34695454168817,14.79827889492952,57.8,-0.1,108.5,43.59
2021-11-23,837852.0,0,3.573906146386273,8.682199525877108,0.0,81.0919612743906,48.808569778040265,8.069918742864983,57.8,-0.1,108.5,43.59
2021-11-24,828810.5,0,4.037033198068692,7.737707639296804,0.3007422261966728,80.68994917187699,62.7480661690708,7.983831663752625,57.8,-0.1,108.5,43.59
2021-11-25,800393.5,0,1.6587440980514565,6.430517518180694,0.329300224005425,72.28971244851047,43.769625661621866,15.33668242199765,57.8,-0.1,108.5,43.59
2021-11-26,764251.5,0,1.460829308751296,7.350712419865904,6.6495782010794455,81.31994706471878,72.48039583717002,20.80925836943819,57.8,-0.1,108.5,43.59
2021-11-27,734952.5,0,1.6015115172055492,5.219023468013609,4.720770964810458,84.3299619211677,79.98199523049533,23.89333707105992,57.8,-0.1,108.5,43.58
2021-11-28,781479.5,0,0.3025201962632241,4.326215829675721,2.170022015439052,81.2381620644397,81.32909088970023,18.409306724047592,57.8,-0.1,108.5,43.58
2021-11-29,874642.0,0,-1.0165393940235878,6.507205921729276,0.4022267554263012,80.40465015334063,65.00660627601215,12.013911024568186,57.8,-0.1,108.5,43.58
2021-11-30,799609.0,0,6.251219591580121,10.627944074373588,4.344242471396618,88.90513102553201,97.6347547348976,23.664529424485178,57.8,-0.1,108.5,43.58
2021-12-01,781446.0,0,2.667195121006696,10.35875617978854,4.031208542215329,77.69129460592085,81.35328068798101,25.78912085523577,58.1,0.1,108.6,43.58
2021-12-02,842400.5,0,0.2187910997275938,3.830324327178481,0.8625021206814014,76.33213677214833,56.18765610059185,15.56589909883949,58.1,0.1,108.6,43.57
2021-12-03,840427.0,0,1.0260691983873478,6.791887622203498,3.810871244457645,87.68850146874091,89.17451116449628,12.95528816802386,58.1,0.1,108.6,43.57
2021-12-04,722082.0,0,3.1674908331241336,6.290425227970177,4.794535932210975,82.26060119412189,74.10815787102274,20.28270579399664,58.1,0.1,108.6,43.57
2021-12-05,744024.0,0,2.122648794383403,6.005418586856594,2.919058614466022,80.99211518361167,67.00128908231416,19.004550782513,58.1,0.1,108.6,43.57
2021-12-06,849959.5,0,1.2239332603736972,5.372149773462051,5.294289489054702,83.82881112879507,75.69012025554396,16.85951910260631,58.1,0.1,108.6,43.57
2021-12-07,850563.5,0,1.0524093215073484,6.005173171769784,10.260409619755064,82.3948358549567,62.84613555911857,22.57468068684998,58.1,0.1,108.6,43.56
2021-12-08,831349.0,0,4.290425227970177,6.151381414938301,5.222855716029327,84.6589960749568,87.701299412184,25.496659312102587,58.1,0.1,108.6,43.56
2021-12-09,850987.0,0,3.9209618507241912,6.94865644383489,4.258481519275826,86.31317520651749,84.08582628140176,15.279953764227928,58.1,0.1,108.6,43.56
2021-12-10,813199.0,0,3.276506489039212,6.85577925022049,4.081553824492162,78.71180777270918,49.34842409706303,21.45931105454048,58.1,0.1,108.6,43.56
2021-12-11,775462.0,0,2.5172783746556813,9.26140992673138,2.387887015135396,89.7227101957936,80.4492840579589,12.371498585966522,58.1,0.1,108.6,43.55
2021-12-12,697186.5,0,8.582227285289306,11.165490231465306,0.6169911314333175,94.21243006976243,84.57936033917625,13.445567840413622,58.1,0.1,108.6,43.55
2021-12-13,796420.5,0,7.234624721760453,11.04772505900412,3.08288300305206,85.03558010102557,75.7765737668883,13.729070810842842,58.1,0.1,108.6,43.55
2021-12-14,789948.0,0,6.196298246116571,9.55299779522897,0.4081554137984194,90.21514938264198,53.38444397823603,10.676824566661807,58.1,0.1,108.6,43.55
2021-12-15,779897.5,0,7.438445839272266,10.413016840792023,0.0914995651681092,89.73824842842141,34.29940763528902,11.126023628324829,58.1,0.1,108.6,40.76
2021-12-16,811994.0,0,5.8908557969840345,11.073928597948065,0.0,89.16169315141616,5.818088072328882,5.669642464180154,58.1,0.1,108.6,40.76
2021-12-17,813759.0,0,4.629221646612602,8.504513132734495,0.0,88.05910360579766,8.973184198821318,6.413964831480207,58.1,0.1,108.6,40.76
2021-12-18,758797.5,0,5.313817189026353,8.828973007475371,0.0,91.0566732741772,33.85372590813724,8.095289806788099,58.1,0.1,108.6,40.76
2021-12-19,768808.5,0,4.286651137336803,6.663945376533437,0.0,86.56198493566284,38.18292618196946,9.558995819860348,58.1,0.1,108.6,40.75
2021-12-20,840889.0,0,3.0395696252282653,6.424077592720494,0.0,78.26744724543771,54.42128447090781,10.41433398371661,58.1,0.1,108.6,40.75
2021-12-21,849051.5,0,0.675396963897274,5.684294067575113,0.0,81.41895484091938,11.291920123951062,5.582609392122966,58.1,0.1,108.6,40.75
2021-12-22,852830.5,0,0.0873844751122977,4.665097567326409,2.31297720556398,75.33447542271635,53.47855631509416,10.487194342194137,58.1,0.1,108.6,41.3
2021-12-23,803277.5,0,3.068966833526387,9.385440160640696,2.3351739720965043,86.85210596878996,69.95332423263912,12.60338211187412,58.1,0.1,108.6,41.29
2021-12-24,730391.0,0,5.278352788075206,8.40221891505202,6.045532592537317,94.07604619053087,74.0401197730121,10.301871406059714,58.1,0.1,108.6,41.29
2021-12-25,622773.5,1,3.346845557104848,6.308497690239874,4.911247079913914,85.76648239686911,87.011200839839,20.72386937868829,58.1,0.1,108.6,41.29
2021-12-26,652409.0,0,3.298051628572672,6.139050851235368,8.304834127062378,88.00715972775615,90.29756500902734,14.59501496340503,58.1,0.1,108.6,44.07
2021-12-27,705019.5,0,5.101561537625559,7.759247031476321,1.660604628703724,94.0631478374336,80.92204794694682,8.80937334725156,58.1,0.1,108.6,44.07
2021-12-28,695477.0,1,6.423654486046408,8.92511283869126,4.0917531771495534,88.85437890896904,84.33008843979071,17.20919152801918,58.1,0.1,108.6,44.07
2021-12-29,679859.0,0,7.075004582515898,13.230323672533352,4.695355776883663,89.73491086007708,82.23326845380075,20.79824462594745,58.1,0.1,108.6,44.06
2021-12-30,646659.5,0,10.215285782410955,13.60941635712914,2.745998954965087,90.76501792805615,91.42123485003648,23.361439026168348,58.1,0.1,108.6,44.06
2021-12-31,623973.5,0,10.928257594067894,13.362425757710245,3.130761033874597,85.92009081925673,70.83600326609523,23.23492920858137,58.1,0.1,108.6,44.06
2022-01-01,550091.5,0,10.24709883100665,13.2412312129142,0.8802187218548697,82.15925312305681,67.83384487344634,14.666687494421684,57.9,-0.8,107.7,42.1
2022-01-02,592829.0,0,8.512317501534882,11.419691639401057,4.609196010647911,81.66355355759364,77.16028375885062,24.42867512242785,57.9,-0.8,107.7,42.1
2022-01-03,644972.0,1,5.37291805945235,9.837314400422514,1.5042949146182931,80.32377033057304,65.64260949293217,21.49403375485513,57.9,-0.8,107.7,42.1
2022-01-04,770405.0,0,1.126595812754528,5.915688607379873,2.0958541646740456,71.60541898025836,51.57522129156751,16.65580919793002,57.9,-0.8,107.7,40.24
2022-01-05,822483.0,0,-0.2957246110178557,5.116228754153155,0.1053484814322971,73.83048288653137,16.66285253408519,16.144468638994624,57.9,-0.8,107.7,40.24
2022-01-06,846398.5,0,-1.385778670567573,7.212803770706763,3.2793666612655885,81.75383506790729,58.24962559216186,18.272283582311573,57.9,-0.8,107.7,40.23
2022-01-07,827662.0,0,1.15781806717286,4.770889679940616,1.3037998507654984,80.5245734418401,57.18259862889649,19.26112154479531,57.9,-0.8,107.7,40.23
2022-01-08,748988.5,0,0.9068120497240164,8.024934649204873,7.288006424865548,88.7320148237474,86.18265468864831,20.89962169502561,57.9,-0.8,107.7,40.22
2022-01-09,746062.5,0,2.8211481694892835,6.016877673441619,0.7643426708267265,84.718709115414,48.34546692978688,15.961297810301176,57.9,-0.8,107.7,40.21
2022-01-10,851034.0,0,3.030643077886911,7.293377677498574,0.9318257573168426,88.84382519966984,82.82976228513809,8.542865302431297,57.9,-0.8,107.7,40.21
2022-01-11,838680.0,0,3.850506006876171,8.121234730171874,1.461765976844864,88.43539408653216,65.42048131661245,10.774171987630464,57.9,-0.8,107.7,40.21
2022-01-12,825173.0,0,2.2742951100897963,7.124782968236004,0.0,85.75029240815728,22.66336139005072,7.705920499895625,57.9,-0.8,107.7,40.2
2022-01-13,838439.5,0,2.006985647474152,7.480369574528613,0.0,82.51818831601669,11.1007742884407,6.047858108711169,57.9,-0.8,107.7,40.2
2022-01-14,844927.0,0,1.3239486061160697,7.339330553744952,0.0,79.66640080288383,11.415121309737753,6.201571197483015,57.9,-0.8,107.7,40.19
2022-01-15,790602.0,0,1.4358383231839775,6.179932778702408,0.019302675697532,85.23867809691403,40.464075318981216,6.172879868746418,57.9,-0.8,107.7,40.19
2022-01-16,744033.5,0,3.159067102416495,8.966815777205762,0.1797851562259886,85.91116233564104,62.420242985830896,9.873385577497812,57.9,-0.8,107.7,40.18
2022-01-17,835447.0,0,1.4537727874900206,8.336728662072554,0.0,83.80832279549328,8.03250840158649,7.57715181853655,57.9,-0.8,107.7,40.18
2022-01-18,858847.0,0,0.4826774752163033,7.282636702811273,0.2911349800803474,82.49315757535672,16.398611605253784,8.525020782677734,57.9,-0.8,107.7,40.17
2022-01-19,807132.5,0,2.591141369785613,8.009653141964684,0.3391896559799896,86.69023414228211,67.1480554642399,16.421312470049216,57.9,-0.8,107.7,40.17
2022-01-20,857687.5,0,0.1931044538243446,4.915864454896364,0.0585459833802505,70.46955279316484,21.16913635895354,13.792137785772576,57.9,-0.8,107.7,38.19
2022-01-21,867510.0,0,-0.3674936176710173,6.255319421950196,0.0,81.4636347243692,22.219014432066768,10.44244624349258,57.9,-0.8,107.7,38.18
2022-01-22,776581.5,0,1.9252810179467428,7.435426803421317,0.0363480996481758,86.97130790290058,31.092933191897203,11.266773160729947,57.9,-0.8,107.7,38.17
2022-01-23,772330.0,0,1.9856398827269333,6.743231199882766,0.027815653284204,86.4426929955307,13.413367214240948,6.671071572935827,57.9,-0.8,107.7,38.16
2022-01-24,863829.0,0,1.498597676372462,7.133100249957648,0.0135305143924807,86.8555556412707,20.508373449044267,6.116876022998268,57.9,-0.8,107.7,38.16
2022-01-25,883991.0,0,1.2220621278511483,6.117757135386022,0.0,86.18063798210464,22.52651675436657,5.206178961783231,57.9,-0.8,107.7,38.15
2022-01-26,821611.5,0,1.38539888418965,7.884365390086128,0.0665451383040794,87.86754491357333,28.766480829408945,12.239500690788915,57.9,-0.8,107.7,38.15
2022-01-27,792152.0,0,4.350364966195724,10.281001334738434,0.2448544677778135,82.78600724928813,58.39974915105128,18.85762664033169,57.9,-0.8,107.7,36.83
2022-01-28,805862.0,0,2.715797681093284,9.24819024430004,0.0695263999017479,86.7414921489301,61.68755991693322,12.987189962526022,57.9,-0.8,107.7,36.82
2022-01-29,672093.0,0,5.179123016486731,12.060405903952434,0.1371347356794995,80.08005938030863,67.63730420885798,27.00842686562797,57.9,-0.8,107.7,36.82
2022-01-30,703012.5,0,1.3842929181043246,6.249759456333511,1.3389067109792778,77.77610631031187,45.42591150574772,12.119766972766024,57.9,-0.8,107.7,36.82
2022-01-31,774507.0,0,4.377737845790933,7.396806398261754,0.6032384818109463,72.71964475082792,67.34824348569701,28.087686472437657,57.9,-0.8,107.7,36.81
2022-02-01,736361.5,0,5.565674214407405,12.368739487259807,0.2334864798262344,79.40691333531181,70.14742463835928,26.861579851707205,57.3,-1.3,106.4,36.81
2022-02-02,778384.5,0,7.356419711370958,11.356660178201166,0.2364299164586759,85.24504478202961,71.83627798654025,11.070292582114629,57.3,-1.3,106.4,36.81
2022-02-03,756391.5,0,6.319798709224214,10.593209126355484,0.8254520201672498,80.4419720867923,75.33886537152249,20.884288138887545,57.3,-1.3,106.4,36.8
2022-02-04,752255.0,0,3.5310687816273507,8.00032131396682,5.464769004624683,76.4092852252557,63.02059488985857,21.90194155143888,57.3,-1.3,106.4,36.8
2022-02-05,681790.5,0,2.4403953601703825,8.975982653072013,5.0376998296570346,78.79457303491515,71.68116056103025,26.38106499513534,57.3,-1.3,106.4,36.8
2022-02-06,659956.5,0,3.503742572390228,8.474425350662353,6.21812813476666,77.01598641866455,79.79946160509397,33.2738916274023,57.3,-1.3,106.4,36.8
2022-02-07,789399.5,0,1.909347616317224,9.64785303136961,0.2150886666114265,78.05802857399974,40.24788626459858,17.0926218051781,57.3,-1.3,106.4,36.79
2022-02-08,753202.0,0,8.362465943086075,11.32452712185546,0.9234320849629796,78.28430618619362,80.7197380915441,22.73413716481248,57.3,-1.3,106.4,36.79
2022-02-09,759572.0,0,5.561067218470016,9.146281222269783,1.6199527506036873,75.5886410864134,79.94914751988462,15.589040404574378,57.3,-1.3,106.4,36.79
2022-02-10,774783.5,0,2.397600593446566,6.783922711674124,1.0396981139335777,75.7253067857625,69.94673682761798,16.208997547139983,57.3,-1.3,106.4,36.79
2022-02-11,803016.0,0,0.5385596583944929,7.486121753789996,0.2620985288863853,72.09758177163077,37.45535008270043,12.233903982061864,57.3,-1.3,106.4,36.01
2022-02-12,672197.5,0,3.918047127810579,7.931163158096614,3.209500157852459,75.21113948145712,83.49746100650859,27.347006421546222,57.3,-1.3,106.4,36.01
2022-02-13,696008.5,0,5.668812955039833,8.557638476192677,11.75465146570434,88.42102371929899,97.42542468642806,25.201377585417973,57.3,-1.3,106.4,36.01
2022-02-14,776659.5,0,3.5907387476644845,8.096451740421712,4.478715747307227,81.7005858182597,72.76526534088632,18.83573510746876,57.3,-1.3,106.4,36.0
2022-02-15,793344.5,0,2.6122294871098224,8.961180527399327,6.644888965732001,86.91145958448413,83.38563411078538,18.955052956795388,57.3,-1.3,106.4,29.06
2022-02-16,722319.0,0,5.969873661481222,12.464776619100297,5.965328810729247,86.79920176015327,94.4342592146373,31.736972039461147,57.3,-1.3,106.4,29.06
2022-02-17,721558.0,0,4.371320448728809,8.683749006353192,1.3010522698175526,67.19691972870523,60.48682402204624,31.05434770114448,57.3,-1.3,106.4,29.06
2022-02-18,732754.5,0,2.848753417370508,8.833504073798238,9.822208808314745,81.15526694891604,85.77773184334053,33.43869391289446,57.3,-1.3,106.4,29.06
2022-02-19,706080.0,0,2.001359341411019,6.282944585795885,7.592643700445208,79.78125199005972,64.75525325054357,23.78641520384728,57.3,-1.3,106.4,29.06
2022-02-20,648542.5,0,2.6076535176633704,10.968942298164608,12.668842758297153,85.50111988881974,92.24829116107368,34.34969404714281,57.3,-1.3,106.4,29.06
2022-02-21,748112.5,0,2.631164974506336,8.675533117790144,2.07110918736964,75.49736145742078,76.00244854181946,34.525916248083085,57.3,-1.3,106.4,29.06
2022-02-22,732972.0,0,4.512459080069307,11.499301250845509,1.9755226864964104,82.39159336382853,79.50057531935003,23.20100276266391,57.3,-1.3,106.4,29.06
2022-02-23,737457.5,0,2.5818453935972387,8.961661737670358,1.948888466357633,76.14135335801602,54.95024849161157,22.49460498651493,57.3,-1.3,106.4,29.05
2022-02-24,746441.0,0,2.643197843715739,6.827817328315166,4.181842592146373,75.24296949550403,69.25994336797154,26.582928354899536,57.3,-1.3,106.4,29.05
2022-02-25,742452.0,0,2.357039518928649,8.586098066700778,0.4248905467153534,70.78088689477904,35.324426051409255,17.90759573370536,57.3,-1.3,106.4,29.05
2022-02-26,635177.5,0,2.233412322056389,10.132159527981807,0.0,73.96546599422831,17.634141688932797,18.34971706729309,57.3,-1.3,106.4,29.05
2022-02-27,620545.0,0,2.6288928334245942,9.569697669512518,0.0,70.78494391197242,36.91308118349512,19.022099743821688,57.3,-1.3,106.4,29.05
2022-02-28,766018.5,0,5.000843370405713,9.35424157179742,7.878386854209484,86.61959369158137,87.16280584835985,17.36170300490105,57.3,-1.3,106.4,23.15
2022-03-01,792898.0,0,3.9838108872217934,7.966307812541108,3.9306522429187054,87.39546018048782,80.3174703854526,13.467715914257102,58.0,-0.8,105.6,23.15
2022-03-02,799139.0,0,5.059674837457454,7.438142136181431,4.425260183020337,93.84358588538387,94.79299888999232,14.202224121478531,58.0,-0.8,105.6,23.15
2022-03-03,795845.0,0,4.797069322800657,9.794184950218694,4.125630985700092,81.91881335458851,69.33635900271669,12.343539353331092,58.0,-0.8,105.6,23.15
2022-03-04,783467.0,0,3.8925909139190216,7.397073388976735,4.3066733433298365,87.23187618035898,83.9312479699854,9.940216408468071,58.0,-0.8,105.6,23.15
2022-03-05,692530.0,0,2.735822092287629,7.657408883233192,1.567254848922657,83.97381777544086,79.50858733052067,13.37820029264174,58.0,-0.8,105.6,23.15
2022-03-06,702570.5,0,1.903712366510789,8.545032423681901,0.1829227827323178,77.96662554593715,35.11437979658178,14.912596423387834,58.0,-0.8,105.6,23.15
2022-03-07,772082.5,0,0.505307835038771,8.150613159682514,0.0,75.71200700919012,27.932239296337013,14.259241683671048,58.0,-0.8,105.6,23.15
2022-03-08,731751.5,0,1.0534392196728422,10.12472289763022,0.2116341657386893,68.41891354910109,23.256725064905144,20.901649973113447,58.0,-0.8,105.6,23.15
2022-03-09,715812.5,0,5.285196887749445,11.3113456270566,1.1721168875330732,82.15331168066399,68.56491654719137,23.674608516066407,58.0,-0.8,105.6,23.15
2022-03-10,715095.0,0,7.386624868548488,12.629125170976096,0.6150057279911996,79.75987507588351,71.09312508282952,21.159990228883608,58.0,-0.8,105.6,23.15
2022-03-11,704095.0,0,6.978728535938112,10.924267977661664,5.111066794333737,85.50382194427021,84.95700123294573,23.648846755013228,58.0,-0.8,105.6,23.15
2022-03-12,616229.5,0,5.388723282795139,10.935593522787428,2.090720205532753,76.76793228215561,68.53304754641465,19.806760022340303,58.0,-0.8,105.6,23.15
2022-03-13,620686.0,0,5.707355817022937,10.38872328279514,2.088184831030253,78.93754978991116,77.51564684839697,24.198990896806045,58.0,-0.8,105.6,23.15
2022-03-14,719545.0,0,3.2600677505459066,11.105961782493573,0.9525655004722052,76.6098828148339,40.147212862197016,12.06105205098782,58.0,-0.8,105.6,23.15
2022-03-15,730384.0,0,2.633053425926996,11.060473151067017,0.211231359210482,77.65890382531585,52.12623045623049,8.91312046220282,58.0,-0.8,105.6,23.15
2022-03-16,779220.0,0,5.005021619885869,10.702658354046346,7.515041424591397,89.77818210395691,88.47431742641973,12.889962344689286,58.0,-0.8,105.6,23.15
2022-03-17,709670.0,0,2.1785391068402977,11.98560117260773,0.2342179704574942,74.90778774757572,31.16678858023516,12.815159273008287,58.0,-0.8,105.6,23.15
2022-03-18,694559.5,0,3.013352086713617,13.56079294367544,0.0,77.43290051865105,20.963534837201745,10.372952067191054,58.0,-0.8,105.6,20.37
2022-03-19,568850.5,0,4.505556723125557,14.143394314090497,0.0,73.8769991264022,7.588263082637238,18.27448707785839,58.0,-0.8,105.6,20.37
2022-03-20,605504.0,0,2.6990246894031578,9.770065595441851,0.2536992613144193,73.80314373806425,39.47787253364753,12.706392858626897,58.0,-0.8,105.6,20.37
2022-03-21,731298.0,0,1.05778724660316,11.762084518558606,0.1448634345719997,78.5194855122423,51.20669637731065,7.585931869821388,58.0,-0.8,105.6,20.37
2022-03-22,683996.5,0,6.056974088223789,15.806633457615508,0.1976476587431453,78.73240741105002,44.005416911825634,10.44409030943262,58.0,-0.8,105.6,20.37
2022-03-23,684329.5,0,5.435368576886319,16.210445419315878,0.0168500584816314,68.23764056122204,16.609615808751666,8.304505968519498,58.0,-0.8,105.6,20.37
2022-03-24,681896.5,0,5.790031349818015,15.620149325475788,0.0290228972737011,67.42186650574895,35.21291376952902,6.533610356817862,58.0,-0.8,105.6,20.37
2022-03-25,659262.5,0,5.422910557157712,15.819481129500732,0.0040684704096713,66.86622288386116,26.978036671314545,6.584984478456213,58.0,-0.8,105.6,20.37
2022-03-26,581960.0,0,5.194665014092389,17.11706502488635,0.0,68.93734093352764,13.30398819954518,8.37718579246729,58.0,-0.8,105.6,20.37
2022-03-27,570908.5,0,4.946628104278023,13.84109543705584,0.0091530852902407,80.093427986823,41.77766070831005,9.033423260469588,58.0,-0.8,105.6,20.37
2022-03-28,694249.5,0,6.089416779421351,15.2537410971336,0.4018611668566879,72.80562219993219,51.06082286372391,5.731478030109496,58.0,-0.8,105.6,20.37
2022-03-29,733817.5,0,5.264073886752908,10.676112063812717,1.618983971090871,86.83678063413414,85.94714433652669,11.33387988005672,58.0,-0.8,105.6,20.37
2022-03-30,746833.5,0,1.5348024102742772,7.638965286351,4.3542917166922095,81.95120478061827,83.41741762351401,12.684645378426683,58.0,-0.8,105.6,20.37
2022-03-31,724183.0,0,-0.0526937694257489,6.120270649966106,1.654776967014983,75.878138547005,63.19452014696507,21.61292617705194,58.0,-0.8,105.6,20.37
2022-04-01,729123.5,0,0.5853489129448606,8.16259723785243,0.8509859017100437,63.63618828479042,48.54423438668296,19.990598189515893,55.2,-0.9,104.7,20.37
2022-04-02,676185.0,0,-0.2934701730156384,7.889097875040354,1.273880443112998,65.84673259240209,50.7625472881218,11.427571630470837,55.2,-0.9,104.7,20.37
2022-04-03,636507.5,0,-0.8746379474361147,9.176439355642328,0.9718351089071324,68.80011193202313,56.22321502553792,12.30643667989562,55.2,-0.9,104.7,20.37
2022-04-04,683588.5,0,4.916602697900144,11.478538150996942,4.018484665875273,89.70593890986895,98.8063659444138,24.4720472984486,55.2,-0.9,104.7,20.37
2022-04-05,666139.5,0,8.7997824887776,12.02980705302982,2.609511720176273,80.55368074684375,90.2566004671892,24.176043787091945,55.2,-0.9,104.7,20.37
2022-04-06,647210.0,0,6.59353130088867,10.98285528974163,6.458415191123184,76.25839368772112,85.16049590382704,29.729399654765363,55.2,-0.9,104.7,20.37
2022-04-07,659467.0,0,3.604297232000578,9.750341445072875,4.623140595767636,64.83012356933915,64.86544666836649,27.393933566489448,55.2,-0.9,104.7,20.37
2022-04-08,689757.0,0,1.8323700471024853,9.35881134823949,1.2091222693307178,65.90897110316494,56.7052254388827,13.578477766899129,55.2,-0.9,104.7,20.37
2022-04-09,608840.0,0,1.1502633394548287,8.975963720611967,0.6419812933156861,66.20571683764481,42.6607576696748,14.835451458647697,55.2,-0.9,104.7,20.37
2022-04-10,603758.0,0,0.783547151291747,10.959764173466576,0.1397918987634644,67.79826096134114,39.45768739631712,7.689681581839001,55.2,-0.9,104.7,20.37
2022-04-11,631928.0,0,4.362635443925619,12.198018502914492,1.2987384066343275,70.27599434448078,81.51179227944114,19.255181055172383,55.2,-0.9,104.7,20.37
2022-04-12,691662.0,0,7.9239009000048926,15.09762398548446,5.804981575888799,87.66450182489245,83.3185880613874,12.19826920433755,55.2,-0.9,104.7,20.37
2022-04-13,667807.0,0,8.468493605008398,15.672309635958298,2.353281894310648,84.35587861490123,70.79494046601882,10.973354145311305,55.2,-0.9,104.7,20.37
2022-04-14,662005.5,0,7.28410708801799,17.051334228240396,0.8169644830737658,78.54239492607611,39.87591564261318,6.343954899314965,55.2,-0.9,104.7,20.37
2022-04-15,564808.5,1,8.662003370223765,18.067574529350107,0.0988712565670434,78.34981993570831,44.99317016113982,6.715689464872788,55.2,-0.9,104.7,20.37
2022-04-16,517313.0,0,8.159981684688976,16.364707073044137,0.1163796775162776,80.42193595038123,64.84075866362895,11.206455449462748,55.2,-0.9,104.7,20.37
2022-04-17,496476.0,0,8.379400337071552,16.631000836839323,0.6279964198595113,72.38830357228474,60.695021426873126,13.142173600700648,55.2,-0.9,104.7,20.37
2022-04-18,541062.5,1,6.455223287466786,13.047662329862955,0.4603426538612752,77.3699788872336,68.69789161547732,11.682837374593966,55.2,-0.9,104.7,12.96
2022-04-19,635944.5,0,5.154679381862556,13.364549866009815,1.3422178061507877,72.54266266978667,70.39853862615252,11.386263999263354,55.2,-0.9,104.7,11.11
2022-04-20,612843.5,0,5.999809799465908,14.533149754037838,0.0492568225701478,73.78786169297008,51.47055065060047,15.1112624563908,55.2,-0.9,104.7,11.11
2022-04-21,588490.5,0,5.399504949977736,14.003129772301516,0.0,77.41763085956565,63.72490826669886,18.1581015469541,55.2,-0.9,104.7,11.11
2022-04-22,582753.5,0,6.660250980492436,13.100067917126967,0.2191433018800424,80.7634160452353,85.96976722786248,23.374864752775267,55.2,-0.9,104.7,11.11
2022-04-23,518818.0,0,7.642252450093912,13.197806219632763,0.3018584391686535,78.85540908374516,75.25122970323491,25.29800033267037,55.2,-0.9,104.7,11.11
2022-04-24,507376.0,0,5.803757782900743,13.405152432120367,0.0293435581321185,76.0250201218857,59.293105753894245,20.425510220577912,55.2,-0.9,104.7,11.11
2022-04-25,644680.0,0,4.925181637898753,12.202015464869346,0.6427794240548953,75.51404432015134,67.99535598434163,13.427987622105148,55.2,-0.9,104.7,11.11
2022-04-26,644901.5,0,4.178299562045483,12.635496835082783,0.137121436855697,71.12454615881285,33.62607553891739,10.180179576842306,55.2,-0.9,104.7,11.11
2022-04-27,684531.0,0,3.5323086426188364,12.243879160254425,0.0,72.67248018177129,35.465138118442944,12.44114863235105,55.2,-0.9,104.7,11.11
2022-04-28,692658.0,0,3.265362231438752,13.710345347741344,0.0421007921759273,71.62399733261309,34.24582757471007,11.134967002812084,55.2,-0.9,104.7,11.11
2022-04-29,655798.5,0,5.385176981005333,14.180849666063368,0.0,66.42715327227901,40.35217264731605,7.979341812411777,55.2,-0.9,104.7,11.11
2022-04-30,557374.0,0,4.087415824315622,15.0702505219335,1.201520219682923,69.09566278547138,43.59460324386804,7.766431777126097,55.2,-0.9,104.7,11.11
2022-05-01,585174.0,0,8.026852467452766,12.175453776644671,3.1652505114837663,84.70316701023755,90.77110668097008,6.807529937259795,55.8,-1.3,103.3,11.11
2022-05-02,599483.5,1,8.168653919301986,15.07484568508336,0.6781718555335279,80.8676330908913,70.40951000211699,4.981320285221199,55.8,-1.3,103.3,11.11
2022-05-03,668236.5,0,8.314923600762118,14.019769514510257,1.1252319226355754,81.13786300840724,79.36891267624092,7.262646745006072,55.8,-1.3,103.3,11.11
2022-05-04,649259.5,0,8.50361957286895,15.338724853328756,5.400105865030247,83.60484290791275,80.61783652263327,10.972568647993688,55.8,-1.3,103.3,11.11
2022-05-05,628948.0,0,7.62280995080265,17.033010926242333,0.1203389082461682,80.4730320476144,70.60753989216857,10.210689313044291,55.8,-1.3,103.3,11.11
2022-05-06,606017.5,0,9.13081404783618,17.98370262489953,3.3364034140880614,82.40159889235274,66.29003763502594,12.723619030712138,55.8,-1.3,103.3,11.11
2022-05-07,538941.5,0,8.242569839263414,15.677207334287496,1.0477578496561053,82.84062277097944,64.12056278151277,10.475155126307785,55.8,-1.3,103.3,11.11
2022-05-08,509335.5,0,7.223303448732005,16.66092646362054,0.0166362845760198,72.46935646109539,39.763312116479376,10.963428418950262,55.8,-1.3,103.3,11.11
2022-05-09,571043.0,0,7.4949006371633375,17.326943254130903,0.7227007280268516,73.6647226216343,49.05879859649002,14.21764467165582,55.8,-1.3,103.3,11.11
2022-05-10,564038.5,0,10.4383203963572,16.765283305209206,1.3278146713165115,74.18855691380247,69.54692609996978,20.529977199294137,55.8,-1.3,103.3,11.11
2022-05-11,601538.5,0,8.696728314157866,15.17705871754958,5.689276147509927,76.93381233481736,69.58042115626189,20.16632857677813,55.8,-1.3,103.3,11.11
2022-05-12,583599.5,0,6.803421547327831,15.850669622056463,0.7807349387362803,72.58226255314305,52.11360645476408,15.478499932629948,55.8,-1.3,103.3,11.11
2022-05-13,537421.5,0,9.293807269154916,17.865092944855643,0.2662874401691234,73.04383546807065,45.25641267931437,21.38060761947919,55.8,-1.3,103.3,11.11
2022-05-14,505510.0,0,8.656171496370009,19.632278055631435,0.2161344914015897,70.71623595524956,30.83533366862638,8.846997677577255,55.8,-1.3,103.3,11.11
2022-05-15,528859.5,0,10.604814247979329,17.46674759268853,5.9649773846232526,79.05169635764057,77.30454847435107,13.832865579656604,55.8,-1.3,103.3,11.11
2022-05-16,610425.0,0,10.980717550685515,18.7774013090198,8.7809917839885,83.38464796319923,75.4750730651579,14.782255794623625,55.8,-1.3,103.3,11.11
2022-05-17,593422.5,0,10.141184195256116,21.268563277076066,3.202202697986201,75.32218418382287,50.63496468235635,12.41900114246332,55.8,-1.3,103.3,11.11
2022-05-18,576135.0,0,11.108221429995751,20.153680003068533,2.74521853498903,72.80368180718445,50.40262819119523,14.093234466961505,55.8,-1.3,103.3,11.11
2022-05-19,585128.0,0,10.709322288005009,18.932656256108483,1.0556179601061104,69.92553705180782,54.772053350074216,11.384890888790483,55.8,-1.3,103.3,11.11
2022-05-20,594516.5,0,9.93866319374865,15.645969866285196,2.222624873711886,79.38987923856597,73.51512359331207,14.545743051725694,55.8,-1.3,103.3,11.11
2022-05-21,505874.0,0,8.93811107895598,16.864704107163625,0.3385134121726866,77.00847979045946,60.359093506436665,14.277122070601356,55.8,-1.3,103.3,11.11
2022-05-22,496543.0,0,9.060288974497483,19.08898008809249,0.7138079809662391,73.92855679455256,49.281727391507786,9.386366606435216,55.8,-1.3,103.3,11.11
2022-05-23,604703.5,0,9.210396597541878,15.386765279171415,3.748660920316718,86.23137947989336,86.72223878983223,10.049372167660948,55.8,-1.3,103.3,11.11
2022-05-24,587822.5,0,8.092264347423919,15.53106878162735,3.013436890918787,75.01742502438476,71.49618853619874,15.996083378062297,55.8,-1.3,103.3,11.11
2022-05-25,582212.5,0,8.030467860427937,16.265652657219942,0.9565335858153092,80.29774469835796,61.04506498689849,19.73747201315241,55.8,-1.3,103.3,11.11
2022-05-26,577989.5,0,9.277709760592897,16.973573328491213,0.9143778049853348,81.45123293343224,72.35024029164349,18.88882340047144,55.8,-1.3,103.3,11.11
2022-05-27,521217.0,0,8.656647666180897,16.76657492312069,0.197269349158575,67.45435299362762,29.599552115161483,19.20630222254788,55.8,-1.3,103.3,11.11
2022-05-28,510187.5,0,7.105719794304968,16.6570003447183,0.1530423633463639,68.03231807811434,41.73103940250631,11.83744946324017,55.8,-1.3,103.3,11.11
2022-05-29,508475.0,0,6.897111069489751,12.627514482717244,1.2411333050493851,67.44975735409281,70.1167488128487,12.35113193060196,55.8,-1.3,103.3,11.11
2022-05-30,604571.5,0,5.745364528536258,13.77258493421216,2.8440141785070354,71.55956566846706,64.41321696857383,11.584241840417064,55.8,-1.3,103.3,11.11
2022-05-31,604792.5,0,6.928666639702254,14.79168534300577,4.462103747606704,76.34772385728466,68.53267009585971,9.91252554960071,55.8,-1.3,103.3,11.11
2022-06-01,592610.0,0,6.539225998004961,16.489921922657704,1.2192081532393315,73.35684443160697,55.610888663242925,7.350734948263979,54.6,0.0,103.3,11.11
2022-06-02,517985.0,1,7.302989143463543,18.125316626953577,0.7030275984862884,71.32868236655258,41.32599561688962,8.104101806599266,54.6,0.0,103.3,11.11
2022-06-03,504484.0,1,9.256282226673672,18.13649307895648,3.809608769011448,75.66123878774229,61.481807058439095,12.200397246654797,54.6,0.0,103.3,11.11
2022-06-04,486776.5,0,9.167418868261796,17.839160115502757,4.953940727016302,74.46215905282624,52.09227384438846,19.754749342834643,54.6,0.0,103.3,11.11
2022-06-05,546972.5,0,9.188291106366249,13.910242666806653,12.198286165178583,89.78637053123254,84.50030699168373,12.844652680332295,54.6,0.0,103.3,11.11
2022-06-06,629423.5,0,8.788670056765417,14.117443289905877,3.447108162004815,85.29531498142775,84.97549847692046,9.135611659223589,54.6,0.0,103.3,11.11
2022-06-07,610573.5,0,9.6412140384683,18.920073054708173,1.2514858277628054,78.08853539042298,66.05862729768147,7.419142490488897,54.6,0.0,103.3,11.11
2022-06-08,581967.5,0,11.169248601395248,19.07777130338185,5.563019324140681,83.53948015706074,71.900488408294,17.14458335556463,54.6,0.0,103.3,11.11
2022-06-09,596440.5,0,10.518867333613796,18.30967334683357,0.8165406771895083,72.85532023026789,48.08396928675522,15.473189270015975,54.6,0.0,103.3,11.11
2022-06-10,529543.0,0,12.237452681143688,20.51650584730258,0.1692240721803727,71.90664974076053,41.23871298058637,17.488819798386512,54.6,0.0,103.3,11.11
2022-06-11,444352.0,0,11.161688848584332,19.8140099866268,0.7749525243976713,71.12650290232153,46.19643976318197,20.58066171529564,54.6,0.0,103.3,11.11
2022-06-12,450252.5,0,9.997138017510805,17.866845503626795,0.5695221078269986,71.03785407081084,46.48784585240205,17.167875721431226,54.6,0.0,103.3,11.11
2022-06-13,570289.5,0,9.19446921987692,18.24957280563568,0.1723149222945453,68.46419164911316,32.25310722853619,12.205260722103697,54.6,0.0,103.3,11.11
2022-06-14,579812.5,0,9.204763130337202,20.218230486842064,0.0706136087137507,67.11784946186326,28.003596445147867,6.830546168893772,54.6,0.0,103.3,11.11
2022-06-15,590101.5,0,10.343301053284057,22.716255179687487,0.0516840100499398,65.6292492615726,28.213186584434222,8.051861048528812,54.6,0.0,103.3,11.11
2022-06-16,600306.0,0,11.43113964619412,23.830943181966266,0.2085922342122338,64.11391375379294,21.79145962874184,6.932380675097103,54.6,0.0,103.3,11.11
2022-06-17,557042.0,0,14.657022842381862,27.18066980769292,0.9959575263782032,65.00771508503993,27.79257841111911,15.412233464155811,54.6,0.0,103.3,11.11
2022-06-18,534772.5,0,11.315079224969011,19.53160042723432,8.197862984741667,67.97988207904966,58.204204545929535,14.576438593426404,54.6,0.0,103.3,11.11
2022-06-19,492882.0,0,9.921932631053808,18.04725039518437,2.037141237565738,67.11196444803642,52.26294871159692,15.021048915452797,54.6,0.0,103.3,11.11
2022-06-20,558346.5,0,9.420754315924732,20.36702181216098,0.0,65.43876391074795,23.336254351699704,9.964078976388272,54.6,0.0,103.3,11.11
2022-06-21,563996.0,0,10.119421701246273,21.305294416350367,0.1580447034721885,66.36833620434665,49.61635198418328,7.402492267811204,54.6,0.0,103.3,11.11
2022-06-22,576396.5,0,11.41206032127647,23.393534171492192,0.0,61.40741484572872,20.976073289151035,9.532619552952983,54.6,0.0,103.3,11.11
2022-06-23,595383.0,0,12.32545828539774,24.2748448429577,2.439236234134537,67.74060535065743,45.49268506295289,8.87467327675888,54.6,0.0,103.3,11.11
2022-06-24,579126.0,0,13.226699981239651,20.860611468669607,4.631844967924232,75.17043175721014,68.40550853755597,15.557127545647514,54.6,0.0,103.3,11.11
2022-06-25,457360.5,0,10.961079610625683,19.25738634868821,1.7488425536052936,67.78550386406592,56.3226702040452,17.31371060173505,54.6,0.0,103.3,11.11
2022-06-26,439038.5,0,10.153935114894216,18.89180008416339,1.2420748922017688,65.34644201294833,52.68063390978166,21.874832327863984,54.6,0.0,103.3,11.11
2022-06-27,550566.5,0,10.734971576107627,17.773161052659532,2.772206753712545,68.9879591090827,60.91682788967736,14.853770642221008,54.6,0.0,103.3,11.11
2022-06-28,545559.0,0,9.885502398029647,19.22730591216469,1.659529515459337,68.21050862484199,55.9690894396459,18.8589320734068,54.6,0.0,103.3,11.11
2022-06-29,585281.5,0,12.551938899050402,19.20989591695682,4.502545710519244,74.61200867500072,74.04028487881628,13.535778876488813,54.6,0.0,103.3,11.11
2022-06-30,587060.5,0,11.614058820694606,19.02983789511368,3.905451346774069,74.28020518791205,68.08089637330288,11.734989186983617,54.6,0.0,103.3,11.11
2022-07-01,561791.5,0,10.671078257692418,18.99985957400981,2.415341411879602,77.54130148430487,68.98168379767445,14.555959188500667,52.8,0.1,103.4,11.11
2022-07-02,498393.0,0,11.223170829308136,19.191078373254182,1.7076669517190304,73.07352543797296,54.23341061629092,16.152490439107677,52.8,0.1,103.4,11.11
2022-07-03,495518.5,0,10.395763637702544,19.42511213179746,0.4740889844677606,70.22158981522165,58.28227094673856,12.208409519068798,52.8,0.1,103.4,11.11
2022-07-04,550244.0,0,10.702081713112252,19.226586494050167,0.3155909438544374,66.06465805456925,49.684254389318745,16.30166588437086,52.8,0.1,103.4,11.11
2022-07-05,571355.5,0,10.51375996443648,19.62330451521961,0.3820909054977651,67.5592057980536,49.94350953470652,14.116020865906794,52.8,0.1,103.4,11.11
2022-07-06,563843.5,0,12.686322868149675,21.51844258264326,0.5034068593040378,71.34006603064256,75.03524451087743,18.660109893710217,52.8,0.1,103.4,11.11
2022-07-07,576870.5,0,13.085871092321806,22.108954832313724,0.0203423520483569,65.05624979868894,30.286519578253635,15.404980149807391,52.8,0.1,103.4,11.11
2022-07-08,556987.0,0,12.401460925123596,23.718979794270545,0.0249544268640297,68.3812897105276,31.31441878638505,13.050590745002138,52.8,0.1,103.4,11.11
2022-07-09,496887.0,0,13.074575912894948,23.222981689114743,0.0091530852902407,61.16821805780498,14.06234293127099,13.202630262701406,52.8,0.1,103.4,11.11
2022-07-10,492991.5,0,12.282622441997212,25.73368000429792,0.0,62.78136435543948,20.54517750595081,8.725686802649266,52.8,0.1,103.4,11.11
2022-07-11,581381.5,0,14.102498264114702,28.43055240185302,0.0,57.36065131596579,21.60039971156274,8.577702796152236,52.8,0.1,103.4,11.11
2022-07-12,618358.5,0,16.581110546757152,25.78071361359439,0.6799147452268687,51.80960405587387,46.79269177537054,11.383582643507433,52.8,0.1,103.4,11.11
2022-07-13,588105.5,0,14.25186798223496,23.165857263020307,0.1590648649439439,56.9162992099509,30.631992731779413,13.696545643579476,52.8,0.1,103.4,11.11
2022-07-14,583237.5,0,12.70258253200262,21.53400320536384,0.4485671231930258,58.42617868086978,34.05068061271834,14.518643770765774,52.8,0.1,103.4,11.11
2022-07-15,571683.0,0,11.68414724880621,22.61197522048325,0.3594694064354136,61.91769305085283,40.03280492816853,13.799331736409014,52.8,0.1,103.4,11.11
2022-07-16,511733.5,0,11.906627535074842,25.31203071472004,0.1329090751394916,57.82662668864635,21.47949831255229,8.289339392990907,52.8,0.1,103.4,11.11
2022-07-17,502260.0,0,15.085637740531372,29.74703820717963,0.4388459611407569,44.54348968943143,28.067444706766928,10.354298968500569,52.8,0.1,103.4,11.11
2022-07-18,602985.0,0,18.46668510942348,35.42789291370314,0.020811641938497,32.99201302209025,17.21786723563217,10.119190992623963,52.8,0.1,103.4,11.11
2022-07-19,635189.5,0,20.882930564711025,37.24848315957679,0.0658489401141701,33.60550523666927,24.13988541620309,15.392046897670545,52.8,0.1,103.4,11.11
2022-07-20,634727.5,0,15.93708351661348,24.73281476628616,2.39792930521068,61.07234781437042,43.13769870170041,15.768715505119264,52.8,0.1,103.4,11.11
2022-07-21,625715.5,0,14.368792227684224,20.66206164286053,0.9281569185601792,71.7056718730522,77.60478647934677,9.694892603161623,52.8,0.1,103.4,11.11
2022-07-22,601365.0,0,13.98452185334523,19.59815114385252,5.274401256340838,79.71666528566254,83.02698628552264,10.569648064008437,52.8,0.1,103.4,11.11
2022-07-23,511376.0,0,13.307920987836756,22.096593457261445,3.1177824667716885,74.05419010992875,71.7820196459925,13.26273536797449,52.8,0.1,103.4,11.11
2022-07-24,475736.5,0,16.890957067204578,24.49581995255083,3.50818398921194,71.36174703209102,70.90168207531234,22.80608808904846,52.8,0.1,103.4,11.11
2022-07-25,568915.5,0,14.58208344776817,21.09309314967044,1.7949440342957823,71.55758682684348,81.7629600679995,19.541024474138627,52.8,0.1,103.4,11.11
2022-07-26,585639.5,0,12.91432205872554,19.61730844222981,0.6928982283151414,63.43344814620482,62.07432161553386,10.848570915831935,52.8,0.1,103.4,11.11
2022-07-27,586882.5,0,11.75274242523338,21.36067060187274,1.237599561381617,58.335265714618,42.16327402719734,7.241381735191927,52.8,0.1,103.4,11.11
2022-07-28,591105.5,0,13.603676609978292,20.85088749901957,1.686403701455759,64.16470591742645,59.40945574033418,11.729949633509372,52.8,0.1,103.4,11.11
2022-07-29,556173.5,0,13.34779691322221,23.65773219494336,1.0196101698905533,61.01284040317288,48.50787937637952,9.269486941397153,52.8,0.1,103.4,11.11
2022-07-30,510434.5,0,14.843429047163708,22.31160528759021,2.433308553119934,73.34491741206057,70.18492982634508,12.388680638658265,52.8,0.1,103.4,11.11
2022-07-31,514298.0,0,15.011521907929726,21.168419276662007,2.9146473866197664,78.42834449590359,74.5819898611759,11.18543351891242,52.8,0.1,103.4,11.11
2022-08-01,562251.5,0,13.593383790593222,23.08848890447197,2.1092296449622814,70.3054216418672,72.3735622394789,10.323057658684135,52.1,-1.7,101.7,11.11
2022-08-02,566471.0,0,17.847316163968873,23.839319427851223,3.1916608937006297,77.860105962766,73.11289166219377,19.527586807173385,52.1,-1.7,101.7,11.11
2022-08-03,565315.0,0,16.161599057704418,24.32470324598257,0.5439566911370761,70.885242676027,53.80594166982822,16.72209836384205,52.1,-1.7,101.7,11.11
2022-08-04,557174.5,0,13.27468092043228,21.53577345184725,0.4452297746004574,59.08324169326021,38.20938467906653,14.026471881977503,52.1,-1.7,101.7,11.11
2022-08-05,537287.5,0,11.26718892185541,20.10141307456021,0.6607355116276039,55.11242755567926,25.06102438992606,14.830657919583269,52.1,-1.7,101.7,11.11
2022-08-06,473765.0,0,10.876231209226058,21.58610567349276,0.1423622276276717,58.41369452143781,35.924472054828406,10.082017153423491,52.1,-1.7,101.7,11.11
2022-08-07,465207.0,0,12.178944402864063,23.830481073195102,0.0582269960160694,58.80890762717511,17.713708871381964,9.934708338076693,52.1,-1.7,101.7,11.11
2022-08-08,567433.5,0,12.690843899654029,25.384158500711443,0.054060199752206,58.10234205595206,19.50696195116458,7.677742760239572,52.1,-1.7,101.7,11.11
2022-08-09,582572.5,0,13.201636769566637,26.542633656406338,0.0203423520483569,55.58775958984423,9.677882709844804,8.823750230201503,52.1,-1.7,101.7,11.11
2022-08-10,586315.5,0,14.69573222395674,28.73627684014292,0.0,53.037947196385424,4.523040511899297,9.675803612239614,52.1,-1.7,101.7,11.11
2022-08-11,590516.5,0,15.698728255024662,30.934684949112253,0.0,47.56876108132869,2.007772066827158,9.18105515701771,52.1,-1.7,101.7,11.11
2022-08-12,594301.5,0,16.61575553485552,31.334304784699818,0.0,44.90245600108579,3.0341487486504475,10.183643387199051,52.1,-1.7,101.7,11.11
2022-08-13,528289.5,0,16.962391836028175,31.824441188156936,0.0,44.42129329171306,10.887172250226143,11.444263175701344,52.1,-1.7,101.7,11.11
2022-08-14,530525.5,0,18.14762024816767,31.402699172553145,0.4087104283923956,41.598578461154894,25.33688752877058,9.222337601291734,52.1,-1.7,101.7,11.11
2022-08-15,625810.0,0,17.248003608969462,25.738251640178024,4.542416984236145,64.97514818030783,54.34969174205433,10.079917448327292,52.1,-1.7,101.7,11.11
2022-08-16,621645.0,0,15.468870594545631,20.99880862270287,7.19587904426237,73.84708070686429,76.96802221441429,9.01762570538781,52.1,-1.7,101.7,11.11
2022-08-17,602886.0,0,14.03257867605061,20.973268472856137,7.9498368074192625,66.71301597715221,63.28025825104885,15.618404573270956,52.1,-1.7,101.7,11.11
2022-08-18,595831.5,0,14.232009168597,22.710082244942267,1.1636069265388589,71.15249620182888,64.86978104917301,11.411046497261308,52.1,-1.7,101.7,5.56
2022-08-19,552962.5,0,14.081644159372956,21.81603445363502,0.505681763418504,66.20309272491947,45.37825100458829,14.134512516200164,52.1,-1.7,101.7,5.56
2022-08-20,472727.0,0,12.395919707559878,21.93084849815187,0.6570609762289441,64.87683214579273,43.08395023135712,16.791123946390158,52.1,-1.7,101.7,5.56
2022-08-21,499101.0,0,13.247092422860677,21.46139344073857,0.3958842107340164,67.40854957931828,50.122158133249606,11.9878036231811,52.1,-1.7,101.7,5.56
2022-08-22,607371.0,0,13.697990227162474,21.22076221162114,3.2227686543741725,74.43783784913485,70.70867500379264,9.03944762457866,52.1,-1.7,101.7,5.56
2022-08-23,605987.0,0,14.8956842504553,23.647610443858003,0.8548052381568242,80.564247518311,62.75008679426489,10.20520469308638,52.1,-1.7,101.7,5.56
2022-08-24,609065.5,0,16.13069255430604,23.149226310882305,2.2139083045637804,78.68393203037849,60.96397271180936,11.29955678988092,52.1,-1.7,101.7,5.56
2022-08-25,612100.5,0,14.166592586245349,19.89321188938821,9.853622964422463,77.48779334248648,60.61811357890127,8.604844921023366,52.1,-1.7,101.7,5.56
2022-08-26,565599.5,0,12.79064909816333,21.89474958317853,0.6420806287986321,63.589721404547575,38.79284876726327,6.719393711325226,52.1,-1.7,101.7,5.56
2022-08-27,509630.5,0,13.670337755701928,21.910602475751084,0.9356912324146336,67.34410711199091,53.444375894528,8.11144907635412,52.1,-1.7,101.7,5.56
2022-08-28,498951.5,0,13.362922826990015,21.81976231956075,0.1834337194243843,67.50444636200487,45.041128310691015,9.430505454884315,52.1,-1.7,101.7,5.56
2022-08-29,517735.5,1,12.66233644014183,20.89978755382535,0.3572930863450492,63.85366104294742,40.85402022183434,13.169656417649083,52.1,-1.7,101.7,5.56
2022-08-30,575795.0,0,11.808064840725148,20.51056117778588,0.4031556169535508,63.46871122072815,37.0705846060905,13.009272402816856,52.1,-1.7,101.7,5.56
2022-08-31,579051.0,0,12.893470873762537,21.471293012029,0.1605775592813434,69.24709468184739,44.58650848002097,15.64905889998965,52.1,-1.7,101.7,5.56
2022-09-01,583098.0,0,13.570664546558977,22.84980928619954,1.6028141534399665,64.98203985700829,38.06678156354582,16.043109933788024,47.3,-1.4,100.3,5.56
2022-09-02,590777.5,0,13.931360750281096,22.20506588065813,3.019578899060237,72.6853130088867,56.247724631794384,11.626792006518668,47.3,-1.4,100.3,5.56
2022-09-03,522028.0,0,14.588275222769898,22.59876864632173,1.6180404353703597,72.31479325569222,61.67095748642333,12.051990871111991,47.3,-1.4,100.3,5.56
2022-09-04,512060.0,0,15.289575633825567,22.06150203499358,6.261253126929359,74.28111551345447,72.53920270124406,16.22014805921385,47.3,-1.4,100.3,5.56
2022-09-05,590109.0,0,15.872470488105868,23.555068655984662,7.576790491307173,68.58758504854455,61.20351549351391,14.574381809077696,47.3,-1.4,100.3,5.56
2022-09-06,609320.0,0,14.220844441810838,20.69226517110887,10.518396714455967,79.26566032548095,78.94233881100217,13.943923144416068,47.3,-1.4,100.3,5.56
2022-09-07,596999.0,0,13.74180161474214,20.185455862903417,3.480251128325444,80.70154956038581,73.63248602071408,14.20290278562874,47.3,-1.4,100.3,5.56
2022-09-08,614703.5,0,13.076372422019778,18.8627753781636,7.701778987378934,82.53292250304825,76.20384044952053,12.847590054582035,47.3,-1.4,100.3,5.56
2022-09-09,586482.5,0,12.921789561895498,18.51792810226184,4.058990263060386,85.82712380402789,78.54535541267968,12.83655389026402,47.3,-1.4,100.3,5.56
2022-09-10,538360.0,0,12.813195014911155,19.15893757181119,0.6082449173106367,78.92188809674438,62.89585370519308,10.984852310829687,47.3,-1.4,100.3,5.56
2022-09-11,524200.0,0,13.029614870119635,18.74392223467448,3.814426079685003,79.50579792758408,66.41683440539413,9.387985239565694,47.3,-1.4,100.3,5.56
2022-09-12,596796.0,0,13.779814536883752,21.698409507389684,3.712967027829978,73.20178584732226,61.92850219469011,9.92721799916353,47.3,-1.4,100.3,5.56
2022-09-13,615547.0,0,12.84281383441572,19.56824148365084,4.200259459222554,74.2185543056717,41.46527437990661,9.404763871038966,47.3,-1.4,100.3,5.56
2022-09-14,595621.0,0,11.305625611463135,20.034422393387505,1.539703427930886,74.74188645736545,35.93795579282873,10.052925907202916,47.3,-1.4,100.3,5.56
2022-09-15,608500.0,0,10.87824633294231,16.965532150267673,0.0195153277934168,70.15447195463389,50.01805872394236,12.607191777706364,47.3,-1.4,100.3,5.56
2022-09-16,564529.5,0,9.007609527354823,14.99527178714309,0.5379336962505615,61.12230578185036,56.87519056934825,14.562199754541885,47.3,-1.4,100.3,5.56
2022-09-17,511661.5,0,7.065471735435344,15.646926862185706,0.281532731395846,59.34005183129752,25.64224590364263,15.529174336976643,47.3,-1.4,100.3,5.56
2022-09-18,522627.5,0,9.017535238348607,15.90946371594032,0.4315847526326569,64.71497355049274,56.5676110880534,13.336066271847011,47.3,-1.4,100.3,5.56
2022-09-19,545566.5,1,8.503302300490597,16.98771612202241,0.306013201333927,64.43873451318622,24.22886911560086,7.653802895019017,47.3,-1.4,100.3,5.56
2022-09-20,610524.5,0,9.536755972760862,18.122162973935414,0.0165619700601585,68.30166485476467,55.94754099615229,5.628911289499689,47.3,-1.4,100.3,5.56
2022-09-21,606407.5,0,10.73595518809645,19.53356282589341,0.091315022857872,70.1518440769307,29.50872104101976,8.076958483082127,47.3,-1.4,100.3,5.56
2022-09-22,597184.5,0,10.921839997231436,18.834775914050564,4.761297492198966,70.70589068741795,37.83826577190713,10.69532783460111,47.3,-1.4,100.3,5.56
2022-09-23,591413.5,0,11.93112444797741,17.51800828860642,1.953253769157744,71.68209289248404,75.84588287531942,7.970905449819269,47.3,-1.4,100.3,5.56
2022-09-24,532304.0,0,9.315039039593184,15.415680831548068,0.418588239647571,77.16329715491842,65.10651443514021,12.874953114500322,47.3,-1.4,100.3,5.56
2022-09-25,512753.5,0,7.739429002537196,16.193850211416567,0.3910290336036413,70.86122571328043,41.99437115833954,13.551106485498597,47.3,-1.4,100.3,5.56
2022-09-26,583275.0,0,8.354198282235771,13.800844535243758,3.064808432394767,70.46054509134174,72.82177215694075,21.55155371876544,47.3,-1.4,100.3,5.56
2022-09-27,620029.5,0,7.842330288321697,12.664783183992286,1.745155911881938,73.04460040399903,70.0517622063348,17.274704416967516,47.3,-1.4,100.3,5.56
2022-09-28,623778.5,0,6.694708426592091,14.017888285700163,2.236547047224686,71.3536967564516,61.36223283717175,13.47606734202276,47.3,-1.4,100.3,5.56
2022-09-29,629274.0,0,8.35257239576021,15.544558405286926,1.33839267778502,76.05777383098821,68.26961304510425,12.385327042265365,47.3,-1.4,100.3,5.56
2022-09-30,618154.5,0,7.208469174758654,14.908207058537446,12.876948286907416,82.02107238125352,55.21189498189,17.907871575960105,47.3,-1.4,100.3,5.56
2022-10-01,497441.5,0,9.81317608245111,15.724295343672097,2.881091151742684,80.79665646608667,61.38974709552705,19.19115305812093,48.4,1.3,101.6,5.56
2022-10-02,538114.0,0,10.26188577382988,15.962093327070049,5.907363502187928,85.20020864431538,63.209341158996025,12.017719799099552,48.4,1.3,101.6,5.56
2022-10-03,613050.0,0,9.592400870130946,17.106140595890576,0.1775651393416765,83.27764597111103,69.23107940347506,9.97840036817488,48.4,1.3,101.6,5.56
2022-10-04,604435.0,0,11.847889301168475,17.91343453819181,3.025390740158379,84.3973109360282,60.4978327711786,18.714974257386547,48.4,1.3,101.6,5.56
2022-10-05,589357.0,0,10.416980855348877,16.61389393003202,7.329776496776933,75.96041072005063,64.11259971505419,27.73360581118338,48.4,1.3,101.6,5.56
2022-10-06,566248.5,0,9.09977888976612,17.334313359628965,0.8140126466989042,71.0012990710309,41.62534911333388,20.57449283750614,48.4,1.3,101.6,5.56
2022-10-07,573530.5,0,10.002941784652364,16.894084841762744,4.991283977926227,77.71542789879936,63.01165488080049,22.54835488601307,48.4,1.3,101.6,5.56
2022-10-08,536908.5,0,7.612229487109822,15.185897056838442,0.3310842103529084,72.59899783358564,27.11765302222302,12.58655153907377,48.4,1.3,101.6,5.56
2022-10-09,517732.0,0,7.6860361919790785,15.620859123687728,2.385682061235936,74.39543749841717,47.02082266333488,18.273877612464343,48.4,1.3,101.6,5.56
2022-10-10,603736.0,0,8.353247986459111,14.81393159825123,2.877433432732847,66.7943909482925,39.95805538064203,15.755507378864834,48.4,1.3,101.6,5.56
2022-10-11,650793.5,0,6.644564761184228,14.44952397156787,0.1695943093450868,68.79102425899704,50.24987807618668,8.520973154878096,48.4,1.3,101.6,5.56
2022-10-12,655555.0,0,7.839891765953487,15.32816418266234,2.187682848838567,78.90955488987332,77.70610842607574,12.645925101466922,48.4,1.3,101.6,5.56
2022-10-13,653721.0,0,8.677470713697192,14.74522739113897,0.3118444159323781,85.7062117094069,69.00854886627758,7.945670601258049,48.4,1.3,101.6,5.56
2022-10-14,643694.0,0,8.949926516852717,14.592763214672706,1.490002006041668,78.69777525461085,59.94527125236256,9.724811744960585,48.4,1.3,101.6,5.56
2022-10-15,530810.0,0,8.990543973834848,14.34938943738384,3.3451991092400486,77.64790787710817,69.96736827617984,21.26453302964356,48.4,1.3,101.6,5.56
2022-10-16,525410.5,0,8.251076860501454,15.42134816818614,3.02979334697372,75.41017989156371,47.8386449435948,17.8028376376814,48.4,1.3,101.6,5.56
2022-10-17,588232.0,0,9.947471474683736,16.284268613251395,2.416174034426097,81.64456783463554,67.88071134846078,16.396497162958568,48.4,1.3,101.6,5.56
2022-10-18,636330.5,0,7.645896687409595,15.968868197253611,0.0095450118008236,72.36349445819847,24.57564396795841,8.597673975169956,48.4,1.3,101.6,5.56
2022-10-19,617962.0,0,10.026276287536367,14.409329160242129,3.361554756977288,78.66795114392629,69.85609394089974,22.809716313682834,48.4,1.3,101.6,5.56
2022-10-20,668203.5,0,11.578344333010662,15.265427834256885,17.035595234699805,89.79443483717715,75.08792686243159,14.2330057966521,48.4,1.3,101.6,5.56
2022-10-21,638212.0,0,11.34546255011877,15.787297130699622,3.681778409262743,89.35412610223185,84.39423281307589,17.944483373120185,48.4,1.3,101.6,5.56
2022-10-22,559687.0,0,10.97854435936858,16.735605260297966,1.5648091316049393,83.36263608935039,59.52569243935896,15.551043126299916,48.4,1.3,101.6,5.56
2022-10-23,574750.0,0,12.318367049503957,16.19505952230207,20.93553818990684,90.594279040857,84.81278048316622,12.968009690100216,48.4,1.3,101.6,5.56
2022-10-24,622671.0,0,11.42431678406841,15.126023659059342,4.723631195432409,84.35888188394696,75.8849540943166,19.43111372163235,48.4,1.3,101.6,5.56
2022-10-25,630132.5,0,10.868247965559643,16.160520368499434,1.135721107898057,81.83443852593341,63.20704761132594,16.14259025312699,48.4,1.3,101.6,5.56
2022-10-26,585370.0,0,12.85612444490396,17.34629645429446,2.35396387625154,81.29041508558086,66.14700677191966,20.64261059937464,48.4,1.3,101.6,5.56
2022-10-27,638989.0,0,12.00494731920054,18.0913396688639,2.7225189149413747,85.56255887195977,54.40864908230432,14.133562174321732,48.4,1.3,101.6,5.56
2022-10-28,585872.0,0,12.086104628519315,17.13181653081602,1.8385617621719124,81.2295480870962,57.92828554710753,14.600705012848255,48.4,1.3,101.6,5.56
2022-10-29,564665.0,0,11.454742077195752,17.00132379694666,5.339400047552439,88.29427421861189,69.75816070474484,12.875661022539708,48.4,1.3,101.6,5.56
2022-10-30,564320.0,0,11.464927187479791,15.21867074337444,3.099706142710425,85.02909820758778,62.70129483274155,16.64141018613067,48.4,1.3,101.6,5.56
2022-10-31,623971.5,0,11.40677681260479,15.571796083759171,4.842378490795259,83.14004817081701,80.94976516065914,17.327856115270652,48.4,1.3,101.6,5.56
2022-11-01,640674.0,0,8.992192019894327,13.072942066180504,8.198591145288436,85.14733750601475,83.19273554746404,21.94548836096284,46.2,-0.9,100.7,5.56
2022-11-02,630093.0,0,7.747021917887708,13.399230567612364,7.473332325343754,77.56611915795303,65.72550895738942,27.78248369103799,46.2,-0.9,100.7,5.56
2022-11-03,687768.0,0,6.510439223238046,11.200203450182672,10.78842838053212,80.26188694174138,72.59386875047485,12.620466628588654,46.2,-0.9,100.7,5.56
2022-11-04,662339.5,0,5.549343523094774,11.845380043318452,0.4709467754455336,82.05653928706748,34.75300614272272,10.030787145916896,46.2,-0.9,100.7,5.56
2022-11-05,627343.0,0,5.552591669373353,12.347317162840548,3.459349955213668,89.42524913088944,73.6674516005182,14.449821235778218,46.2,-0.9,100.7,5.56
2022-11-06,604230.0,0,8.128813446177352,12.009512715974497,8.256397550250314,87.62758873730081,76.00413137934774,17.854178781187233,46.2,-0.9,100.7,5.56
2022-11-07,654358.5,0,9.343884163833147,14.099848780048823,3.5249215839633705,81.98570207401411,92.30475187535852,26.07621100435717,46.2,-0.9,100.7,5.56
2022-11-08,640572.5,0,10.491046037472994,13.280846386690826,7.338334663318162,79.28649606635115,81.69433795277163,28.37809367461592,46.2,-0.9,100.7,5.56
2022-11-09,652526.0,0,9.407194617575373,12.786811663698533,1.6537275447500657,81.19719879808383,70.8406841939038,19.830631795247164,46.2,-0.9,100.7,5.56
2022-11-10,633115.0,0,10.983497195414214,15.442514197500964,0.2104214510058668,82.24433841071587,67.90202860694713,24.83432314857137,46.2,-0.9,100.7,5.56
2022-11-11,627784.0,0,11.010625981506674,16.329263633030898,0.0663329733502266,83.09313285866132,49.12798141680696,21.58610630355028,46.2,-0.9,100.7,5.56
2022-11-12,602712.5,0,9.894838928408008,15.374816975974708,0.140591893550891,84.05324058251492,17.65311541006356,10.352598827441446,46.2,-0.9,100.7,5.56
2022-11-13,590971.0,0,9.994456554184088,15.509761096941816,0.0,82.59479750135785,21.69384715333252,11.281298906293912,46.2,-0.9,100.7,5.56
2022-11-14,692597.0,0,8.856292163141745,12.34632259399782,0.3481853344615768,84.24125115961317,58.4218102769573,10.836264494089017,46.2,-0.9,100.7,5.56
2022-11-15,693821.0,0,7.443471546848371,11.466347828877115,13.005504380713084,84.12972220425961,76.15328080784562,19.89359225972188,46.2,-0.9,100.7,5.56
2022-11-16,707041.5,0,6.781535331535651,10.874251153589212,6.815247494891309,86.30664708837205,74.63144541157078,16.322628973695927,46.2,-0.9,100.7,5.56
2022-11-17,690810.5,0,7.220233916076093,10.565803729645454,12.307984517611985,84.75308837291242,79.77539791052028,20.799144010003225,46.2,-0.9,100.7,5.56
2022-11-18,679653.0,0,5.176552827464557,9.600516948362822,2.356606150000652,77.83608309899292,45.76987106134142,13.51740749034506,46.2,-0.9,100.7,5.56
2022-11-19,650840.5,0,4.049412936992527,9.17324508696515,0.8529136349118498,79.35186986626061,34.22374236831306,10.002695754875292,46.2,-0.9,100.7,5.56
2022-11-20,639141.5,0,4.774042472392416,8.158393847540587,5.274410057168653,82.1480567397222,76.22591525228486,15.148674733943617,46.2,-0.9,100.7,5.56
2022-11-21,748587.0,0,3.5733664944386514,9.26808489438023,11.586361439963571,87.51217799758008,80.91278639341307,18.29056637622142,46.2,-0.9,100.7,5.56
2022-11-22,746581.5,0,4.791046065134055,8.257305701325937,2.101573648560432,86.15173473890047,73.51871130985823,15.386366268355571,46.2,-0.9,100.7,5.56
2022-11-23,713823.0,0,5.05976825500991,9.750592868756993,7.56175450979804,81.14330572185659,69.3819400989258,20.243714807445816,46.2,-0.9,100.7,5.56
2022-11-24,705640.0,0,6.636325207046121,11.034583749581088,4.190198279715541,80.70136195691808,67.96707276383674,22.4363582128397,46.2,-0.9,100.7,5.56
2022-11-25,689064.5,0,5.984767268432041,9.980619907137513,0.675580256849555,86.3584256454678,38.95205966109913,13.908690420224392,46.2,-0.9,100.7,5.56
2022-11-26,619732.5,0,6.511457457655832,11.423458230813242,2.5399820562692383,87.84234708473309,82.63788293973896,19.401028444423027,46.2,-0.9,100.7,5.56
2022-11-27,636495.0,0,7.675944637552805,11.642320358000523,3.678150123159341,90.50259477663262,84.29725872423741,14.469000832044738,46.2,-0.9,100.7,5.56
2022-11-28,743825.5,0,5.589880194409318,9.293325044644954,0.4095575591657817,85.41843435194066,62.69034784461319,12.455522902867385,46.2,-0.9,100.7,5.56
2022-11-29,768657.5,0,4.073559292039097,8.194383009567776,0.0142851388917232,87.84248480608612,34.356831108195564,5.04534514735232,46.2,-0.9,100.7,5.56
2022-11-30,769495.0,0,3.5374919106761618,6.968496386481831,0.108135849744129,89.09331078075743,50.41748774430557,6.1648219248460014,46.2,-0.9,100.7,5.56
2022-12-01,780526.5,0,3.4528487389875164,7.572089721296977,0.1402493973576678,88.24840344961716,25.800278482349416,5.570995572631924,46.5,0.2,100.9,5.56
2022-12-02,787051.5,0,3.253979243508072,6.839766261569393,0.2061969430100988,84.75012914642389,53.991154330529774,9.938837012787278,46.5,0.2,100.9,5.56
2022-12-03,701814.5,0,3.5311440965516123,6.41978098463053,0.3532551491373806,80.31895513904416,80.50707036715941,13.19364665673655,46.5,0.2,100.9,5.56
2022-12-04,697747.5,0,3.365735634258311,5.455128087312572,1.3097948495840637,81.9400363503233,87.71651251976536,14.075981417544588,46.5,0.2,100.9,5.56
2022-12-05,788463.0,0,4.644749798320126,6.849469178077982,0.1617059492673998,82.49076965736427,94.54209083880389,14.64767824419382,46.5,0.2,100.9,5.56
2022-12-06,796050.5,0,2.098591262079585,5.661568353925867,0.2789704334599021,80.02087964512211,65.98745699934277,10.079183923071268,46.5,0.2,100.9,5.56
2022-12-07,824503.0,0,-0.2397660679419604,4.206802611155054,0.0292729916901252,82.78190637394461,41.967767117955866,9.46708551865966,46.5,0.2,100.9,5.56
2022-12-08,848045.5,0,-1.7578648082203263,2.830584172119174,0.2892945359690924,84.9752531540372,51.292895007338174,7.99857663859827,46.5,0.2,100.9,5.56
2022-12-09,843620.5,0,-1.9674771531923687,2.8002049039251418,0.0780613111736674,72.0192821573366,23.0212761971769,7.438815360322826,46.5,0.2,100.9,5.56
2022-12-10,794877.0,0,-1.8915597710057488,2.4543006681191386,0.1178596703317778,78.8075209166802,42.98131573651327,6.185603373198865,46.5,0.2,100.9,5.56
2022-12-11,798320.5,0,-2.3040014307530523,2.107395025041252,1.8171242318523149,85.7190080239208,45.64583028549412,6.718325579425481,46.5,0.2,100.9,5.56
2022-12-12,891804.0,0,-1.981190647045098,1.5615011283254436,0.0822333307680259,87.91637845889284,55.047479889793415,8.208572980576525,46.5,0.2,100.9,5.56
2022-12-13,896305.5,0,-1.7666484400759364,1.284701800845765,0.0421251462040786,80.79434080493444,75.75283945409112,10.364162365269117,46.5,0.2,100.9,5.56
2022-12-14,878291.0,0,-1.8375451244120795,2.3771643858789417,0.0764405880963017,77.40208992230069,55.66271982245778,14.104381167955754,46.5,0.2,100.9,5.56
2022-12-15,902092.5,0,-3.0283383121195526,1.902797784238309,0.0040684704096713,75.99913740515636,11.31093131045325,9.95732199369131,46.5,0.2,100.9,5.56
2022-12-16,878176.5,0,-3.348801793494069,1.6273320580149586,0.6488150984647741,79.1895676028973,37.70594030828929,7.566927982766052,46.5,0.2,100.9,5.56
2022-12-17,795158.0,0,-1.6681680527522265,3.091902832714013,0.9532823169102028,86.92849432665477,56.85529730232114,12.0300036924444,46.5,0.2,100.9,5.56
2022-12-18,767551.5,0,-0.9970272810602374,7.058667022039597,4.894646587215082,83.42426628726345,77.2696543522898,17.109306250736093,46.5,0.2,100.9,5.56
2022-12-19,740983.5,0,7.793074404690922,12.635705845138869,5.670174845878711,91.43191454010471,99.4050829874881,28.179224501848864,46.5,0.2,100.9,5.56
2022-12-20,724256.5,0,6.202634826776596,11.307675188568531,3.093787938682925,87.28209892566895,82.5300675741298,17.785175788506226,46.5,0.2,100.9,5.56
2022-12-21,729434.5,0,5.290425227970177,8.41429135494699,2.049636615094973,78.7654196281419,78.73558565167863,21.836160611434863,46.5,0.2,100.9,5.56
2022-12-22,763173.0,0,5.27569838648724,9.55486302672501,2.9279901500188465,89.69517390079244,90.6339894608896,15.35132803216256,46.5,0.2,100.9,5.56
2022-12-23,700119.5,0,6.495201097763044,10.145895212152968,10.788186389270065,88.58812314839926,90.491624829823,17.333223744304586,46.5,0.2,100.9,5.56
2022-12-24,610336.0,0,5.414028405820478,8.7966296963258,1.198277576418908,89.13978028880115,62.73959610608472,16.29547444744878,46.5,0.2,100.9,5.56
2022-12-25,554310.5,1,6.539860896208566,9.8774114452622,2.159763634075871,80.84672730606584,83.49055777363121,22.82360752985735,46.5,0.2,100.9,5.56
2022-12-26,556088.5,0,3.1399894064280374,7.897810771414149,1.2074286532087202,74.00760854385041,51.29974917256544,22.71022898687489,46.5,0.2,100.9,5.56
2022-12-27,626278.5,1,2.9132351787728274,9.450256344279657,5.254130397380043,85.1339388718811,86.7401361268465,23.41129060613132,46.5,0.2,100.9,5.56
2022-12-28,632732.5,0,6.351813990915861,10.761894748307697,5.906933085309911,85.73589794506587,85.82284694286257,27.917884588338243,46.5,0.2,100.9,5.56
2022-12-29,619316.5,0,5.297274199064736,8.178128447644003,1.1886987366762811,75.2159303158844,66.0582569314318,27.57562832409126,46.5,0.2,100.9,5.56
2022-12-30,617881.5,0,5.357938733944597,11.818923820575357,7.074990071215554,84.38578435645249,92.77065823369,30.573161218625906,46.5,0.2,100.9,5.56
2022-12-31,620477.5,0,8.448233198855496,11.245092835440778,11.008697415399563,86.90131598116,92.104929901952,21.225852108227777,46.5,0.2,100.9,5.56
2023-01-01,580559.5,0,5.891583897598504,10.194846439923,3.1425392476658365,82.18572873927765,74.16854786986467,21.635911228522414,45.3,0.2,101.1,0.0
2023-01-02,648132.5,1,1.744023151448124,6.8011036425561375,0.2821581864203119,83.80225380487124,50.13789652439374,8.982323290687763,45.3,0.2,101.1,0.0
2023-01-03,711511.5,0,1.6154974110475575,11.104457758362308,7.328302102252988,89.52202628833547,90.5661028686611,22.88584882209364,45.3,0.2,101.1,0.0
2023-01-04,671211.5,0,9.159367547648944,12.209370326048926,2.489733944228908,83.34507561796656,85.96149760000334,29.793257905101168,45.3,0.2,101.1,0.0
2023-01-05,705420.0,0,8.129359398700151,11.740195306151405,2.229887598968206,83.79620342399687,86.89529504394912,22.240690393055083,45.3,0.2,101.1,0.0
2023-01-06,679587.0,0,5.608682201815598,10.336435915835626,2.1215626351550214,84.75180062754958,67.913508470063,20.720721073475403,45.3,0.2,101.1,0.0
2023-01-07,606742.5,0,6.312775381237047,10.928257594067894,6.244575363054509,82.3049946472772,87.19616676386968,27.89657292353327,45.3,0.2,101.1,0.0
2023-01-08,639107.5,0,5.092568219554575,7.3463225939978205,2.138484420306514,81.09606073594652,80.88899376187736,23.1541154189151,45.3,0.2,101.1,0.0
2023-01-09,729674.5,0,4.880150274557552,7.242700168966059,1.1007460726209826,77.12176371724347,72.73625783084658,25.24925296692549,45.3,0.2,101.1,0.0
2023-01-10,747453.5,0,3.647028286078815,11.814169667789418,10.45178729338109,88.84278140950444,84.29599402975937,23.12802856355,45.3,0.2,101.1,0.0
2023-01-11,716392.5,0,5.90096648364469,8.816860382204569,4.714329537969294,80.93773439676387,74.7583730494956,25.79089140906432,45.3,0.2,101.1,0.0
2023-01-12,722004.5,0,6.623183897623092,10.73098824490932,7.342070587833214,85.38479986853005,86.88481777138391,26.698866114683007,45.3,0.2,101.1,0.0
2023-01-13,701879.0,0,5.47417684675698,8.50187143986768,1.5583805717676698,74.93548678182356,67.02285403024129,29.84470077984524,45.3,0.2,101.1,0.0
2023-01-14,641021.5,0,4.378005312890866,9.575454397481836,11.78396744114771,82.90572498536423,86.15138007798699,25.596243314321374,45.3,0.2,101.1,0.0
2023-01-15,665635.0,0,2.912461883056899,6.1188340419892455,1.811142222975696,81.18973289310856,66.25964155505326,22.210432326413315,45.3,0.2,101.1,0.0
2023-01-16,808131.0,0,-1.216032216162469,4.137819303929666,4.793561050360589,85.6857008630743,78.15228066068876,18.25687477271828,45.3,0.2,101.1,0.0
2023-01-17,850616.5,0,-2.349831691659563,2.7287809382828847,0.1654114865693866,75.49718665487772,40.43077030955064,14.553712541697514,45.3,0.2,101.1,0.0
2023-01-18,832444.5,0,-0.9353340620281484,4.142275961996406,0.511000595266049,81.56772540507474,64.80567149809114,19.685574866938,45.3,0.2,101.1,0.0
2023-01-19,835899.0,0,-1.1696926382727302,4.190286437056086,0.3990678452696756,73.10729950217466,21.064469851778508,12.756902648921624,45.3,0.2,101.1,0.0
2023-01-20,821050.5,0,-0.7137153102624506,4.016667357168727,0.0,77.93099205906239,62.90833555953656,9.472426746746876,45.3,0.2,101.1,0.0
2023-01-21,754531.0,0,-1.4508035876520038,4.371069947080086,0.0527878969454565,84.50281027167097,44.34695563276338,8.03132386271852,45.3,0.2,101.1,0.0
2023-01-22,751877.0,0,-0.6780351991313689,4.043326396963528,0.0332725691520397,81.81515483187115,53.55575578749322,7.116285997183735,45.3,0.2,101.1,0.0
2023-01-23,840936.5,0,0.0047628352858764,5.202217298416632,0.0,82.66129126692334,38.22093681438985,6.439323217416683,45.3,0.2,101.1,0.0
2023-01-24,842986.5,0,1.4629859034311763,6.8949313317215335,0.0,86.99435350136179,34.521815342005056,5.115377531079354,45.3,0.2,101.1,0.0
2023-01-25,835009.5,0,1.3850480958248024,7.386242884652881,1.2349780626266107,86.56382416576082,54.9532107915514,11.684318347840431,45.3,0.2,101.1,0.0
2023-01-26,819437.0,0,1.916206560761272,7.14509138169831,0.1013494894628566,82.5713685513152,69.04283346147577,17.76253185939624,45.3,0.2,101.1,0.0
2023-01-27,818962.5,0,1.1224646178138713,6.49440110912252,0.0129094467197545,81.88382486220489,39.30244199229473,10.774115620533507,45.3,0.2,101.1,0.0
2023-01-28,751682.5,0,0.5780458240525349,6.357597504013313,0.0040684704096713,84.83975742539688,61.28831740896253,6.637831536265865,45.3,0.2,101.1,0.0
2023-01-29,665858.0,0,3.31650601326895,8.635210112810416,0.2544562339304598,87.20640865616662,66.69785791508373,16.419637331516473,45.3,0.2,101.1,0.0
2023-01-30,733562.5,0,2.923578725471707,8.019623556307717,0.1036926487839336,74.7387183744934,36.66370819829613,20.84531531643394,45.3,0.2,101.1,0.0
2023-01-31,716702.0,0,3.4082940679439275,9.095014932670518,1.0909596181691623,82.192246069609,69.76649324615222,22.673982730645925,45.3,0.2,101.1,0.0
2023-02-01,722586.0,0,4.5728911237251015,8.044361950279425,0.8390313839947934,73.75168532702382,67.5809847811297,29.168383117507386,47.0,0.2,101.3,0.0
2023-02-02,714512.0,0,6.457719805861146,11.023328555755723,0.4298149302855187,82.91718591602003,73.21457639911495,21.81280328817491,47.0,0.2,101.3,0.0
2023-02-03,707632.0,0,6.878947003003868,11.845620248905298,0.0247732253953626,83.36257718665611,46.35601993219229,17.46173474750614,47.0,0.2,101.3,0.0
2023-02-04,668924.0,0,5.306536428757767,9.715536606772067,0.3634009991544321,78.29813259864734,56.61104122936577,14.53352170311493,47.0,0.2,101.3,0.0
2023-02-05,672992.5,0,1.0038828600751053,7.4875031933159075,0.0,67.37718505483898,32.3373988281299,10.665390805315546,47.0,0.2,101.3,0.0
2023-02-06,764601.0,0,-0.3317306155582039,7.629927526174126,0.0,70.82382571416558,12.273527054608346,6.934709705762525,47.0,0.2,101.3,0.0
2023-02-07,787074.5,0,-0.0570410126259838,7.565961305493929,0.0582269960160694,75.91503280970738,14.886436404514384,5.814374021566777,47.0,0.2,101.3,0.0
2023-02-08,762741.0,0,-0.1742029895337918,7.3120111983042415,0.2743174940356604,72.77808389182042,8.35545443251918,9.937694887547334,47.0,0.2,101.3,0.0
2023-02-09,756482.0,0,1.3117788300182267,8.163876300715327,0.1559078618638539,75.31954936011974,37.070032291523496,12.245373887195486,47.0,0.2,101.3,0.0
2023-02-10,745020.0,0,1.893420131081469,8.658740502113428,0.0249544268640297,79.76008749747055,56.32772071437335,15.010222959836875,47.0,0.2,101.3,0.0
2023-02-11,675449.5,0,4.951585227788229,10.856189586704398,0.0436973133609812,83.66910202850245,30.288941611555583,9.684177691341398,47.0,0.2,101.3,0.0
2023-02-12,675096.0,0,4.010989509327187,10.160544034074494,0.0180758061847183,85.42225073326401,17.305198417098815,6.757728500654891,47.0,0.2,101.3,0.0
2023-02-13,730397.5,0,3.41059044318922,10.872560448025602,0.0,85.96894638585485,13.12461664841856,9.227192501811492,47.0,0.2,101.3,0.0
2023-02-14,744512.5,0,2.329421700631582,12.277135824295952,0.0,77.81398478432608,17.204448624065027,7.885943192416001,47.0,0.2,101.3,0.0
2023-02-15,720262.5,0,3.6499732671205374,11.108401165428148,0.6575892364292988,78.92814111026338,47.72996251127034,12.682059053785151,47.0,0.2,101.3,0.0
2023-02-16,728990.0,0,5.6384557695934365,10.817709776574842,2.3657795892221687,90.51327328342212,91.2987711849925,17.575154643775928,47.0,0.2,101.3,0.0
2023-02-17,657160.5,0,7.815156107353442,12.623888793680198,0.8586760472293574,83.62977104140086,88.48940061921438,24.59024691861919,47.0,0.2,101.3,0.0
2023-02-18,607309.0,0,8.3060460749691,11.795322265507345,2.678324397068763,86.84954655221462,90.55686430454313,20.380461384666035,47.0,0.2,101.3,0.0
2023-02-19,581595.5,0,6.285189680506131,11.96282926498535,0.0996124946491212,77.65563070724541,49.672187066720205,17.988262458726624,47.0,0.2,101.3,0.0
2023-02-20,663116.5,0,7.935395715461353,12.706857994747594,0.1361809269479964,83.96804322145397,58.831159752712566,20.85488933239474,47.0,0.2,101.3,0.0
2023-02-21,722976.5,0,7.099727809005409,11.445607180590343,0.3489888007122539,82.33982544087429,58.4968083898582,11.17060651365141,47.0,0.2,101.3,0.0
2023-02-22,728769.0,0,4.112830408309235,8.592255250008053,2.492398731008837,84.9027077474823,88.4546416214398,13.520673462641216,47.0,0.2,101.3,0.0
2023-02-23,730728.0,0,2.1282087600000885,8.040444498509867,0.4329355851937344,74.50382245138968,52.55784412081958,14.715452501777069,47.0,0.2,101.3,0.0
2023-02-24,723582.5,0,2.2575763955497408,9.354009203511406,0.2757814803167573,79.07449704813443,69.8965519472281,15.10919296332094,47.0,0.2,101.3,0.0
2023-02-25,669437.5,0,1.5947236309557031,6.621796449499875,0.1866975095701126,72.53114504932152,45.213951750871445,16.325695156289918,47.0,0.2,101.3,0.0
2023-02-26,664854.5,0,1.3915364127758207,7.539472458065216,0.1038136659291203,69.57454998833317,35.36649723549202,14.304339925312677,47.0,0.2,101.3,0.0
2023-02-27,771224.0,0,1.5633049368971272,7.956202243176876,0.3359088158631395,76.15673061863166,62.08827994051765,12.1643894902472,47.0,0.2,101.3,0.0
2023-02-28,775593.5,0,3.314266850319725,8.61216223999524,0.2752023345198494,78.50454409775641,68.50182649064233,14.769025554887046,47.0,0.2,101.3,0.0
2023-03-01,767222.0,0,3.9489464239656416,7.346969709170367,0.3925295709043986,78.50842763399079,79.11145596088505,13.874087384736356,49.3,-1.2,100.1,0.0
2023-03-02,763390.0,0,2.8665050574255937,9.716867610962042,0.1835769806734005,77.34148756334076,43.84398067020417,10.915175417848,49.3,-1.2,100.1,0.0
2023-03-03,781374.5,0,1.767002117485012,9.17580567145199,0.0081369408193427,72.72761508599885,27.65154804210088,9.622625282480907,49.3,-1.2,100.1,0.0
2023-03-04,712928.5,0,1.3449289221357092,8.011439016947994,0.0178946047160512,77.2864678367009,47.1700004290538,7.197450928661753,49.3,-1.2,100.1,0.0
2023-03-05,706464.0,0,2.0791467035759483,6.707448251070975,1.0841688228976547,73.31223362397527,84.39571463152146,8.412952037071232,49.3,-1.2,100.1,0.0
2023-03-06,772620.0,0,1.1645424712859738,7.2128625350957405,3.241072561357768,85.79551094468304,88.60967463460968,13.817320570068668,49.3,-1.2,100.1,0.0
2023-03-07,780140.0,0,-1.07902020032018,5.842620206983423,2.852061749509293,71.39262982381256,60.26495741179994,10.094956014608975,49.3,-1.2,100.1,0.0
2023-03-08,827214.0,0,-0.2700053404289899,3.33843050889715,8.550568404084594,77.46724793519394,88.38123687789965,15.715509637236854,49.3,-1.2,100.1,0.0
2023-03-09,816364.5,0,0.9372826147891036,6.336501918202429,17.736619268720208,91.800144572076,96.93623986959716,17.79079717704727,49.3,-1.2,100.1,0.0
2023-03-10,773891.5,0,-1.8569142296861465,5.64524242646276,13.831979356119328,87.34316921759027,64.82568693480768,19.230951609369747,49.3,-1.2,100.1,0.0
2023-03-11,705942.5,0,-2.823113441825345,4.938853824565924,0.2282296579322459,76.08140131061799,45.03426295810099,7.271466612852583,49.3,-1.2,100.1,0.0
2023-03-12,620336.0,0,2.286170572490545,10.280133653332888,11.32002137308773,92.760070332245,88.63894344947947,16.043054104545046,49.3,-1.2,100.1,0.0
2023-03-13,661521.5,0,4.5249063119838295,11.962978849860429,11.377348267397148,87.71076558073845,97.0326426653068,30.65748339906012,49.3,-1.2,100.1,0.0
2023-03-14,714608.5,0,-0.0508487766065606,6.643990363869588,8.411848946199605,76.21547112689198,63.50191933960629,24.48664407147225,49.3,-1.2,100.1,0.0
2023-03-15,770539.0,0,-0.2833870552132004,7.218682822038072,2.637409236372747,78.76680395671204,70.14309110275187,13.840975802963742,49.3,-1.2,100.1,0.0
2023-03-16,705495.5,0,6.27472221225058,12.12784773704239,7.817518650931906,90.04569782588972,91.68994755831504,23.87364001316421,49.3,-1.2,100.1,0.0
2023-03-17,685089.0,0,8.009696892544028,12.638558176990964,6.213985283761924,89.73777875896003,85.44081931204357,14.953903916290004,49.3,-1.2,100.1,0.0
2023-03-18,620537.0,0,7.088383623397472,11.857924703639384,4.258167129794799,86.53268532481094,84.35460423905157,9.674837365250674,49.3,-1.2,100.1,0.0
2023-03-19,598601.0,0,6.814366614549129,12.581930466729398,0.9105981298909368,86.5862712556819,72.12893607688447,7.049478401505352,49.3,-1.2,100.1,0.0
2023-03-20,706245.0,0,5.44701079506743,12.934128608324038,1.6928506743398042,83.16043936769026,65.93146584694851,13.018061474681277,49.3,-1.2,100.1,0.0
2023-03-21,652547.5,0,7.941398903490924,12.429407986891851,5.521349025679055,87.75238482917389,88.49280827761577,19.36269064311108,49.3,-1.2,100.1,0.0
2023-03-22,612418.0,0,7.215342933237999,12.424093697605338,7.278712510963,77.09311037636502,69.58900244745074,26.71654786445539,49.3,-1.2,100.1,0.0
2023-03-23,634138.0,0,6.728068358597513,12.9047059518491,5.70741619497385,82.00569644222195,78.82847687559824,23.71497619366087,49.3,-1.2,100.1,0.0
2023-03-24,612799.5,0,6.563991714958783,11.38365101243174,9.57172147880216,79.82506260927656,86.63595528644689,28.712270434701576,49.3,-1.2,100.1,0.0
2023-03-25,579370.0,0,5.579211368991434,11.34311538609064,3.331696617039854,80.5876174119868,79.75304683521802,22.218075492692684,49.3,-1.2,100.1,0.0
2023-03-26,599687.5,0,2.51366594756102,7.392606434848119,5.289675089173116,82.94318880469545,87.47740106621714,12.135596691515726,49.3,-1.2,100.1,0.0
2023-03-27,688715.5,0,0.2369581013594735,8.898788082827792,0.3464498441022559,64.55064168745754,34.56205434956058,7.896234905358599,49.3,-1.2,100.1,0.0
2023-03-28,723215.5,0,2.9774992783536334,8.648206908553021,7.419095143971524,85.00482800782083,96.42485156459573,19.92094001385266,49.3,-1.2,100.1,0.0
2023-03-29,699545.0,0,7.831084437788305,13.15423615944967,6.33788985193095,90.99140443262982,93.72969555128988,19.132708738363,49.3,-1.2,100.1,0.0
2023-03-30,637568.0,0,9.199584088275422,12.8265686926202,2.3423181020872668,85.11056272373189,90.22990990915125,20.225295536930712,49.3,-1.2,100.1,0.0
2023-03-31,660555.0,0,8.117765172461187,10.906620573707633,7.888102305789226,92.86766560800612,98.2277733072721,13.708357716047033,49.3,-1.2,100.1,0.0
2023-04-01,616268.5,0,6.179885447552291,8.497208906665184,2.189732080180689,92.08602584059508,99.10684229555832,18.45772732044959,47.9,1.2,101.3,0.0
2023-04-02,590169.5,0,4.963722440669481,9.802376343374831,0.1426555839446837,78.63677519105188,77.0843912255178,8.702933827486932,47.9,1.2,101.3,0.0
2023-04-03,642855.0,0,1.4229701821130545,11.218274467930256,0.0,71.38684615704254,15.554283650419256,10.111052232321446,47.9,1.2,101.3,0.0
2023-04-04,638503.0,0,0.7472145310810754,12.350576204504009,0.0,66.62997892964722,12.461990151309696,8.258539077335165,47.9,1.2,101.3,0.0
2023-04-05,690933.5,0,3.5562211233882515,10.802091219297145,4.040977021587184,76.39770762638831,69.22706334002035,10.534432581878589,47.9,1.2,101.3,0.0
2023-04-06,631803.5,0,5.11348156507025,11.24650688428505,5.66962569081965,83.86794921072541,72.85951083502229,17.00828774585459,47.9,1.2,101.3,0.0
2023-04-07,560870.5,1,3.2387608342232,12.941660008546654,0.0570886449743293,70.34660604304455,19.98561907546159,9.011260572365147,47.9,1.2,101.3,0.0
2023-04-08,535992.0,0,4.4725794358077735,12.348548187659528,0.0487883194835421,73.0684554880653,67.89279929391759,6.192906462091191,47.9,1.2,101.3,0.0
2023-04-09,514032.5,0,4.887645438789267,13.941990850212523,0.2233514898493738,73.72840310354654,67.56235227456295,14.993408353616063,47.9,1.2,101.3,0.0
2023-04-10,520375.0,1,6.64824200736694,13.195833663217106,9.21495388962474,81.37314864513661,82.29683930570489,21.79998793363017,47.9,1.2,101.3,0.0
2023-04-11,603967.5,0,4.737058680053473,11.058026437951074,8.86127700764601,81.40545238560061,76.28178867612684,24.59717481594329,47.9,1.2,101.3,0.0
2023-04-12,629083.5,0,3.321428683390012,8.653051205665772,6.354017643208693,83.8531158434202,78.26120093204256,26.85782741353828,47.9,1.2,101.3,0.0
2023-04-13,618972.5,0,4.264857155818326,11.452621395794388,2.1519094046749405,72.79298963890389,57.84814862362245,21.2100617296548,47.9,1.2,101.3,0.0
2023-04-14,685477.0,0,2.980608811978297,11.21194569383655,6.270215613673563,74.46887214663855,66.45830786466684,9.08390366856983,47.9,1.2,101.3,0.0
2023-04-15,591361.5,0,5.001481511100446,12.531287918705493,2.4038197959277507,77.94434385379813,70.23275268256977,7.492975427265054,47.9,1.2,101.3,0.0
2023-04-16,589653.0,0,6.4411719291119525,11.340185864508989,0.7974375545383935,85.5737354161662,93.1536715664447,7.299323806904644,47.9,1.2,101.3,0.0
2023-04-17,654471.5,0,6.218673217502739,14.390623474799789,0.2120716484812602,76.31459289740155,37.15328869124821,10.912961595504797,47.9,1.2,101.3,0.0
2023-04-18,620214.0,0,5.038175123534302,13.635975617327285,0.055631306568408,76.06524852603422,30.766817833344685,18.61880167854699,47.9,1.2,101.3,0.0
2023-04-19,606062.0,0,5.4856747202974905,13.716027283273124,0.2067487166496725,75.93444846240149,46.63917512623894,21.925317069530568,47.9,1.2,101.3,0.0
2023-04-20,580408.5,0,3.9802615580824514,12.932735151603518,0.2020998142037216,76.12092571001028,50.64233678559776,19.068577119900745,47.9,1.2,101.3,0.0
2023-04-21,638503.5,0,5.856413502999319,11.051615095588025,7.6303850385988605,85.41364002914615,83.6708322432826,16.962613324296566,47.9,1.2,101.3,0.0
2023-04-22,584402.0,0,4.59777143431088,11.73440758242566,4.125899291852232,82.24377274200295,73.97539275019554,8.999882209978685,47.9,1.2,101.3,0.0
2023-04-23,582099.0,0,5.965403049945551,12.011918767329655,5.4968201611767045,84.70610811873063,81.41701057562301,10.083274702127246,47.9,1.2,101.3,0.0
2023-04-24,667367.5,0,3.365597467254835,9.184128039735546,4.087982977505534,74.72176678454787,82.744341053884,12.992614312103816,47.9,1.2,101.3,0.0
2023-04-25,654893.0,0,1.1131088322630756,9.732090814830952,0.1073343028637927,62.42913813786716,42.28301656602548,9.618448308483046,47.9,1.2,101.3,0.0
2023-04-26,684303.0,0,3.238315199151039,10.946580896065958,0.4547146112981545,70.06121614255306,70.06064202184905,7.343716645369698,47.9,1.2,101.3,0.0
2023-04-27,684361.5,0,5.115359536021956,11.244679855788748,7.75016330476171,89.29417483856389,88.8951998130604,12.88980060431429,47.9,1.2,101.3,0.0
2023-04-28,650379.5,0,9.091297516479232,15.622138693670092,3.151562823864931,86.80108912049872,77.56080774234348,12.993657395375417,47.9,1.2,101.3,0.0
2023-04-29,558925.0,0,7.14149295417435,15.55117027498046,1.6201657131181542,84.12522308646307,71.7353842945163,6.592217031641058,47.9,1.2,101.3,0.0
2023-04-30,548653.0,0,7.801516637575426,14.748529076939304,4.736609607326026,87.65014796209279,75.74269543585105,9.66515502549858,47.9,1.2,101.3,0.0
2023-05-01,549959.0,1,8.476173038013183,16.255037540363634,1.6252298695701028,78.46706128449611,64.6563516928201,10.99355511091594,47.8,-0.9,100.3,0.0
2023-05-02,623934.5,0,6.341662120007701,13.411581262421354,0.1186961746472722,73.98367198259001,66.60592706786106,8.895979055904604,47.8,-0.9,100.3,0.0
2023-05-03,579089.0,0,5.613933777328207,13.567207236551743,0.0,74.41342771512991,41.12736600428464,14.143671370358504,47.8,-0.9,100.3,0.0
2023-05-04,575105.0,0,6.272299379851289,15.405437648401596,1.4902432765793912,79.98338272472031,65.38203569862867,19.06023887724119,47.8,-0.9,100.3,0.0
2023-05-05,597976.5,0,9.6771939340398,16.178100525338884,5.940028367033522,87.94451481452705,81.13182982349292,11.546866060098512,47.8,-0.9,100.3,0.0
2023-05-06,566846.5,0,8.72780089149758,14.009620133097654,6.706091091810383,93.83342912768812,91.32311287323684,11.416112881965455,47.8,-0.9,100.3,0.0
2023-05-07,513806.5,0,9.919324254399154,17.843067747595395,1.1262681475005831,81.63033500434832,65.54103161991291,11.000004840685808,47.8,-0.9,100.3,0.0
2023-05-08,551194.0,1,10.071144081799046,14.937062632511854,8.840365756687401,90.4795300920388,81.60957565411034,13.35738346886434,47.8,-0.9,100.3,0.0
2023-05-09,612613.5,0,9.616377078913198,16.95774247256453,8.030806905135343,84.83599423014839,77.69304207813008,10.710790414225016,47.8,-0.9,100.3,0.0
2023-05-10,599897.0,0,7.965592436015046,14.719338911688434,6.819398524349972,85.95420631316404,77.39194284597657,13.511463742863754,47.8,-0.9,100.3,0.0
2023-05-11,606814.5,0,7.626452466985601,15.887178397128755,5.498901828187187,82.86725685434963,71.50810771844432,7.924810749162361,47.8,-0.9,100.3,0.0
2023-05-12,594497.0,0,8.070869438190313,14.223775054467705,0.7184742699262298,87.60993260474507,75.13730898807476,17.698225592063512,47.8,-0.9,100.3,0.0
2023-05-13,527412.5,0,7.394831905571774,17.85529745599371,0.0,79.31210796591863,33.427263025225166,12.74710215033406,47.8,-0.9,100.3,0.0
2023-05-14,506904.5,0,7.3628457601985104,17.68589001863495,0.7296324517978338,78.12147558118349,42.20921590048804,9.181654065106516,47.8,-0.9,100.3,0.0
2023-05-15,549108.0,0,6.597152057036372,13.27080167166246,0.7489522742802038,73.80957819278113,58.80385645605493,16.938428566475924,47.8,-0.9,100.3,0.0
2023-05-16,579942.5,0,4.962712335530401,15.326740145101324,0.2966737419564705,73.16438020842426,34.105242149237455,13.05237718857394,47.8,-0.9,100.3,0.0
2023-05-17,600575.0,0,6.751074739820053,15.422517631775454,0.171949856211654,76.8997365960027,64.00166252201514,9.607689430941884,47.8,-0.9,100.3,0.0
2023-05-18,583041.0,0,9.150998985392254,16.717240143994882,0.1314955580022959,75.0724091604585,83.00976257219844,7.30549861645516,47.8,-0.9,100.3,0.0
2023-05-19,590024.0,0,8.892872918443635,16.460767716787117,1.3647497356217186,74.31536943560862,60.575228329771,9.079985709680804,47.8,-0.9,100.3,0.0
2023-05-20,478371.5,0,6.912294502898757,17.335638124712787,0.0998177074561191,76.52967464874754,33.187826554201294,12.463371160552423,47.8,-0.9,100.3,0.0
2023-05-21,472540.0,0,7.220926610531513,18.037914325823703,0.108135849744129,75.72887040645041,36.13401855110621,12.842314244905875,47.8,-0.9,100.3,0.0
2023-05-22,543606.5,0,7.69883673248852,18.830662145578817,0.0095450118008236,73.06286143787362,41.9910764031719,15.374157121346496,47.8,-0.9,100.3,0.0
2023-05-23,565816.5,0,8.424164463821667,16.620177432187987,0.1042219339802989,71.94507822425327,55.495046288020745,11.435429876872623,47.8,-0.9,100.3,0.0
2023-05-24,539860.0,0,8.27477693505109,18.418375771958765,0.0,72.56310659171707,33.212654846623714,11.88706610858528,47.8,-0.9,100.3,0.0
2023-05-25,565853.5,0,8.50755646421802,18.35741627795704,0.0114087926278475,74.28429724245031,30.84069796296565,9.555963967717451,47.8,-0.9,100.3,0.0
2023-05-26,533535.0,0,8.072153326371762,18.087435233160623,0.0,71.88684703297616,29.837320147776456,11.012668397470526,47.8,-0.9,100.3,0.0
2023-05-27,452932.0,0,8.008828857691583,19.012211636504635,0.0332725691520397,70.47365709540657,22.296844515204857,10.301585943902383,47.8,-0.9,100.3,0.0
2023-05-28,452320.0,0,8.150111372654987,17.44022927086179,0.1780047166413127,74.08411401557723,49.96179693879333,13.622969816372349,47.8,-0.9,100.3,0.0
2023-05-29,456786.5,1,6.311466306122143,16.98439070917799,0.0,71.15731577302587,14.49898594547599,15.079738342952416,47.8,-0.9,100.3,0.0
2023-05-30,538330.0,0,6.598454493496454,18.5976584388736,0.0195153277934168,73.49087985596086,24.20021204047908,15.73977559564101,47.8,-0.9,100.3,0.0
2023-05-31,561839.5,0,8.850653517171619,18.90883951334726,0.0330156147922998,74.7953727315778,37.847249823522425,16.766438507984457,47.8,-0.9,100.3,0.0
2023-06-01,549769.5,0,7.67578856769547,18.623842953153964,0.0,75.37014848027668,33.42192702200517,15.37393202177282,47.1,0.9,101.3,0.0
2023-06-02,514119.5,0,7.252486406739562,18.128228537659243,0.0,69.761788437627,12.981916058389674,13.703979907373554,47.1,0.9,101.3,0.0
2023-06-03,451879.0,0,6.879898850873438,19.263782216223937,0.0,70.72840387190936,16.61725846791157,14.194311244479774,47.1,0.9,101.3,0.0
2023-06-04,448354.5,0,7.738308575863474,19.98697202409389,0.0,68.6939986130129,7.480338425099623,11.92435049982924,47.1,0.9,101.3,0.0
2023-06-05,544605.0,0,8.065672800619804,19.28233476695494,0.0,71.4492292275876,11.653941000553466,13.114074234052906,47.1,0.9,101.3,0.0
2023-06-06,574473.5,0,8.233501144799142,17.914146226576307,0.0,74.36387651893037,37.47934780564182,14.620170163475644,47.1,0.9,101.3,0.0
2023-06-07,552541.5,0,7.569828798312503,19.186572278723187,0.0,71.54138399110519,11.069837680586778,14.349629858112277,47.1,0.9,101.3,0.0
2023-06-08,523842.5,0,7.636400368297817,19.478875493012325,0.0,70.38293823297204,13.658745865285958,16.875069444632267,47.1,0.9,101.3,0.0
2023-06-09,513472.5,0,9.031663863269282,21.06309867757996,0.0,72.37027936320055,29.198013585392403,19.094144270017203,47.1,0.9,101.3,0.0
2023-06-10,482586.5,0,11.351977006773147,25.44181109941288,1.183089700336039,75.66835201418017,38.46013473949058,13.710332377776831,47.1,0.9,101.3,0.0
2023-06-11,497851.0,0,13.875593744690612,24.86920571445572,4.699636071094092,80.65036142865327,56.38858002922975,7.202903046872099,47.1,0.9,101.3,0.0
2023-06-12,579467.5,0,15.550771049023025,25.738202280550045,2.6669817189886915,74.447188025637,46.815163160924186,9.855223985140231,47.1,0.9,101.3,0.0
2023-06-13,554296.0,0,13.924107466667191,25.800659836187503,0.4496965043671284,66.63047040524562,13.998721321318516,13.814366722119924,47.1,0.9,101.3,0.0
2023-06-14,550260.0,0,11.300926688597176,24.224114670837054,0.0,64.55335213343008,7.547427287674305,13.07967226374933,47.1,0.9,101.3,0.0
2023-06-15,560135.5,0,11.410640709485335,23.228818526592363,0.0,67.34019447017265,25.835244123622573,11.434222425425164,47.1,0.9,101.3,0.0
2023-06-16,551604.0,0,12.560388892399454,24.456264834012728,0.0083181422880099,60.60436572386294,19.80995261598652,8.484306819324583,47.1,0.9,101.3,0.0
2023-06-17,508938.5,0,13.05054736323695,21.83794897591373,1.977624105041714,64.35366898781905,49.53897535805093,9.260559379816868,47.1,0.9,101.3,0.0
2023-06-18,508586.5,0,13.270986708798358,22.68008861805089,17.221058228010254,81.23267981103929,73.32580447895289,9.95660409693518,47.1,0.9,101.3,0.0
2023-06-19,547299.5,0,12.945424832724338,22.718762685670267,5.47878055102802,74.01082678544778,59.762146540805965,12.194560378442665,47.1,0.9,101.3,0.0
2023-06-20,607499.5,0,14.053393794062536,20.86757838345805,9.753395575127568,82.42043701281186,74.96268866995534,7.878473522462872,47.1,0.9,101.3,0.0
2023-06-21,566660.0,0,12.841528885893572,22.5911151071442,0.8421735330847199,74.4283406694567,46.93767512525543,10.526769361329444,47.1,0.9,101.3,0.0
2023-06-22,581417.0,0,12.915335560028316,23.72327059353754,0.7772629176543715,72.47830913277285,41.881743351940415,6.800850758982653,47.1,0.9,101.3,0.0
2023-06-23,560262.5,0,13.50606943627248,22.50757937679751,0.9707475066933624,73.90160299541023,58.84329478344339,9.854705140457954,47.1,0.9,101.3,0.0
2023-06-24,491735.0,0,15.30863124706639,25.47715635802413,0.7892770879860264,73.24011387505904,50.480459903262506,11.602074727157431,47.1,0.9,101.3,0.0
2023-06-25,471755.0,0,14.450142980028222,25.44977298259271,3.789817486782315,70.01452267211266,37.33439970824342,16.747360566119895,47.1,0.9,101.3,0.0
2023-06-26,528717.5,0,11.999820694850788,20.81553497169597,0.5163911122918629,64.89825098184475,36.58693983891181,15.65611823345887,47.1,0.9,101.3,0.0
2023-06-27,592100.0,0,12.306508322045572,19.259942953055614,2.350571247027051,80.49003479515693,77.79317472214156,11.829951379229714,47.1,0.9,101.3,0.0
2023-06-28,605880.5,0,14.655256222570983,22.06628152838553,1.5581842827265395,81.2643074997867,82.02229592221858,11.78782989811632,47.1,0.9,101.3,0.0
2023-06-29,555941.0,0,12.1542763448255,18.934228218880875,2.4594112797875827,77.18714706021923,57.180694472139656,11.495784023905058,47.1,0.9,101.3,0.0
2023-06-30,563205.5,0,10.99359073221658,18.035871771554543,1.5670073223747991,77.59913303470861,69.47442724083491,16.34059716913006,47.1,0.9,101.3,0.0
2023-07-01,443204.0,0,13.49511932859104,20.051234586949043,0.6984448597633344,71.00852901178213,63.50579430091154,23.243805213015992,46.5,-1.5,99.7,0.0
2023-07-02,425153.5,0,10.673920170544584,18.543801567902744,0.7227010876206544,64.94664460871154,43.34015989384545,19.79039006768724,46.5,-1.5,99.7,0.0
2023-07-03,508657.5,0,10.646861428407394,17.869481956259133,3.030156807178304,67.27247949946509,56.18184157637072,21.22296135823436,46.5,-1.5,99.7,0.0
2023-07-04,575500.5,0,10.35430967947837,18.47392983347549,4.486557964123726,70.11833663462983,60.86878609614887,16.307237114186584,46.5,-1.5,99.7,0.0
2023-07-05,550437.5,0,9.497080728378457,19.114057345437978,3.119491187370131,69.42111166610812,59.728076626181526,15.106320070079608,46.5,-1.5,99.7,0.0
2023-07-06,539476.0,0,10.407813979482622,20.89599662067882,1.2019319100221313,69.02041526199697,44.93313419315388,14.257396798422656,46.5,-1.5,99.7,0.0
2023-07-07,511769.5,0,12.244461225830072,26.050660973364486,0.3640050445170981,61.20738942521297,19.880644009142657,14.644662481568512,46.5,-1.5,99.7,0.0
2023-07-08,517420.5,0,16.01638979378125,24.37504903691559,6.057698260967488,73.60606351373181,56.64396622190958,11.710576455912324,46.5,-1.5,99.7,0.0
2023-07-09,488667.5,0,13.78714198287768,21.96422945256423,3.552422163923632,74.08814861194334,49.64670376035538,11.802689143881532,46.5,-1.5,99.7,0.0
2023-07-10,554871.5,0,12.067780973074354,21.62453068398552,4.516299661748242,76.05442899393154,56.12863063729365,14.656073991127316,46.5,-1.5,99.7,0.0
2023-07-11,557099.5,0,13.852936107987802,20.91882764613708,7.14452563922255,79.35245623466808,75.61107454557794,17.560895935028714,46.5,-1.5,99.7,0.0
2023-07-12,537788.5,0,12.167252410139046,19.711246944682056,1.6734847270369544,77.07769395997973,62.80123916639149,18.361922464691578,46.5,-1.5,99.7,0.0
2023-07-13,560996.0,0,11.580561766659152,20.849227159154864,0.9707520123729771,68.77033810300193,51.33055946157067,14.450540300445848,46.5,-1.5,99.7,0.0
2023-07-14,576687.0,0,12.487020968805943,18.50510314318177,12.88753102188076,85.0631460701991,77.44406237176024,16.798094595421933,46.5,-1.5,99.7,0.0
2023-07-15,450728.0,0,13.69427883493575,19.13103320028158,6.058662262800249,80.59370012556893,81.2391648086629,26.02867319537389,46.5,-1.5,99.7,0.0
2023-07-16,431290.5,0,12.689928333877129,19.19037341572805,2.659858556082741,73.39036936184579,68.93832589783504,24.483573370904843,46.5,-1.5,99.7,0.0
2023-07-17,530080.5,0,10.915762708290869,20.042130762936345,1.5535670706370084,68.08308909640286,44.44187619511154,15.252205677697242,46.5,-1.5,99.7,0.0
2023-07-18,582120.5,0,11.478762159495403,19.071276685855658,3.0310478268363443,73.6600013701446,71.0701987650135,7.754086599162202,46.5,-1.5,99.7,0.0
2023-07-19,568958.0,0,12.236199127926632,20.3253993673362,2.9723890078382844,72.14643417257405,64.73191830200913,11.322255718402031,46.5,-1.5,99.7,0.0
2023-07-20,562424.0,0,10.467065787102277,20.09444586779389,0.4193641985090565,68.3382335775047,45.04458248577791,10.432851205124845,46.5,-1.5,99.7,0.0
2023-07-21,553202.0,0,11.062217257847074,18.735527210002044,1.4584684355936148,69.07230291124684,63.05464352083271,12.134331259409372,46.5,-1.5,99.7,0.0
2023-07-22,513570.5,0,11.793571458603438,16.507893560357296,11.855996635431389,89.54136293796374,90.39277476777616,15.49899121644498,46.5,-1.5,99.7,0.0
2023-07-23,466126.0,0,13.719228375012202,19.23486852328533,10.49601926740477,85.71779995778307,85.00259058137159,15.987435193205757,46.5,-1.5,99.7,0.0
2023-07-24,558884.5,0,11.48163374651993,17.017948540713025,6.431784560775533,82.02902476746883,76.68349629181952,12.98070055449979,46.5,-1.5,99.7,0.0
2023-07-25,547138.5,0,10.388786119507095,18.401967491367905,1.1305659865077946,70.95516801144504,66.6940548571718,9.92685153619702,46.5,-1.5,99.7,0.0
2023-07-26,554932.5,0,10.199600254629294,20.66626045372993,7.805227126207467,71.32362329666255,54.586879199717536,12.626025579966408,46.5,-1.5,99.7,0.0
2023-07-27,577825.0,0,15.021257403022162,20.941671902803208,5.716923675324045,87.35500532444705,84.71503139284633,15.408867374183354,46.5,-1.5,99.7,0.0
2023-07-28,550241.0,0,15.246561146067863,21.676230868072963,0.5944416325779938,76.67328943686749,70.88055689216537,13.487236340906236,46.5,-1.5,99.7,0.0
2023-07-29,437019.5,0,13.940793756295966,20.450581622998666,1.341690283578746,71.88171028160436,63.92962382000984,19.19258860575709,46.5,-1.5,99.7,0.0
2023-07-30,457952.0,0,13.15951874608596,18.80990937252664,4.576201899257676,83.08413394690896,82.66300843490271,21.804198992203023,46.5,-1.5,99.7,0.0
2023-07-31,556337.5,0,13.975125221626572,19.163403388762823,5.798725044804773,84.6082706974202,82.6431085599553,18.01034022737147,46.5,-1.5,99.7,0.0
2023-08-01,545924.0,0,12.600516948362822,18.991619989137195,0.9875245230679732,77.67622730286945,77.0856736845444,14.476694479761814,45.3,0.1,99.8,0.0
2023-08-02,551506.5,0,13.134591765142096,17.646530940188423,15.389270626054657,88.97307587503003,90.96304262397504,17.40308948550179,45.3,0.1,99.8,0.0
2023-08-03,542010.5,0,12.03562451239695,19.99014862042606,1.581729467624141,76.30726601999612,63.90967476984152,14.222781899412578,45.3,0.1,99.8,0.0
2023-08-04,544562.5,0,12.530184088668824,17.3724729161324,2.0430770724466565,76.93247632090176,81.62288203860304,12.597919851274462,45.3,0.1,99.8,0.0
2023-08-05,508055.0,0,11.0833455298126,14.78497710524653,15.622075191555924,89.41272606156393,90.73552224637818,15.077435221481506,45.3,0.1,99.8,0.0
2023-08-06,467737.0,0,10.026237715722472,17.838846208553587,2.2464490450049164,76.43631026699931,56.600591448822485,16.862111343641608,45.3,0.1,99.8,0.0
2023-08-07,524554.0,0,10.316906576177704,18.91324515212232,0.4968855934182901,73.07054443608193,39.760760368165045,13.42947136145779,45.3,0.1,99.8,0.0
2023-08-08,563055.0,0,10.810238815772165,17.852824249727508,1.1259835551299715,77.77973634828251,55.16672915505414,11.879356755532028,45.3,0.1,99.8,0.0
2023-08-09,555185.5,0,10.539917247938268,22.210587919885697,0.0,72.36601350499092,26.06917416855152,7.975028254237859,45.3,0.1,99.8,0.0
2023-08-10,563660.0,0,14.945594517970962,25.02119697896948,0.0831932464472747,74.4485250691588,35.43441142731324,10.424942047002167,45.3,0.1,99.8,0.0
2023-08-11,524014.0,0,16.14451312720228,22.856988929920146,0.9052044518204544,73.24432763826904,55.236387591960735,15.988342506765896,45.3,0.1,99.8,0.0
2023-08-12,467152.5,0,13.844042400473656,20.721348410988792,2.597121490026405,75.1686569927533,62.50768790036314,20.272154820069098,45.3,0.1,99.8,0.0
2023-08-13,475798.0,0,14.237627898602662,20.25915962252117,1.3970019066462525,71.87098295304087,69.66096770933707,17.261318491555016,45.3,0.1,99.8,0.0
2023-08-14,569372.0,0,13.64059032762745,19.70383010735688,10.06672637358071,84.79524151057427,79.315332677131,15.61879742181693,45.3,0.1,99.8,0.0
2023-08-15,564312.5,0,12.025901480149562,21.321112932370056,0.8313531895908843,75.19763198567821,49.73046285377576,9.314575931950346,45.3,0.1,99.8,0.0
2023-08-16,572998.0,0,12.58796285254638,22.36464342186758,0.3835751642636785,69.3740794859665,44.57787071416436,6.192313316723583,45.3,0.1,99.8,0.0
2023-08-17,556352.5,0,14.169039299361287,22.32752347563577,0.1882634714288278,72.65676780739246,42.96638875188126,15.718157630678848,45.3,0.1,99.8,0.0
2023-08-18,559526.0,0,14.662803328129776,19.52821236208501,4.101473435607138,90.17392853033212,82.21591058432702,17.29724480150299,45.3,0.1,99.8,0.0
2023-08-19,448696.5,0,15.810712557556522,22.372052314321127,5.556460711211384,76.00480269794932,55.80282173257089,21.38391316246092,45.3,0.1,99.8,0.0
2023-08-20,467338.0,0,13.692047801265227,22.52038936816972,0.3487081654101988,69.39066866990125,27.729516614954825,13.710777213751651,45.3,0.1,99.8,0.0
2023-08-21,531886.0,0,13.415328076174385,22.929526683581305,0.5225564079738605,70.59604492303956,30.00967427194241,14.386941618440115,45.3,0.1,99.8,0.0
2023-08-22,538675.0,0,14.503302653937498,22.0510313242469,0.4155764817293155,71.54666748440961,43.117314988681095,15.9540455409262,45.3,0.1,99.8,0.0
2023-08-23,575552.0,0,13.551027712941616,22.48956403462034,0.2155479616379184,72.21552821625001,54.38514472513388,8.158682168007633,45.3,0.1,99.8,0.0
2023-08-24,585092.0,0,13.757623127376853,20.155431301724647,2.818506791651228,74.43910853684294,64.99428273514546,8.984596169397818,45.3,0.1,99.8,0.0
2023-08-25,556447.0,0,11.171977334403058,18.545958562131293,3.618076998683825,71.8444261362365,59.22286274654919,10.896126873545182,45.3,0.1,99.8,0.0
2023-08-26,494765.0,0,10.99652079165221,17.92473352869829,4.503986919452709,78.86679981677312,64.21208927011432,10.125142162490176,45.3,0.1,99.8,0.0
2023-08-27,483290.5,0,10.527883840874884,18.029593909181727,3.0111301596793183,77.65461430153114,63.41401620421879,13.51953869831715,45.3,0.1,99.8,0.0
2023-08-28,503145.5,1,11.258305479668628,18.85088806760806,0.2702068758514997,72.39796891585111,46.85809349758513,12.66310225200383,45.3,0.1,99.8,0.0
2023-08-29,568497.0,0,10.575493937432892,19.694276360807446,0.5002413012722368,71.3216145349905,48.056820400291215,11.420042381664134,45.3,0.1,99.8,0.0
2023-08-30,559994.0,0,9.905171979270678,17.686655999536768,0.8297295574918572,70.21464705776047,52.35706813276031,13.544523905796012,45.3,0.1,99.8,0.0
2023-08-31,599347.5,0,10.214877028754472,16.92855793172955,2.3550944576083777,79.55560849233936,58.02698627015538,8.469175188937346,45.3,0.1,99.8,0.0
2023-09-01,579108.0,0,12.475699834082803,19.340748567341407,0.8458177427393401,81.0125049359628,69.27470821267988,5.7202774054120775,43.0,-1.3,98.6,0.0
2023-09-02,509701.5,0,12.978530298328854,22.02104708674927,0.238181281193994,74.8582930721457,47.88579821771789,7.743262917900248,43.0,-1.3,98.6,0.0
2023-09-03,481751.0,0,13.89138058879459,23.54150963379459,0.0,71.6785223104289,23.997007503401083,7.285956030222107,43.0,-1.3,98.6,0.0
2023-09-04,573126.0,0,14.764703467885754,25.73208522114957,0.0,68.3029863312556,3.029848575356969,8.93288441376621,43.0,-1.3,98.6,0.0
2023-09-05,594499.5,0,15.519311831508974,26.005796744305325,0.0,63.667447589664256,6.824122317583903,12.7876928068208,43.0,-1.3,98.6,0.0
2023-09-06,622256.5,0,16.144462568928294,28.33943617289909,0.0,65.76807264667677,21.92009180276114,5.136539180726067,43.0,-1.3,98.6,0.0
2023-09-07,622222.0,0,18.06061832553947,27.73740831587408,0.2509369938794061,63.21280389364482,19.56569800292052,7.490577121007187,43.0,-1.3,98.6,0.0
2023-09-08,617126.5,0,17.674297513528717,28.021276673561854,1.582448933377165,60.61810629482168,29.14634318304812,4.001775932368335,43.0,-1.3,98.6,0.0
2023-09-09,548981.0,0,18.53370978296762,28.69999213503811,1.2996946572228931,66.17941508656438,24.55614275037994,6.319790257233122,43.0,-1.3,98.6,0.0
2023-09-10,562332.0,0,18.49286180177026,27.746121212247875,3.165254101274892,67.98867636041405,34.68364804347778,7.847466932122705,43.0,-1.3,98.6,0.0
2023-09-11,611501.0,0,15.423596198042384,22.43388013515317,2.156029217088685,77.4356065388537,59.777459335780456,11.20224747970846,43.0,-1.3,98.6,0.0
2023-09-12,625576.5,0,12.66449317312702,18.54251253169036,1.978920598983696,79.0479781577192,67.79595429003398,10.691194749487902,43.0,-1.3,98.6,0.0
2023-09-13,584299.0,0,10.93240351084031,17.880879988733955,0.0,72.21589400305723,64.60668333665676,11.63435993471006,43.0,-1.3,98.6,0.0
2023-09-14,585638.0,0,12.758088955024098,18.64555479668628,0.0,73.6584238905271,59.276154071745175,9.374741568846908,43.0,-1.3,98.6,0.0
2023-09-15,591192.0,0,12.54595547331273,21.299302354214525,2.3956249789468584,73.90337454811045,31.95798169464696,9.13622862383882,43.0,-1.3,98.6,0.0
2023-09-16,532473.5,0,13.278812115372936,19.65392546425712,0.4418441820427337,76.68075148466139,54.836712295944345,13.308148331029884,43.0,-1.3,98.6,0.0
2023-09-17,534103.5,0,14.042667694879556,20.179519322665424,5.876428684619392,83.66761621457017,74.31821889378374,16.254274924890996,43.0,-1.3,98.6,0.0
2023-09-18,573722.0,0,12.031199710653,17.798118921789023,7.674232789717657,80.09544475483571,63.95731510916038,18.80875509178678,43.0,-1.3,98.6,0.0
2023-09-19,588518.0,0,11.642141052851317,16.952431010853218,6.383170871721765,85.12334442398482,91.89089277060324,27.0527607091952,43.0,-1.3,98.6,0.0
2023-09-20,584707.5,0,12.3655099814634,17.448297895005496,15.794545724226836,82.54746893293951,78.54947157844344,27.49275629018691,43.0,-1.3,98.6,0.0
2023-09-21,595081.5,0,10.005824804915752,16.395595919464757,2.6280783119695688,77.96767978583699,57.69039102660404,13.107598825597377,43.0,-1.3,98.6,0.0
2023-09-22,583608.5,0,8.998600273438816,15.383225170385993,2.026239756494141,78.64365601846923,62.5647102878742,13.197529701218734,43.0,-1.3,98.6,0.0
2023-09-23,526083.0,0,8.147147612825783,15.22080934299692,0.1763049889613922,68.55957966803776,40.92042896036944,12.470769833780375,43.0,-1.3,98.6,0.0
2023-09-24,492196.5,0,12.009312495989146,18.465947742353315,5.321524547409708,78.79022516165739,70.53128616683824,24.51589439953244,43.0,-1.3,98.6,0.0
2023-09-25,549690.0,0,12.949092105557565,19.20580493812651,0.1249773840085623,73.45494348045986,47.86578686869159,18.1077046291586,43.0,-1.3,98.6,0.0
2023-09-26,592255.5,0,11.970212371182436,19.26116385085254,1.707132496977568,78.23717361176507,52.65987359140653,16.407276156238527,43.0,-1.3,98.6,0.0
2023-09-27,609132.5,0,11.902688200331982,18.034521020439925,2.2074172245800376,81.09930614685344,66.28763667023269,20.68362734378324,43.0,-1.3,98.6,0.0
2023-09-28,588248.0,0,12.49495322391519,17.354461707747237,1.7850811892117433,74.27548574975862,66.83747489604973,20.60023731039572,43.0,-1.3,98.6,0.0
2023-09-29,541254.5,0,11.343375353969387,17.61778783916457,1.6635343577433392,75.4196783313569,42.15525822031433,15.842294451879464,43.0,-1.3,98.6,0.0
2023-09-30,539048.5,0,9.937845394457804,15.957366896814897,1.3950253209359325,81.25770566491168,59.26593796570471,10.838943836734332,43.0,-1.3,98.6,0.0
2023-10-01,544513.5,0,13.581241675557138,19.521019825236184,1.3419415827880827,86.592900951393,69.970762503599,14.771844585894236,44.3,0.6,99.2,0.0
2023-10-02,629246.0,0,13.146482425759556,18.403820751771107,4.728147904127498,85.97513656266189,73.22138472381597,6.910782318754274,44.3,0.6,99.2,0.0
2023-10-03,574952.5,0,10.154271258263588,15.729061943935822,1.3173192408009755,80.48099648175882,56.40204455815941,17.9837364328639,44.3,0.6,99.2,0.0
2023-10-04,584416.5,0,10.293726053204146,16.335081445844928,1.4569814291622336,78.28280001064644,61.41318411337937,17.87290897740374,44.3,0.6,99.2,0.0
2023-10-05,603557.5,0,11.331985281733449,16.51946204644157,0.487481293438624,79.76204436391728,75.79106038741715,14.708012659668867,44.3,0.6,99.2,0.0
2023-10-06,561697.5,0,13.776579975259946,19.19176402950612,1.135469939310401,81.11135467529725,67.62854182991815,20.14227132108493,44.3,0.6,99.2,0.0
2023-10-07,523377.0,0,12.347677033254003,19.94443802434616,5.692413520456523,75.80224793457926,43.6237921029021,15.678794710418188,44.3,0.6,99.2,0.0
2023-10-08,516981.0,0,12.249347306513332,18.149407398633272,0.5984446784297073,79.76214718623073,52.38619401677711,10.065948934852422,44.3,0.6,99.2,0.0
2023-10-09,602534.5,0,13.472624892152592,20.486178873882523,0.115143839672552,74.12567731183164,47.77760411070424,9.280066636727152,44.3,0.6,99.2,0.0
2023-10-10,583696.5,0,13.807329655805418,21.42844636544713,0.4078288196422551,68.53833949171016,30.792113905055924,15.16300884981863,44.3,0.6,99.2,0.0
2023-10-11,607414.5,0,9.419478218942343,17.417946871828967,7.231656411686589,79.07745539868934,67.32851609283692,17.243370995815436,44.3,0.6,99.2,0.0
2023-10-12,650889.0,0,9.43125347146325,14.252855912422866,2.1485767354119862,82.46900396696508,81.26409314192534,7.952646260015456,44.3,0.6,99.2,0.0
2023-10-13,604419.0,0,8.905894240327664,15.478929355246468,18.152912972583096,87.64334996418815,84.8132907682866,20.00788526203877,44.3,0.6,99.2,0.0
2023-10-14,520994.5,0,6.2312547746066045,11.28806374165896,0.8472205765597949,68.75194667795566,43.25366041903681,17.068017613457684,44.3,0.6,99.2,0.0
2023-10-15,557105.0,0,4.164891907332247,9.340276807933144,0.0546314882708492,61.43398990346658,27.73031190121485,9.302797805752467,44.3,0.6,99.2,0.0
2023-10-16,687161.5,0,4.909137300044331,10.703302995090592,0.0097576638967084,68.21009381648643,67.60445486931808,8.344248951768698,44.3,0.6,99.2,0.0
2023-10-17,641822.0,0,7.044727260701696,13.471606657734808,0.0319019404910981,70.7604730004679,42.47640360833019,17.8760366136566,44.3,0.6,99.2,0.0
2023-10-18,633689.0,0,10.90763163161662,15.22683619660155,9.873355336273685,79.5934701699422,74.60220859132907,24.63412759715856,44.3,0.6,99.2,0.0
2023-10-19,638373.0,0,12.657574127342675,16.193666034847038,5.893769682382166,90.60014238685211,92.91782161332098,19.76825327341005,44.3,0.6,99.2,0.0
2023-10-20,628921.0,0,9.67859903914077,13.758690875095184,26.8611845812816,92.07337815818636,96.88137736535886,27.360040621191224,44.3,0.6,99.2,0.0
2023-10-21,589528.5,0,8.284054516633395,11.199381978117518,4.164291556258052,87.794853856161,89.64965253710946,15.868691864131817,44.3,0.6,99.2,0.0
2023-10-22,569848.0,0,6.346774007158437,13.181805693826714,0.2559988606101317,77.56482194636015,38.27817246868706,11.263879583161325,44.3,0.6,99.2,0.0
2023-10-23,662234.5,0,7.778973625239084,12.687430693673042,5.487291082147452,85.35663479149338,66.81925506178989,16.185346355833374,44.3,0.6,99.2,0.0
2023-10-24,679935.0,0,8.174698214742781,12.276825359612245,3.6464968417829065,86.72397774858136,81.09999092717175,7.314871767005837,44.3,0.6,99.2,0.0
2023-10-25,688418.0,0,7.802546935289589,12.016477433245251,4.602060533959301,86.18527319232503,61.851660441288594,8.779589252902998,44.3,0.6,99.2,0.0
2023-10-26,687998.0,0,7.517880586704643,11.12223994852338,5.6209592198498735,90.5511800178211,80.33162416657221,7.716891906594618,44.3,0.6,99.2,0.0
2023-10-27,661580.5,0,8.72797953585476,12.96674853009118,4.081185317680532,88.59703793978937,74.5557771479798,10.169551582225026,44.3,0.6,99.2,0.0
2023-10-28,593824.5,0,8.577366376172245,12.67966892290776,12.041447576202538,87.97869400571268,80.69363523886494,17.182675449811892,44.3,0.6,99.2,0.0
2023-10-29,607234.5,0,9.258365458070871,12.332111554480369,5.850939872166555,82.69387252467305,73.45550440069051,22.13382996413405,44.3,0.6,99.2,0.0
2023-10-30,674747.5,0,8.968085850223588,13.08318629430042,1.8121761565827548,83.7443069385745,60.10066190769368,16.393182076910538,44.3,0.6,99.2,0.0
2023-10-31,701777.0,0,7.707864642253956,11.716056650100354,3.1584907196523115,86.602835421723,79.80175552157822,11.01300179010098,44.3,0.6,99.2,0.0
2023-11-01,672894.0,0,7.557096534523833,12.67324579385895,7.280195781614319,84.48734371192762,79.37826048618557,23.33837730745504,44.8,1.6,100.8,0.0
2023-11-02,696823.0,0,6.519813941248889,10.528535351082802,20.36134567930527,87.48770073939862,94.34476982492885,29.52875576364324,44.8,1.6,100.8,0.0
2023-11-03,676262.5,0,7.84407454877432,11.610674996908108,3.0124102137302624,81.90325204034139,75.36110080821935,19.325433190667823,44.8,1.6,100.8,0.0
2023-11-04,656692.5,0,7.095239801735344,10.643534079288653,10.964541384820937,88.37688015310214,78.36357874760056,17.836490254454723,44.8,1.6,100.8,0.0
2023-11-05,618598.0,0,6.536088419137127,10.878406014104929,1.7323318471761993,84.72415729960667,68.93483041556259,17.1979544060875,44.8,1.6,100.8,0.0
2023-11-06,694052.0,0,6.376915513159412,10.98576085377035,1.0638795493533582,84.24556081450393,57.302493487971375,16.241946051586282,44.8,1.6,100.8,0.0
2023-11-07,705292.5,0,5.87027585946607,11.099848780048823,1.0218737437267784,83.83291094379788,48.73866986006453,16.214603691362544,44.8,1.6,100.8,0.0
2023-11-08,717594.0,0,6.334794001311503,10.73026682905144,4.930985163774385,81.86388348029757,79.71834149990325,19.52909708577806,44.8,1.6,100.8,0.0
2023-11-09,730859.0,0,5.584187424961686,8.423614300670577,7.714715251498062,82.90619436284773,76.17740443471978,18.545059823500296,44.8,1.6,100.8,0.0
2023-11-10,731789.0,0,4.375451643669465,8.399651200158148,2.6907719639894774,83.65114863173636,49.41898031983072,14.368316180811386,44.8,1.6,100.8,0.0
2023-11-11,666773.0,0,3.747613004042941,8.96619641529851,0.0415444821222255,82.05417097769437,22.56612115569637,8.378287302048221,44.8,1.6,100.8,0.0
2023-11-12,679585.0,0,4.134507813819663,7.775554226253716,4.330578472403727,89.65656457542484,77.89461511968388,10.25864388202471,44.8,1.6,100.8,0.0
2023-11-13,675885.5,0,7.828155561631427,12.329287759623652,11.294045736705048,85.1494692211063,83.4757416944896,26.80987650196492,44.8,1.6,100.8,0.0
2023-11-14,717687.5,0,9.721210044210984,11.417165031918406,2.503815705164062,80.660329368868,84.43001175103373,23.30411677738057,44.8,1.6,100.8,0.0
2023-11-15,716185.5,0,5.945151433863384,10.016667357168728,0.9036414435484446,77.42735177113164,59.107273024391645,19.24349817523049,44.8,1.6,100.8,0.0
2023-11-16,781761.5,0,5.229257722784036,7.592073962482749,5.272584337962607,86.57444718138699,87.23350786029025,8.601819984145909,44.8,1.6,100.8,0.0
2023-11-17,741009.5,0,4.663284338626472,8.850120334838996,2.147470303698788,86.23939096857728,49.49545388913299,9.546797860214026,44.8,1.6,100.8,0.0
2023-11-18,625073.0,0,6.671793649585736,13.035652619109149,7.907957595715264,90.6744007814926,93.72610617508002,20.95291097637647,44.8,1.6,100.8,0.0
2023-11-19,609123.0,0,10.248745955030737,12.016667357168728,2.341854982150624,82.62827095128728,93.09439443358627,26.31003964076026,44.8,1.6,100.8,0.0
2023-11-20,708363.0,0,7.868205367524537,10.62234052721738,2.204749075444378,85.8342242910101,76.94078524283584,13.771610020090536,44.8,1.6,100.8,0.0
2023-11-21,739732.0,0,7.0246428403705945,9.656734506547558,0.4675880064340859,86.04765596781876,87.54152769032102,12.516317552308298,44.8,1.6,100.8,0.0
2023-11-22,717047.5,0,6.547731267375757,10.757308313759546,0.5367318984167792,85.14516884803848,64.0259293563529,14.10465508930343,44.8,1.6,100.8,0.0
2023-11-23,670110.5,0,7.620800359298752,12.641991836790393,0.4128394304255451,81.35943682631483,72.24886632675114,24.648796657756936,44.8,1.6,100.8,0.0
2023-11-24,706092.0,0,2.775256193680541,9.14980338209958,0.4088056531342196,66.03545677879191,33.19138707070339,20.86268171473504,44.8,1.6,100.8,0.0
2023-11-25,717767.0,0,1.1757800081335816,5.745199284426773,0.2049109418308771,71.40190571499664,21.40639430622246,10.26708671423222,44.8,1.6,100.8,0.0
2023-11-26,739038.5,0,2.11593187412422,7.234616684685287,3.937421244347001,80.07035345181775,94.27327928833128,9.555438330707789,44.8,1.6,100.8,0.0
2023-11-27,783348.0,0,4.323614322184737,7.627338927178628,4.959494319831703,88.45991910614693,92.30677337648623,15.489035124385031,44.8,1.6,100.8,0.0
2023-11-28,797180.5,0,1.696614181543605,5.64824200736694,0.3519265253354426,78.3522318112537,47.09954255672792,9.405215622279227,44.8,1.6,100.8,0.0
2023-11-29,831961.5,0,1.0131953560642513,4.498793931605627,0.405793864481451,82.85277155540486,59.326920725732826,7.837965972099455,44.8,1.6,100.8,0.0
2023-11-30,848811.0,0,0.0502727042609591,3.978728535938112,0.2026986946314673,77.15902624088137,42.53259803879384,11.65532677364572,44.8,1.6,100.8,0.0
2023-12-01,864457.5,0,-0.2391390224064435,3.4378534469002275,0.4066287905796997,81.26494539460533,39.70431960057918,8.421501994424021,47.2,-3.4,97.3,0.0
2023-12-02,811846.5,0,-0.683677333468729,3.006201855922012,0.057752284557825,77.00308234894786,32.18061805077292,6.131730443444931,47.2,-3.4,97.3,0.0
2023-12-03,799432.5,0,-0.1297860091087261,4.254249430612411,8.946994192283475,92.28303914052532,91.82711668898811,11.780688272988373,47.2,-3.4,97.3,0.0
2023-12-04,836045.5,0,3.2250197715122537,5.708362034246115,16.03035786928931,94.80298599317597,99.67851707019445,18.51727984991231,47.2,-3.4,97.3,0.0
2023-12-05,847072.5,0,3.62818248199142,5.196778303843363,2.424133697037365,91.2596410479338,93.37618393954496,15.230896317980749,47.2,-3.4,97.3,0.0
2023-12-06,842608.5,0,0.9637061206430448,4.817490700965728,1.7719837348654035,84.40675348510938,41.35509250289335,10.088463640702232,47.2,-3.4,97.3,0.0
2023-12-07,807820.5,0,4.375060424052682,8.074953947405627,7.629049660887677,88.53383576373666,93.58151339938712,25.04668331268384,47.2,-3.4,97.3,0.0
2023-12-08,771635.5,0,6.170299552702191,9.075268453677802,1.436058124127601,86.5968440511137,79.49021297849642,20.010592526989207,47.2,-3.4,97.3,0.0
2023-12-09,677807.5,0,6.622999721053559,11.149802398595162,12.184172710813558,85.50122192740311,76.35863731405927,26.57345625458405,47.2,-3.4,97.3,0.0
2023-12-10,687862.5,0,5.783757467564639,9.612534665457284,5.9047491753315455,87.16761357140206,72.2143341804175,19.24307085792812,47.2,-3.4,97.3,0.0
2023-12-11,773461.0,0,5.911712191447003,9.425513539905324,1.062787192510417,84.64163774446538,64.91107949076108,17.855020999048705,47.2,-3.4,97.3,0.0
2023-12-12,780350.5,0,5.267048173152837,8.74396712243081,7.369536443940618,93.1543015163917,93.0022161581662,11.81551012284216,47.2,-3.4,97.3,0.0
2023-12-13,797688.0,0,3.1095014763630697,7.121284351043215,0.9401266513961214,85.06903388086664,75.48983726444148,16.682448583003715,47.2,-3.4,97.3,0.0
2023-12-14,805019.0,0,2.8486324463270907,7.501814289040638,0.4315631047783808,83.19520726310637,69.06873869123592,11.245998181992084,47.2,-3.4,97.3,0.0
2023-12-15,762815.5,0,4.379104763259422,8.510045806103578,0.0665451383040794,82.69532646691528,34.20979964109465,11.754357216549725,47.2,-3.4,97.3,0.0
2023-12-16,654796.5,0,6.924148082326204,10.905379560171909,0.0428175809528633,88.40808926851614,64.80011406807178,17.6595510787937,47.2,-3.4,97.3,0.0
2023-12-17,632098.5,0,8.217422107679473,10.985623716373064,0.5205658995291227,84.05094832569438,36.235100092474006,23.06772187060573,47.2,-3.4,97.3,0.0
2023-12-18,723669.5,0,8.855642112823201,11.946007881804404,1.727993856601122,90.74338917527992,87.09983052374807,19.51867326053106,47.2,-3.4,97.3,0.0
2023-12-19,738636.5,0,5.986338278434527,10.570596884528468,7.837606839314311,86.71004038453547,84.0500484806209,16.102805655347105,47.2,-3.4,97.3,0.0
2023-12-20,707498.5,0,5.721508092151414,9.821692247206784,1.1112150637716558,82.23974904102172,90.38235023563536,24.432883922014,47.2,-3.4,97.3,0.0
2023-12-21,669712.5,0,9.508476609437365,11.449931895392504,1.6778808012315445,78.52692366395227,97.19124195769996,35.439693937113255,47.2,-3.4,97.3,0.0
2023-12-22,639295.0,0,7.650101061225855,10.652694915823089,2.276022403554484,78.04701864158862,88.37147026411273,29.3427041429386,47.2,-3.4,97.3,0.0
2023-12-23,581384.5,0,8.398049839824012,11.08638529609261,2.243305374556593,79.07114677106894,73.4191937863912,29.856564225051383,47.2,-3.4,97.3,0.0
2023-12-24,551324.5,0,9.614828873919404,12.592214557512756,2.194220167360488,86.40004589277491,93.47677326768606,31.47042679051282,47.2,-3.4,97.3,0.0
2023-12-25,546618.0,1,7.785713857626425,10.982405782120823,4.09622644875733,83.12833523252134,85.12904214168906,24.59949365811764,47.2,-3.4,97.3,0.0
2023-12-26,571103.5,1,5.286114558840487,8.58719146237026,2.4421875741470127,80.05948795625078,58.704967929765,15.750028429424583,47.2,-3.4,97.3,0.0
2023-12-27,609263.0,0,5.046642128436334,11.478166816610113,12.335590841201164,85.58142247133023,90.49024308295196,29.125261750480504,47.2,-3.4,97.3,0.0
2023-12-28,601949.5,0,7.370701086821557,9.704249249278783,3.921179209810752,75.7178008644512,81.67927183299898,36.520465436089545,47.2,-3.4,97.3,0.0
2023-12-29,630117.5,0,4.5659879062149855,7.752613586154618,2.6768652468632967,75.47243728868486,60.44621931988703,29.191738335453195,47.2,-3.4,97.3,0.0
2023-12-30,636442.5,0,3.782118380615718,9.869289773348948,8.427965834408838,85.2436618518798,82.16987659970067,21.353960443206432,47.2,-3.4,97.3,0.0
2023-12-31,616817.5,0,5.19053023858096,8.43253576145002,8.382305490794522,84.38510862744828,87.42502609052814,22.123897860361552,47.2,-3.4,97.3,0.0
2024-01-01,606484.5,1,5.004410740704223,9.27928010980335,6.527761322348737,83.26458684577594,78.31877481965603,22.19880211005956,46.2,3.4,100.6,0.0
2024-01-02,702771.0,0,7.623234532733363,10.946514232907123,11.200970027334048,86.64680340164674,92.3967338033419,27.29810993194395,46.2,3.4,100.6,0.0
2024-01-03,737602.5,0,7.618111627259694,9.070196183314405,2.810712884879087,81.18995674793446,91.8560361907497,24.93108622961042,46.2,3.4,100.6,0.0
2024-01-04,772095.0,0,4.443681863121264,7.326950461374216,3.095472269908526,86.17442420119157,64.98350174412215,11.061564287749787,46.2,3.4,100.6,0.0
2024-01-05,772706.0,0,3.617390580215973,6.699231225330943,2.4632824530640955,89.09883487919738,77.51276289073094,11.726002046549755,46.2,3.4,100.6,0.0
2024-01-06,713211.0,0,2.679791184800726,6.013921474302628,0.1191877332288523,84.75484134659949,48.92508915774894,9.865892195867856,46.2,3.4,100.6,0.0
2024-01-07,736028.5,0,0.8139257740610053,4.023838041778776,0.0824847805764762,78.93466715382918,41.19816834903293,11.689528185884305,46.2,3.4,100.6,0.0
2024-01-08,847506.0,0,0.3612218560990428,3.6074201658729375,0.1207378867907734,76.09555163410488,46.5522115756503,13.37710010464487,46.2,3.4,100.6,0.0
2024-01-09,830970.0,0,0.2891584896470178,3.2314766777909214,0.0040684704096713,68.96452848400908,35.952554317719624,20.020282596471333,46.2,3.4,100.6,0.0
2024-01-10,829466.5,0,0.7151221979651785,4.7027623750058085,0.1522619356866791,77.3342283940676,50.36583204842579,14.647721057370518,46.2,3.4,100.6,0.0
2024-01-11,833282.5,0,0.6416220237619585,5.429407986891853,0.0260315455353939,80.65961672771361,48.89968563818004,13.166829580075577,46.2,3.4,100.6,0.0
2024-01-12,835674.0,0,1.2958606112381608,5.68992833387713,0.0,82.26575071568386,42.60742516023131,9.933755860149606,46.2,3.4,100.6,0.0
2024-01-13,750363.0,0,0.752606901398027,5.758209465049818,0.0399147676630631,86.99414959323487,36.93696803168064,9.887372915861937,46.2,3.4,100.6,0.0
2024-01-14,738583.0,0,0.3381237938240348,4.936910896220859,0.2334810905293688,80.67116927795286,62.1365287770934,8.796080824024259,46.2,3.4,100.6,0.0
2024-01-15,839342.5,0,-1.3440705225531089,1.5673197248695565,0.1348608504141414,60.05673070161484,32.17495698397552,14.083972068228652,46.2,3.4,100.6,0.0
2024-01-16,871689.5,0,-1.5695974442654193,2.4824771322929005,0.5781683087707203,66.60210263409529,45.18184309772912,10.765547698857832,46.2,3.4,100.6,0.0
2024-01-17,888279.0,0,-1.8906732954454648,1.7620580254083449,0.6798130185988062,79.82561246508251,61.07913714514238,10.481130622541086,46.2,3.4,100.6,0.0
2024-01-18,881838.0,0,-2.37279138715676,2.014683905368188,0.0877904011935809,64.292127028693,9.566793980289097,12.05488683060538,46.2,3.4,100.6,0.0
2024-01-19,836835.0,0,-2.070293719291611,3.16201526448032,0.3410438338084069,72.6231794411187,30.33097201093952,13.46792069831764,46.2,3.4,100.6,0.0
2024-01-20,715189.0,0,1.3097185726695433,5.636685108194092,2.1756307521177924,77.91708051200749,84.95628373573827,23.43960307052538,46.2,3.4,100.6,0.0
2024-01-21,670419.0,0,4.0558987951825,11.975912762789306,9.93695189452456,84.93675438071308,92.36036963415356,34.53326339489989,46.2,3.4,100.6,0.0
2024-01-22,721936.0,0,5.878406014104929,11.8548624089613,1.3342519720492965,72.9104369857655,60.85696998209284,37.319899057409366,46.2,3.4,100.6,0.0
2024-01-23,760062.5,0,4.378072560005449,12.315870039357389,4.506799951082948,87.12334281042288,82.34648305889053,27.00600805944989,46.2,3.4,100.6,0.0
2024-01-24,731851.5,0,6.0003894216477685,10.944466960890209,0.7292918519240666,75.87045425794715,61.321344178846346,26.98431419560772,46.2,3.4,100.6,0.0
2024-01-25,748075.0,0,5.038117926605491,11.463739452222462,1.7220929192230607,89.50804021008638,86.54794874479019,17.573418266725906,46.2,3.4,100.6,0.0
2024-01-26,688218.5,0,3.9827428014238193,11.667274308479604,2.889305605003972,74.8452870867837,39.17421529870627,24.619999510091866,46.2,3.4,100.6,0.0
2024-01-27,676062.0,0,3.60492261787239,7.519621727604191,0.0,79.87081280677654,54.533618332424,15.166452529069318,46.2,3.4,100.6,0.0
2024-01-28,648821.0,0,4.656251190962381,9.885126330527806,0.2911349800803474,80.84857211447795,65.08037789743474,17.277612147779408,46.2,3.4,100.6,0.0
2024-01-29,762233.0,0,6.672491399868554,10.8983396662822,5.410436228159748,91.8853962563888,85.32646583957224,11.74232648338898,46.2,3.4,100.6,0.0
2024-01-30,765097.0,0,2.797827404932619,9.29026557754207,1.0896728870452552,82.73821521978005,63.89465717986501,16.759041125606053,46.2,3.4,100.6,0.0
2024-01-31,753082.0,0,2.418706183341451,10.009627002261322,2.210761680528752,83.68647604896279,53.960252083861455,20.80609933788024,46.2,3.4,100.6,0.0
2024-02-01,751560.0,0,3.5179356014830265,8.501224324695132,0.2601163602517672,79.42726529957913,34.60713318235721,13.33983871818394,47.0,-0.3,100.3,0.0
2024-02-02,692297.0,0,5.623156251928591,11.944109687543104,0.2367705178691688,84.88106497976808,75.19279640179991,23.23500621390385,47.0,-0.3,100.3,0.0
2024-02-03,620178.5,0,8.507217969658397,11.751513382790492,0.3955974316027999,85.27080520613146,83.79699711206221,20.502134419728705,47.0,-0.3,100.3,0.0
2024-02-04,605914.5,0,7.760778839607394,12.494403936697722,0.6770700923928639,83.17470216412771,76.76599835902287,25.76909767342195,47.0,-0.3,100.3,0.0
2024-02-05,687173.0,0,8.462363882988546,11.085776107309185,0.1826510312412637,77.46276510668933,55.39291842089023,27.65936247645429,47.0,-0.3,100.3,0.0
2024-02-06,706353.5,0,5.141352512816907,10.812949599824346,11.9525351947056,80.5673920431788,87.50813012390435,26.53116551850722,47.0,-0.3,100.3,0.0
2024-02-07,794791.5,0,2.2087241943807965,5.999472764795656,2.392988427964079,79.7765031697118,74.75944359405462,8.374191082983431,47.0,-0.3,100.3,0.0
2024-02-08,787805.5,0,1.432009509750094,4.523019643164927,13.87813998077003,89.13683635273287,90.67946349342245,18.13168589376825,47.0,-0.3,100.3,0.0
2024-02-09,745015.0,0,5.166645649382151,9.228838273517004,8.915812173952919,91.345226063408,91.533370151231,20.72858778723554,47.0,-0.3,100.3,0.0
2024-02-10,686267.0,0,4.482013117981928,9.109200693050976,1.174598069405415,88.36569481882496,61.69293375433879,10.27678855503285,47.0,-0.3,100.3,0.0
2024-02-11,671907.0,0,3.58614870181105,7.263141171117721,1.62660509918765,89.15920244184477,79.00361539297518,12.891074457677224,47.0,-0.3,100.3,0.0
2024-02-12,703700.0,0,2.245007408861719,8.040051281149736,0.9574453020944464,79.37040930872179,43.180173460674204,17.767432508238695,47.0,-0.3,100.3,0.0
2024-02-13,763866.5,0,3.4576466269855417,9.64278879808138,3.332229024862745,86.77287299343584,77.85336082822383,17.813380881878906,47.0,-0.3,100.3,0.0
2024-02-14,741833.0,0,8.889010973204668,10.981233352651,4.717113030659029,93.84340309186744,95.55640410131176,15.68781674989163,47.0,-0.3,100.3,0.0
2024-02-15,705605.0,0,10.106224378173184,13.400795983933472,3.14473042328309,90.37807567955852,91.2162197120594,14.326434213758292,47.0,-0.3,100.3,0.0
2024-02-16,692263.5,0,7.172082661579326,11.341679438905812,2.3090940074092305,88.54088332588738,69.58371976861092,14.03062620463924,47.0,-0.3,100.3,0.0
2024-02-17,640462.5,0,6.596070955172115,11.383705258847298,4.106028202849753,92.00214809658702,81.16314975219377,12.605671018632735,47.0,-0.3,100.3,0.0
2024-02-18,613751.0,0,8.087655369110438,12.40067467481041,4.003012746032851,88.13024728804804,71.31076200938804,15.11106214420191,47.0,-0.3,100.3,0.0
2024-02-19,674495.5,0,6.650502069785047,10.869230655513071,1.6835511160439325,84.32274541139867,59.63831408348821,15.825732467988775,47.0,-0.3,100.3,0.0
2024-02-20,685952.5,0,5.6621594400811,12.036374034967023,0.6216444919203883,84.57364525647213,65.9238284587576,16.65373243614782,47.0,-0.3,100.3,0.0
2024-02-21,708090.0,0,7.363549334671555,10.709771027262988,8.889729858075397,91.41810390982346,92.09134775204085,21.017917037837137,47.0,-0.3,100.3,0.0
2024-02-22,734259.0,0,2.845511356525515,9.930731568696922,11.640182794131134,85.69983219263213,76.53330513236862,22.34201226294777,47.0,-0.3,100.3,0.0
2024-02-23,743101.5,0,1.456671974107279,6.328195885312566,2.342957261631108,80.06441608174791,64.39806147283721,16.433793740436958,47.0,-0.3,100.3,0.0
2024-02-24,696686.0,0,0.7644494010335157,6.876772167390485,2.052288095367473,80.81073986517139,47.82502120988747,6.075726828205628,47.0,-0.3,100.3,0.0
2024-02-25,686356.5,0,2.005677217784022,7.708491841462038,2.75197043112408,82.68008056560848,66.17628643607259,14.873196514140703,47.0,-0.3,100.3,0.0
2024-02-26,751552.0,0,2.594479199373311,7.372134298634724,0.3815435007692234,79.1982392074528,58.23002745329645,22.947504667957844,47.0,-0.3,100.3,0.0
2024-02-27,766545.0,0,1.5208918006220171,7.358611005316087,0.5907644832089979,83.26639781548916,62.434025294258376,12.443755672054388,47.0,-0.3,100.3,0.0
2024-02-28,755333.0,0,4.058089274663033,9.711199797939017,3.247348863954046,92.27609578374114,90.19775669096497,15.010686636068206,47.0,-0.3,100.3,0.0
2024-02-29,737038.0,0,3.016230558269072,8.002529903759175,5.165479061774896,86.98627301369604,82.87172270203578,18.31238449969991,47.0,-0.3,100.3,0.0
2024-03-01,750267.5,0,1.9743718418751104,6.293860009579333,7.083609259595746,81.69645024365093,75.5456887131066,21.61408236333161,47.5,-0.2,100.1,0.0
2024-03-02,710472.0,0,1.3969113873583785,5.983148927279437,2.604685021645703,85.78263023319627,71.58501293861531,11.034315852197972,47.5,-0.2,100.1,0.0
2024-03-03,687815.5,0,2.1597436151507874,6.366854186126736,1.7405102765147258,85.8163048712482,73.43900700537903,7.6977979520487505,47.5,-0.2,100.1,0.0
2024-03-04,741983.5,0,1.6409250725764792,8.830648806800147,0.6542229144112657,77.91634531172049,54.23282819726837,14.48013165866299,47.5,-0.2,100.1,0.0
2024-03-05,752697.0,0,3.4804790047623744,9.8659270027039,0.4558721037946305,79.52685523355895,53.51475159813321,11.763615865671984,47.5,-0.2,100.1,0.0
2024-03-06,746924.5,0,3.454189516752645,10.208708366106569,0.4960051095513277,75.3035806445347,45.55707414443106,8.67248748121814,47.5,-0.2,100.1,0.0
2024-03-07,742394.5,0,3.1927293083578943,9.514559492059307,0.5056956508082316,80.2849670396935,57.26439667597636,15.445334611561242,47.5,-0.2,100.1,0.0
2024-03-08,685804.0,0,3.907284177946438,8.39928481402792,0.1016984783219644,75.34101485116258,54.98684930118323,21.90339374181386,47.5,-0.2,100.1,0.0
2024-03-09,629832.5,0,5.049203834732901,9.135415219583344,1.3294883422762571,81.21459940389798,85.27364870181106,21.95363217709276,47.5,-0.2,100.1,0.0
2024-03-10,656155.5,0,5.197425419015911,8.817450346550075,4.394277096899035,88.62353222722689,92.29978951161384,17.22091420915549,47.5,-0.2,100.1,0.0
2024-03-11,775298.5,0,4.903712366510789,8.746286671498952,0.3465721843682299,87.57317564847979,89.19066985010654,11.617449452175745,47.5,-0.2,100.1,0.0
2024-03-12,747540.5,0,4.957408910894254,10.456168711823125,3.933009483256944,92.9254331537864,92.94361968720132,12.79353440814794,47.5,-0.2,100.1,0.0
2024-03-13,676095.5,0,9.062418584274896,12.677564407860263,1.088216435330036,86.0116700482827,92.08323735969388,22.220144294236,47.5,-0.2,100.1,0.0
2024-03-14,693772.5,0,8.989015362093133,12.443244080717191,4.204627754027513,86.52074973033538,92.24100532961045,20.86440632046656,47.5,-0.2,100.1,0.0
2024-03-15,655397.0,0,6.38735636532665,11.556791678888755,2.4815634259540422,84.57807637415851,93.05705239976308,22.539979285552885,47.5,-0.2,100.1,0.0
2024-03-16,635555.5,0,4.371625934421401,10.80418115081819,3.460256286806116,77.17608716885714,60.23988407310487,11.876256488363053,47.5,-0.2,100.1,0.0
2024-03-17,614164.0,0,7.580351450386259,13.608271727026382,6.08564114591542,90.9866719476756,82.42226994233468,13.97612169600911,47.5,-0.2,100.1,0.0
2024-03-18,653553.0,0,5.42705561336376,13.65348622196367,0.2412509782795508,81.60620933362904,52.38370642675879,14.8138091826857,47.5,-0.2,100.1,0.0
2024-03-19,661639.5,0,8.262704495156118,13.569183296701892,0.9680694303099834,82.44857605771597,76.83485822107654,15.045353968157569,47.5,-0.2,100.1,0.0
2024-03-20,695782.0,0,7.4935474887567,11.749185335629488,4.071109642240432,88.59409726157948,89.26333830228451,8.471104363587814,47.5,-0.2,100.1,0.0
2024-03-21,649048.5,0,6.007082322884992,13.093232653625234,0.2244086403076008,81.53604502200469,62.338704568550135,14.451680427942442,47.5,-0.2,100.1,0.0
2024-03-22,622786.0,0,4.666879815637179,9.88576087528451,2.55793964522291,77.91991526371811,79.40173759721019,16.720190226965773,47.5,-0.2,100.1,0.0
2024-03-23,548369.0,0,3.2792017367950392,7.926261402811692,2.2348202531958363,75.54203258153436,68.2280519924693,27.43415381062475,47.5,-0.2,100.1,0.0
2024-03-24,574154.0,0,4.167082079467649,9.516081618818768,0.2631344648469704,71.41780931951575,70.22744326470358,18.55819335709152,47.5,-0.2,100.1,0.0
2024-03-25,704221.5,0,3.656548839354143,8.201893971339207,3.899839507446235,82.22170104342443,74.11079639823471,16.870344643306307,47.5,-0.2,100.1,0.0
2024-03-26,692349.5,0,5.141787390809496,8.568900523814452,6.201759790602074,88.8805910689439,94.3412096772409,10.010458893326406,47.5,-0.2,100.1,0.0
2024-03-27,673302.5,0,3.972201754743995,8.790316827342602,5.471943869128509,84.78128459937808,77.15372808721422,19.46091756290556,47.5,-0.2,100.1,0.0
2024-03-28,669530.0,0,3.313097924584389,9.022769172250715,5.433242636809768,84.83226957597928,79.96157285345858,28.31930093305064,47.5,-0.2,100.1,0.0
2024-03-29,590332.0,1,4.291695300988004,11.084099093971142,3.771359278712613,84.9102261777404,71.83998138779359,20.69886029049278,47.5,-0.2,100.1,0.0
2024-03-30,555049.0,0,4.172187650675951,11.93879739599994,1.1494057312859394,78.31951012751381,48.34257193843066,8.277555335032009,47.5,-0.2,100.1,0.0
2024-03-31,539078.0,0,4.597025722820425,12.49857743769561,2.855872441874274,79.99476286970854,72.3601273539871,15.822869578831444,47.5,-0.2,100.1,0.0
2024-04-01,572963.0,1,5.855987307506672,11.74564968334846,4.813110430457755,85.18215832626235,72.62238748955333,13.124004693528958,50.3,-1.7,98.5,0.0
2024-04-02,660220.5,0,5.17163315395852,12.67976281684517,2.87161619158076,82.69017104432679,72.8368638017265,12.380748936770257,50.3,-1.7,98.5,0.0
2024-04-03,652566.0,0,7.280554593223802,11.183191835733124,5.332893594165261,88.25551138971879,89.67553549971491,18.879962578886275,50.3,-1.7,98.5,0.0
2024-04-04,667412.0,0,6.951547501173444,12.273777955805738,4.572849727409457,86.20655481414349,93.61963427650588,15.753365721158303,50.3,-1.7,98.5,0.0
2024-04-05,586762.0,0,9.22548106581882,14.079211000177276,6.473875484099316,87.10449179683553,87.85328042673765,23.434907405517805,50.3,-1.7,98.5,0.0
2024-04-06,502637.0,0,10.101176987398112,15.943825869682222,1.789537725877157,80.86656325322608,68.72354254787638,28.060779189980845,50.3,-1.7,98.5,0.0
2024-04-07,487380.5,0,8.100124284223925,13.28129767691339,2.318871899225712,77.81757924709787,63.14163708367336,29.77267612351242,50.3,-1.7,98.5,0.0
2024-04-08,624406.0,0,8.093885331744646,14.3999756490453,3.389833992752556,83.07627101349392,73.51537991915102,15.855854104127054,50.3,-1.7,98.5,0.0
2024-04-09,628981.0,0,4.998332806338882,9.893299467383182,7.099700234000289,82.94104662450219,72.918443357153,26.50125913153117,50.3,-1.7,98.5,0.0
2024-04-10,658643.0,0,3.4977318851394696,12.37261172856065,1.6587071106017104,84.3961479727884,68.65541404429557,19.202433177636387,50.3,-1.7,98.5,0.0
2024-04-11,612682.0,0,11.089268316355998,16.48028301077257,0.8139957488636221,84.97293538757081,87.0038535547169,17.496112422177138,50.3,-1.7,98.5,0.0
2024-04-12,566765.0,0,10.298450424246925,16.57380469175865,0.4489984820838688,78.46551307950232,54.94046343711682,19.22540922389453,50.3,-1.7,98.5,0.0
2024-04-13,505350.0,0,7.469192308061122,15.400569347634145,1.543052675390187,79.54821888579276,50.55910422048792,20.216965869200305,50.3,-1.7,98.5,0.0
2024-04-14,507205.0,0,5.227569491348726,11.489766851672044,1.0021423553799782,69.97409392504073,62.2831280247371,18.07779665935513,50.3,-1.7,98.5,0.0
2024-04-15,574967.5,0,5.121074034770324,9.112956773259697,5.3092999655281705,76.2041472875317,77.62931030031554,31.574615929230955,50.3,-1.7,98.5,0.0
2024-04-16,612912.5,0,4.253537265842965,10.624015481343044,0.7724015198585524,65.52228690163899,42.378611336019446,21.84194984115174,50.3,-1.7,98.5,0.0
2024-04-17,632166.5,0,2.410969246062725,9.285603797335146,1.8567753849866573,74.1257331410746,63.593599731282005,16.6848245760051,50.3,-1.7,98.5,0.0
2024-04-18,629057.5,0,1.5571855263064074,10.996876082623222,0.9898340741990156,75.66390995500713,63.94938125585646,12.016783134079436,50.3,-1.7,98.5,0.0
2024-04-19,608557.5,0,4.808034782371371,11.515217825329124,0.8654655823858293,73.99095057607542,71.568538317578,21.179952110711124,50.3,-1.7,98.5,0.0
2024-04-20,570580.5,0,2.679705281836714,10.422272262790411,0.0680909951810742,65.23908511407053,45.430577634888245,12.563617184182592,50.3,-1.7,98.5,0.0
2024-04-21,569890.5,0,3.0761960827510784,10.656985346275924,0.0895936104422598,69.48333880510114,70.19663632576027,12.354281465195378,50.3,-1.7,98.5,0.0
2024-04-22,691942.5,0,3.967019915841527,9.031292190802809,2.960650105025978,84.03312427512651,89.39677893697433,6.88500025755522,50.3,-1.7,98.5,0.0
2024-04-23,662041.5,0,3.850330297664988,9.400206572809202,0.6146664819727329,76.46172537347965,71.64835011601664,13.779143464158272,50.3,-1.7,98.5,0.0
2024-04-24,655287.5,0,2.8965767807146587,9.56650509123356,0.2241790381277616,66.51810006186243,55.61084113231847,13.384011205557586,50.3,-1.7,98.5,0.0
2024-04-25,685738.0,0,2.6130784511969125,10.269888871991736,1.093926878659405,73.65079203454854,70.26265160105913,11.456255183375628,50.3,-1.7,98.5,0.0
2024-04-26,659816.0,0,1.7104395643911408,9.957026358410156,0.8642259626602713,75.62493150813764,65.91205130069689,9.046782569793775,50.3,-1.7,98.5,0.0
2024-04-27,614628.0,0,3.082510012074976,9.85907803160934,3.505024828569033,83.35007304979065,86.38980409268152,14.727233025266964,50.3,-1.7,98.5,0.0
2024-04-28,578620.0,0,4.011107391552041,10.639657473686954,10.34787832587386,84.12726219846677,73.6410017090848,16.109514215818734,50.3,-1.7,98.5,0.0
2024-04-29,590359.5,0,4.603158825636714,12.557533963481006,1.6016195367251616,81.0828852036432,63.21750467594882,20.885569337799097,50.3,-1.7,98.5,0.0
2024-04-30,581352.0,0,7.757215879711508,15.143953574657452,1.9741295740024376,82.9936903888752,69.53874351225164,16.447775285345365,50.3,-1.7,98.5,0.0
2024-05-01,625397.5,0,7.87063549937068,15.990746114727266,2.293783491398885,85.7637270785075,83.24422349437152,10.901121047510886,49.1,2.9,101.3,0.0
2024-05-02,604258.0,0,9.350301115244834,14.742408083521164,4.6970964413982585,91.15229590500724,95.70735638561143,16.106663236285215,49.1,2.9,101.3,0.0
2024-05-03,628763.5,0,8.093425651000015,11.899768805772384,7.689588906525036,91.49209990855869,91.51698535180812,13.803364242828223,49.1,2.9,101.3,0.0
2024-05-04,533318.0,0,7.495511516344983,14.358658152059126,1.974594894530216,83.85367491958007,58.39551700860247,10.44874302295819,49.1,2.9,101.3,0.0
2024-05-05,526202.0,0,7.280326635340412,16.050556798732458,0.7116902931064455,78.15352493208287,52.44493126717906,6.960441224054846,49.1,2.9,101.3,0.0
2024-05-06,553329.0,1,8.61204531054029,14.93775981420618,4.00565165127933,85.84077592105804,76.49984359206302,5.989635830442855,49.1,2.9,101.3,0.0
2024-05-07,588722.0,0,8.73725253799462,15.750355137298444,1.3306118946499572,84.59163404403002,73.69943602475874,7.435302190338102,49.1,2.9,101.3,0.0
2024-05-08,575018.5,0,8.90944169466171,18.85271580299817,0.8104158127594453,78.79457838272042,61.48248959513795,7.821055151485497,49.1,2.9,101.3,0.0
2024-05-09,559924.0,0,9.84884028847168,18.53998474092896,0.8550825664252737,79.09007603472656,54.938605935350814,5.809764198054186,49.1,2.9,101.3,0.0
2024-05-10,551924.5,0,10.816505014397276,20.01216043280587,0.7075791094072443,76.70527873252836,37.28936086104828,7.110752739858902,49.1,2.9,101.3,0.0
2024-05-11,475450.0,0,10.555859608678343,20.15417544341912,0.587650572989674,78.29293643746178,38.68956677306545,10.727479869508636,49.1,2.9,101.3,0.0
2024-05-12,474493.5,0,11.015091506480433,20.74356562211941,3.335838813399461,81.9193712935714,58.5265645772689,11.744612516470626,49.1,2.9,101.3,0.0
2024-05-13,559443.5,0,11.441341645093088,18.52059840896032,3.0990021886661445,84.98232121610813,77.97785897972727,14.625829309365988,49.1,2.9,101.3,0.0
2024-05-14,588414.0,0,11.374328066708154,15.800934356858184,8.72774535884265,90.01630714867562,82.9929138660354,14.968930849558491,49.1,2.9,101.3,0.0
2024-05-15,581395.0,0,10.896010051661028,16.503654579479328,1.3735653697890555,86.07315759195336,77.14770736514495,11.016380680998129,49.1,2.9,101.3,0.0
2024-05-16,610063.5,0,9.771197670496024,15.45570337592809,5.0896998535070175,89.6458175614057,82.90823856141334,8.376529902591264,49.1,2.9,101.3,0.0
2024-05-17,564737.0,0,10.317502902567414,16.549037530282714,1.1728287172963268,86.75717002381802,68.40893555870059,8.350327577660583,49.1,2.9,101.3,0.0
2024-05-18,516061.5,0,10.587390683483935,17.786880109459123,2.9326055564557354,87.58306154291189,76.76628764762708,10.85361117619998,49.1,2.9,101.3,0.0
2024-05-19,467975.5,0,8.872661871918712,19.45248622540593,0.5487939438994327,77.20326508406873,32.433295334205866,10.7713846592735,49.1,2.9,101.3,0.0
2024-05-20,549607.0,0,7.856462324773321,17.31017733137878,0.2536822943264826,77.83801035273632,46.99560607107442,12.306224642489996,49.1,2.9,101.3,0.0
2024-05-21,602119.0,0,7.931777633216288,15.65150180202597,6.659688958429482,82.2724260828814,77.28009085552344,8.605465942594323,49.1,2.9,101.3,0.0
2024-05-22,609597.0,0,10.625337480320692,15.995385858288325,6.27764090606328,91.07373292667064,83.76229795438458,12.462484254708958,49.1,2.9,101.3,0.0
2024-05-23,572306.5,0,8.941207519678079,12.168263375844491,2.813845140529258,86.85446651769853,92.13789302065923,18.390095548068903,49.1,2.9,101.3,0.0
2024-05-24,590051.5,0,7.948343228412263,15.46133270934076,1.088367970309969,80.54304087333718,66.83583605497691,6.825288523314833,49.1,2.9,101.3,0.0
2024-05-25,496969.5,0,7.810902327807431,17.11052132434279,1.7550785386673369,77.71346908071105,59.40239470109948,8.713166760673298,49.1,2.9,101.3,0.0
2024-05-26,483960.5,0,9.567144507410584,15.722823852022907,7.750757919239042,89.09189539496185,82.91218289051457,11.982545409013673,49.1,2.9,101.3,0.0
2024-05-27,478410.0,1,7.984363785744546,14.915960792227562,2.108753601162896,80.2916254107053,63.094858079083096,13.87321504705208,49.1,2.9,101.3,0.0
2024-05-28,582296.0,0,7.310648860278199,14.987303465082766,4.386189497266964,91.89556449342516,80.2087752751415,14.442348815086172,49.1,2.9,101.3,0.0
2024-05-29,555267.0,0,9.85284728524505,16.411752515128143,2.6318169242177887,81.9276088345989,70.43304037605274,15.92823883064767,49.1,2.9,101.3,0.0
2024-05-30,552247.5,0,9.111770021506782,15.987876924994756,3.3030321487309475,82.96453613690284,73.29990651790507,16.542182273980234,49.1,2.9,101.3,0.0
2024-05-31,544183.0,0,8.973378533147418,15.082701672498438,0.7968173750930949,80.28249775207772,61.41200738107772,18.60913186310897,49.1,2.9,101.3,0.0
2024-06-01,491798.5,0,8.260126514934884,16.93640117968896,0.1557218980823876,77.39515578587043,43.62728469613033,15.163755006959525,51.2,-1.5,99.8,0.0
2024-06-02,450455.0,0,8.205850133227967,18.54907361260105,0.1005209407760685,76.87057018853042,38.48543777256903,13.381372248062435,51.2,-1.5,99.8,0.0
2024-06-03,563257.0,0,11.056767798172109,16.983466614573715,0.6085681183765588,84.80273421604494,82.15236456590942,12.494284394809162,51.2,-1.5,99.8,0.0
2024-06-04,561570.0,0,8.248340797312279,16.194647341747377,1.7052014782563154,82.03623824988831,75.4151321129191,16.682021065927007,51.2,-1.5,99.8,0.0
2024-06-05,524958.0,0,5.636632506074984,13.30399076587702,0.8463747197319754,69.88626501350228,53.81833132063253,14.571307896753671,51.2,-1.5,99.8,0.0
2024-06-06,550768.0,0,6.5806658951894095,14.678318832585171,0.91911445139263,70.49790661084623,60.46965112823938,12.689636048657896,51.2,-1.5,99.8,0.0
2024-06-07,528613.5,0,5.94221416718444,15.979761953205353,0.9454489485600144,76.38602774306143,58.143658968982486,15.45844199008185,51.2,-1.5,99.8,0.0
2024-06-08,460883.5,0,7.498590438394635,15.718071804551116,0.6730816162370679,72.93699538539727,49.4700067726573,15.48860327374198,51.2,-1.5,99.8,0.0
2024-06-09,472605.5,0,6.500876640516104,14.277135455481796,2.0461406195561493,77.67023963576898,66.08812320986829,15.723882225714757,51.2,-1.5,99.8,0.0
2024-06-10,540705.0,0,7.116516137217553,13.908054169702211,5.163640196649249,78.69697024087745,75.86210364464608,17.070175883168528,51.2,-1.5,99.8,0.0
2024-06-11,585930.5,0,6.068854283739549,14.05873448429577,2.011846734851389,76.81608814682934,68.93997202298745,11.26059512405556,51.2,-1.5,99.8,0.0
